/*
 Navicat Premium Data Transfer

 Source Server         : 121.205.90.75_mysql
 Source Server Type    : MySQL
 Source Server Version : 50173
 Source Host           : 121.205.90.75
 Source Database       : wxadmin

 Target Server Type    : MySQL
 Target Server Version : 50173
 File Encoding         : utf-8

 Date: 06/28/2015 14:43:34 PM
*/

SET NAMES utf8;
SET FOREIGN_KEY_CHECKS = 0;

-- ----------------------------
--  Table structure for `gd_article`
-- ----------------------------
DROP TABLE IF EXISTS `gd_article`;
CREATE TABLE `gd_article` (
  `articleId` int(11) NOT NULL AUTO_INCREMENT,
  `catId` int(11) NOT NULL,
  `title` varchar(500) DEFAULT NULL,
  `author` varchar(500) DEFAULT NULL,
  `imgUrl` varchar(1024) DEFAULT NULL,
  `description` mediumtext,
  `sourceurl` varchar(500) DEFAULT NULL,
  `digest` varchar(2000) DEFAULT NULL,
  `readCnt` int(20) DEFAULT NULL,
  `followCnt` int(20) DEFAULT NULL,
  `createTime` varchar(14) DEFAULT NULL,
  `hot` int(1) DEFAULT NULL,
  PRIMARY KEY (`articleId`),
  KEY `catId` (`catId`),
  KEY `hot` (`hot`)
) ENGINE=MyISAM AUTO_INCREMENT=465 DEFAULT CHARSET=utf8;

-- ----------------------------
--  Records of `gd_article`
-- ----------------------------
BEGIN;
INSERT INTO `gd_article` VALUES ('280', '101', '长塑简介', '长塑简介', '', '{\"content\":\"<p>长塑简介<br/></p>\"}', null, '长塑简介', '0', '0', '20150413111212', '0'), ('281', '221', '长塑简介', '长塑简介', '', '{\"content\":\"<p>长塑简介</p>\"}', null, '长塑简介', '14', '0', '20150413120540', '0'), ('282', '222', '', '', '/wxadmin/upload/article/150413151944EIHLOZB.plain', '{\"content\":\"\"}', null, '', '0', '0', '20150413152128', '0'), ('283', '222', '', '', '/wxadmin/upload/article/150413151944EIHLOZB.plain', '{\"content\":\"\"}', null, '', '0', '0', '20150413152134', '0'), ('284', '222', '', '', '/wxadmin/upload/article/150413151944EIHLOZB.plain', '{\"content\":\"\"}', null, '', '0', '0', '20150413152140', '0'), ('285', '222', '', '', '/wxadmin/upload/article/150413151944EIHLOZB.plain', '{\"content\":\"\"}', null, '', '0', '0', '20150413152140', '0'), ('286', '222', '', '', '/wxadmin/upload/article/150413151944EIHLOZB.plain', '{\"content\":\"\"}', null, '', '0', '0', '20150413152140', '0'), ('287', '222', '', '', '/wxadmin/upload/article/150413151944EIHLOZB.plain', '{\"content\":\"\"}', null, '', '0', '0', '20150413152140', '0'), ('288', '222', '', '', '/wxadmin/upload/article/150413151944EIHLOZB.plain', '{\"content\":\"\"}', null, '', '0', '0', '20150413152140', '0'), ('289', '222', '', '', '/wxadmin/upload/article/150413151944EIHLOZB.plain', '{\"content\":\"\"}', null, '', '0', '0', '20150413152140', '0'), ('290', '222', '', '', '/wxadmin/upload/article/150413151944EIHLOZB.plain', '{\"content\":\"\"}', null, '', '0', '0', '20150413152141', '0'), ('291', '222', '', '', '/wxadmin/upload/article/150413151944EIHLOZB.plain', '{\"content\":\"\"}', null, '', '0', '0', '20150413152141', '0'), ('292', '222', '', '', '/wxadmin/upload/article/150413151944EIHLOZB.plain', '{\"content\":\"\"}', null, '', '0', '0', '20150413152145', '0'), ('293', '222', '', '', '/wxadmin/upload/article/150413151944EIHLOZB.plain', '{\"content\":\"\"}', null, '', '0', '0', '20150413152145', '0'), ('294', '222', '', '', '/wxadmin/upload/article/150413151944EIHLOZB.plain', '{\"content\":\"\"}', null, '', '0', '0', '20150413152146', '0'), ('295', '222', '', '', '/wxadmin/upload/article/150413151944EIHLOZB.plain', '{\"content\":\"\"}', null, '', '0', '0', '20150413152146', '0'), ('296', '222', '', '', '/wxadmin/upload/article/150413151944EIHLOZB.plain', '{\"content\":\"\"}', null, '', '0', '0', '20150413152146', '0'), ('297', '222', '', '', '/wxadmin/upload/article/150413151944EIHLOZB.plain', '{\"content\":\"\"}', null, '', '0', '0', '20150413152146', '0'), ('298', '222', '', '', '/wxadmin/upload/article/150413151944EIHLOZB.plain', '{\"content\":\"\"}', null, '', '0', '0', '20150413152146', '0'), ('299', '222', '', '', '/wxadmin/upload/article/150413151944EIHLOZB.plain', '{\"content\":\"\"}', null, '', '0', '0', '20150413152147', '0'), ('300', '222', '', '', '/wxadmin/upload/article/150413151944EIHLOZB.plain', '{\"content\":\"\"}', null, '', '0', '0', '20150413152154', '0'), ('302', '221', '', '', '/wxadmin/upload/article/150413152446PZVDTOY.jpeg', '{\"content\":\"<p>厦门长塑实业有限公司是一家集绿色生活材料研发、制造与营销为一体的科技型企业，是全球最大的BOPA双向拉伸尼龙薄膜生产商，中国领先的绿色生活材料提供商。公司秉承着长久呵护你我健康家园，倾力塑造人类绿色空间的企业使命，立足绿色生活材料领域，整合全球先进资源与技术，不断创新与发展，致力于实现成为世界级绿色生活材料的引领者的企业愿景。</p><p>公司拥有按国家级工程技术研究中心标准建设的高分子新材料实验室，并已建成一支高素质、专业化的研发团队，同时还聘请国外产业技术综合研究所首席研究官作为公司技术顾问。公司长期开展深度“产学研”合作，已与杭州师范大学合作设立“长塑新材料研发中心”，并与中国科学院、厦门大学、知名高分子材料研究机构及业内一流企业达成战略合作。自创立以来，长塑始终立足科技创新，自主研发的生产工艺和产品配方现已取得多项国家发明专利。&nbsp;</p><p><br/></p>\"}', null, '', '0', '0', '20150413152449', '0'), ('303', '221', '', '', '/wxadmin/upload/article/150413152446PZVDTOY.jpeg', '{\"content\":\"\"}', null, '', '0', '0', '20150413152454', '0'), ('390', '237', '持恒健身，拥抱变革—“活力长塑”第一届职工运动会圆满举办', '', '/wxadmin/upload/article/150414151207YREBKPB.jpeg', '{\"content\":\"<p><span style=\\\";padding: 0px;color: rgb(102, 102, 102);font-size: 12px;line-height: 24px;text-indent: 28px;background-color: rgb(255, 255, 255);font-family: 宋体\\\">2014</span><span style=\\\";padding: 0px;color: rgb(102, 102, 102);font-size: 12px;line-height: 24px;text-indent: 28px;background-color: rgb(255, 255, 255);font-family: 宋体\\\">年<span style=\\\";padding: 0px\\\">4</span>月<span style=\\\";padding: 0px\\\">26</span>日，风晴日朗，天高云淡。持恒健身，拥抱变革——“活力长塑”第一届职工运动会在海沧区东孚中学圆满举办。长塑实业董事长王哲夫、副总裁牟青英等重要领导以及海沧区工会常委副主席叶通水，东孚镇党委委员、工会联合会主席罗丽萍，东孚学校办公室主任柯振嘉出席开幕式，共享体育盛会。</span></p>\"}', null, '2014年4月26日，风晴日朗，天高云淡。持恒健身，拥抱变革', '18', '0', '20150414122202', '0'), ('305', '221', '', '', '/wxadmin/upload/article/150413152446PZVDTOY.jpeg', '{\"content\":\"\"}', null, '', '0', '0', '20150413152500', '0'), ('306', '221', '', '', '/wxadmin/upload/article/150413152446PZVDTOY.jpeg', '{\"content\":\"\"}', null, '', '0', '0', '20150413152527', '0'), ('307', '221', '', '', '/wxadmin/upload/article/150413152446PZVDTOY.jpeg', '{\"content\":\"\"}', null, '', '0', '0', '20150413152552', '0'), ('308', '221', '', '', '/wxadmin/upload/article/150413152446PZVDTOY.jpeg', '{\"content\":\"\"}', null, '', '0', '0', '20150413152553', '0'), ('309', '221', '', '', '/wxadmin/upload/article/150413152446PZVDTOY.jpeg', '{\"content\":\"\"}', null, '', '0', '0', '20150413152553', '0'), ('310', '221', '', '', '/wxadmin/upload/article/150413152446PZVDTOY.jpeg', '{\"content\":\"\"}', null, '', '0', '0', '20150413152553', '0'), ('383', '249', '担当 拼搏 创造 成长', '', '', '{\"content\":\"<p><span style=\\\"color: rgb(102, 102, 102); font-family: Arial, 微软雅黑; font-size: 12px; line-height: 24px;\\\">• 担当：用百分百的敬业度，人人争当敬业乐群的长塑主人；</span><br style=\\\"margin: 0px; padding: 0px; color: rgb(102, 102, 102); font-family: Arial, 微软雅黑; font-size: 12px; line-height: 24px; white-space: normal;\\\"/><span style=\\\"color: rgb(102, 102, 102); font-family: Arial, 微软雅黑; font-size: 12px; line-height: 24px;\\\">• 拼搏：用百分百的激情度，人人争当拼搏进取的长塑拓疆者；</span><br style=\\\"margin: 0px; padding: 0px; color: rgb(102, 102, 102); font-family: Arial, 微软雅黑; font-size: 12px; line-height: 24px; white-space: normal;\\\"/><span style=\\\"color: rgb(102, 102, 102); font-family: Arial, 微软雅黑; font-size: 12px; line-height: 24px;\\\">• 创造：用百分百的智慧力，人人争当效能创造的长塑主力军；</span><br style=\\\"margin: 0px; padding: 0px; color: rgb(102, 102, 102); font-family: Arial, 微软雅黑; font-size: 12px; line-height: 24px; white-space: normal;\\\"/><span style=\\\"color: rgb(102, 102, 102); font-family: Arial, 微软雅黑; font-size: 12px; line-height: 24px;\\\">• 成长：用百分百的汲取力，人人争当基业长青的长塑捍卫者。</span></p>\"}', null, '', '6', '0', '20150414121701', '0'), ('312', '241', '技术创新，长塑腾飞的引擎', '', '/wxadmin/upload/article/150413153535YCTNEYL.jpeg', '{\"content\":\"<p style=\\\"margin: 10px auto; padding: 0px; font-size: 12px; color: rgb(102, 102, 102); font-family: Arial, 微软雅黑; line-height: 20px; white-space: normal;\\\">• &nbsp;&nbsp;&nbsp;&nbsp;创新是长塑在薄膜应用领域研究发展的核心竞争力。</p><p style=\\\"margin: 10px auto; padding: 0px; font-size: 12px; color: rgb(102, 102, 102); font-family: Arial, 微软雅黑; line-height: 20px; white-space: normal;\\\">• &nbsp;&nbsp; &nbsp;&nbsp;在产品研发、工艺技术、设备工程、自动化等领域始终追寻创新解决方案。</p><p style=\\\"margin: 10px auto; padding: 0px; font-size: 12px; color: rgb(102, 102, 102); font-family: Arial, 微软雅黑; line-height: 20px; white-space: normal;\\\">• &nbsp;&nbsp;&nbsp;&nbsp;实现持续的增长和行业领先。</p><p><br/></p>\"}', null, '摘要 位置', '4', '0', '20150413153601', '0'), ('313', '222', '标题', '', '/wxadmin/upload/article/150413153612BEEZESL.png', '{\"content\":\"<p>长塑是一家提供绿色生活材料的科技型企业，致力于人类生活品质的改善和提高。我们不断追求客户、股东、员工、合作伙伴、社会的和谐共生，共同发展，也关注健康安全、环境友好和资源节约，并致力于成为社会的优秀企业公民。</p>\"}', null, '', '0', '0', '20150413153645', '0'), ('314', '242', '掌握资源，成为行业引领者', '', '/wxadmin/upload/article/150413153651SXILUMY.jpeg', '{\"content\":\"<p style=\\\"margin: 10px auto; padding: 0px; font-size: 12px; color: rgb(102, 102, 102); font-family: Arial, 微软雅黑; line-height: 20px; white-space: normal;\\\">• &nbsp;&nbsp;&nbsp;&nbsp;长塑拥有高素质和专业化的研发团队，配备了先进的研究开发设备，自主研发多项生产工艺和产品配方并获得国家专利。</p><p style=\\\"margin: 10px auto; padding: 0px; font-size: 12px; color: rgb(102, 102, 102); font-family: Arial, 微软雅黑; line-height: 20px; white-space: normal;\\\">• &nbsp;&nbsp;&nbsp;&nbsp;以全球化的视野和多元化的思维与众多知名大学、科研院所及公司积极合作。</p><p style=\\\"margin: 10px auto; padding: 0px; font-size: 12px; color: rgb(102, 102, 102); font-family: Arial, 微软雅黑; line-height: 20px; white-space: normal;\\\">• &nbsp;&nbsp;&nbsp;&nbsp;雄厚的研发资源形成了一个庞大的合作网络，快速充实和提升了长塑的研究实力。</p><p style=\\\"margin: 10px auto; padding: 0px; font-size: 12px; color: rgb(102, 102, 102); font-family: Arial, 微软雅黑; line-height: 20px; white-space: normal;\\\">• &nbsp;&nbsp;&nbsp;&nbsp;紧密贴合市场需求，不断推动已有产品的突破和升级，持续投入开拓研发实力。</p><p style=\\\"margin: 10px auto; padding: 0px; font-size: 12px; color: rgb(102, 102, 102); font-family: Arial, 微软雅黑; line-height: 20px; white-space: normal;\\\">• &nbsp;&nbsp;&nbsp;&nbsp;着眼于前沿技术和未来产品的研发储备，引领中国和全球市场的发展方向。</p><p><br/></p>\"}', null, '空', '0', '0', '20150413153730', '0'), ('389', '230', 'BOPA薄膜产品', '', '', '{\"content\":\"<p style=\\\"margin-top: 0px; margin-bottom: 0px; padding: 0px; font-size: 12px; color: rgb(102, 102, 102); font-family: Arial, 微软雅黑; line-height: 20px; white-space: normal;\\\">&nbsp; &nbsp; &nbsp; BOPA薄膜是由已内酰胺（CPL）开环聚合得到的尼龙6（PA6）制成的，将这种原料在专用设备上经过熔融挤出流延，再进行纵向、横向拉伸制成薄膜，即双向拉伸尼龙薄膜。目前，BOPA薄膜已成为继BOPP 、BOPET 薄膜之后的拉伸薄膜家族中的第三大品种。</p><p><br style=\\\"margin: 0px; padding: 0px; color: rgb(102, 102, 102); font-family: Arial, 微软雅黑; font-size: 12px; line-height: 20px; white-space: normal;\\\"/></p><p style=\\\"margin-top: 0px; margin-bottom: 0px; padding: 0px; font-size: 12px; color: rgb(102, 102, 102); font-family: Arial, 微软雅黑; line-height: 20px; white-space: normal;\\\">&nbsp;&nbsp;&nbsp;&nbsp;&nbsp;&nbsp;BOPA 薄膜具有非常优异的产品性能：</p><p style=\\\"margin-top: 0px; margin-bottom: 0px; padding: 0px; font-size: 12px; color: rgb(102, 102, 102); font-family: Arial, 微软雅黑; line-height: 20px; white-space: normal;\\\">&nbsp;&nbsp; &nbsp;&nbsp;&nbsp;&nbsp; 1、极其优异的拉伸强度、抗穿刺强度；</p><p style=\\\"margin-top: 0px; margin-bottom: 0px; padding: 0px; font-size: 12px; color: rgb(102, 102, 102); font-family: Arial, 微软雅黑; line-height: 20px; white-space: normal;\\\">&nbsp;&nbsp;&nbsp;&nbsp; &nbsp;&nbsp; 2、对常见气体（O<sub style=\\\"margin: 0px; padding: 0px;\\\">2</sub>&nbsp;、N<sub style=\\\"margin: 0px; padding: 0px;\\\">2</sub>&nbsp;、CO<sub style=\\\"margin: 0px; padding: 0px;\\\">2</sub>&nbsp;）和气味具有较好的阻隔效果；</p><p style=\\\"margin-top: 0px; margin-bottom: 0px; padding: 0px; font-size: 12px; color: rgb(102, 102, 102); font-family: Arial, 微软雅黑; line-height: 20px; white-space: normal;\\\">&nbsp;&nbsp;&nbsp;&nbsp; &nbsp;&nbsp; 3、可使用温度范围宽广（-60℃-150℃）；</p><p style=\\\"margin-top: 0px; margin-bottom: 0px; padding: 0px; font-size: 12px; color: rgb(102, 102, 102); font-family: Arial, 微软雅黑; line-height: 20px; white-space: normal;\\\">&nbsp;&nbsp; &nbsp;&nbsp;&nbsp;&nbsp; 4、印刷性能优良；</p><p style=\\\"margin-top: 0px; margin-bottom: 0px; padding: 0px; font-size: 12px; color: rgb(102, 102, 102); font-family: Arial, 微软雅黑; line-height: 20px; white-space: normal;\\\">&nbsp;&nbsp;&nbsp;&nbsp; &nbsp;&nbsp; 5、良好的柔韧性、耐冲击、耐磨性、透明度、光泽度高；</p><p style=\\\"margin-top: 0px; margin-bottom: 0px; padding: 0px; font-size: 12px; color: rgb(102, 102, 102); font-family: Arial, 微软雅黑; line-height: 20px; white-space: normal;\\\">&nbsp;&nbsp; &nbsp;&nbsp;&nbsp;&nbsp; 6、耐酸、碱、油脂及各种常见有机溶剂。</p><p><br/></p>\"}', null, '', '1', '0', '20150414122131', '0'), ('388', '225', '长塑TV', '', '/wxadmin/upload/article/150414152718FOEINMA.jpeg', '{\"content\":\"\"}', null, '', '9', '0', '20150414122053', '0'), ('316', '243', '质量是长塑的信誉和生命之泉', '', '/wxadmin/upload/article/150413153756XSGSQSP.jpeg', '{\"content\":\"<p style=\\\"margin: 10px auto; padding: 0px; font-size: 12px; color: rgb(102, 102, 102); font-family: Arial, 微软雅黑; line-height: 20px; white-space: normal;\\\">• &nbsp;&nbsp;&nbsp;&nbsp;长塑拥有先进的检测设备、优秀的质量检验团队,建立了科学完整的质量保障流程与体系，大力推行全面质量管理,为客户提供品质优良和稳定的产品。</p><p style=\\\"margin: 10px auto; padding: 0px; font-size: 12px; color: rgb(102, 102, 102); font-family: Arial, 微软雅黑; line-height: 20px; white-space: normal;\\\">• &nbsp;&nbsp;&nbsp;&nbsp;执行标准： GB/T20218-2006《双向拉伸聚酰胺（尼龙）薄膜》。符合国家标准GB1632《食品包装材料用尼龙成型品卫生标准》可用于食品包装。</p><p style=\\\"margin: 10px auto; padding: 0px; font-size: 12px; color: rgb(102, 102, 102); font-family: Arial, 微软雅黑; line-height: 20px; white-space: normal;\\\">• &nbsp;&nbsp;&nbsp;&nbsp;公司目前通过如下认证：</p><p style=\\\"margin: 10px auto; padding: 0px; font-size: 12px; color: rgb(102, 102, 102); font-family: Arial, 微软雅黑; line-height: 20px; white-space: normal;\\\">&nbsp;&nbsp;&nbsp;&nbsp;&nbsp; 1、BSI（英国标准协会）ISO9001:2008质量认证；</p><p style=\\\"margin: 10px auto; padding: 0px; font-size: 12px; color: rgb(102, 102, 102); font-family: Arial, 微软雅黑; line-height: 20px; white-space: normal;\\\">&nbsp;&nbsp;&nbsp;&nbsp;&nbsp; 2、QS认证；</p><p style=\\\"margin: 10px auto; padding: 0px; font-size: 12px; color: rgb(102, 102, 102); font-family: Arial, 微软雅黑; line-height: 20px; white-space: normal;\\\">&nbsp;&nbsp;&nbsp;&nbsp;&nbsp; 3、FDA 21 CFR 177.1500；</p><p style=\\\"margin: 10px auto; padding: 0px; font-size: 12px; color: rgb(102, 102, 102); font-family: Arial, 微软雅黑; line-height: 20px; white-space: normal;\\\">&nbsp;&nbsp;&nbsp;&nbsp;&nbsp; 4、EC 207/19/EC；</p><p style=\\\"margin: 10px auto; padding: 0px; font-size: 12px; color: rgb(102, 102, 102); font-family: Arial, 微软雅黑; line-height: 20px; white-space: normal;\\\">&nbsp;&nbsp;&nbsp;&nbsp;&nbsp; 5、REACH SVHC。</p><p><br/></p>\"}', null, '摘要', '0', '0', '20150413153822', '0'), ('387', '224', '文化图腾', '', '', '{\"content\":\"<p style=\\\"margin: 2px auto 0px; padding: 0px; color: rgb(102, 102, 102); font-family: 微软雅黑; line-height: 20px; white-space: normal;\\\">族徽-<span style=\\\"margin: 0px; padding: 0px; color: rgb(24, 113, 39);\\\">长青树</span></p><p><br style=\\\"margin: 0px; padding: 0px; color: rgb(102, 102, 102); font-family: Arial, 微软雅黑; font-size: 12px; line-height: 20px; white-space: normal;\\\"/><span style=\\\"margin: 0px; padding: 0px; color: rgb(102, 102, 102); font-size: 12px; line-height: 20px; font-family: 微软雅黑;\\\">• &nbsp;&nbsp; &nbsp;&nbsp;长青树是我们长塑的族徽，也是我们事业的图腾。树是“塑”的谐音字，也是公司“五速发展策略”和“绿色产业”的象征。</span><span style=\\\"color: rgb(102, 102, 102); font-family: Arial, 微软雅黑; font-size: 12px; line-height: 20px;\\\"></span></p><p style=\\\"margin: 2px auto 0px; padding: 0px; font-size: 12px; color: rgb(102, 102, 102); font-family: 微软雅黑, &#39;Microsoft YaHei&#39;; line-height: 21px; white-space: normal;\\\"><br/></p><p style=\\\"margin: 2px auto 0px; padding: 0px; font-size: 12px; color: rgb(102, 102, 102); font-family: 微软雅黑, &#39;Microsoft YaHei&#39;; line-height: 21px; white-space: normal;\\\"><span style=\\\"margin: 0px; padding: 0px; font-family: 微软雅黑;\\\">• &nbsp;&nbsp; &nbsp;&nbsp;长青树是生命的象征，也是使命的象征；是速度的象征，也是持恒的象征。</span></p><p style=\\\"margin: 2px auto 0px; padding: 0px; font-size: 12px; color: rgb(102, 102, 102); font-family: 微软雅黑, &#39;Microsoft YaHei&#39;; line-height: 21px; white-space: normal;\\\"><span style=\\\"margin: 0px; padding: 0px; font-family: 微软雅黑;\\\">• &nbsp;&nbsp; &nbsp;&nbsp;长塑有如长青树，具有强大的生命力、创造力和强烈的使命感，兴绿色实业，不断整合先进资源与技术，速育才、速创新、速周转、速覆盖、速扩张，持恒发展，为社会创造更多价值，以绿色产业回报社会。</span></p><p style=\\\"margin: 2px auto 0px; padding: 0px; font-size: 12px; color: rgb(102, 102, 102); font-family: 微软雅黑, &#39;Microsoft YaHei&#39;; line-height: 21px; white-space: normal;\\\"><br style=\\\"margin: 0px; padding: 0px;\\\"/><br style=\\\"margin: 0px; padding: 0px;\\\"/></p><p style=\\\"margin: 2px auto 0px; padding: 0px; color: rgb(102, 102, 102); font-family: 微软雅黑; line-height: 20px; white-space: normal;\\\">族群-<span style=\\\"margin: 0px; padding: 0px; color: rgb(24, 113, 39);\\\">长青林</span></p><p><br style=\\\"margin: 0px; padding: 0px; color: rgb(102, 102, 102); font-family: Arial, 微软雅黑; font-size: 12px; line-height: 20px; white-space: normal;\\\"/></p><p style=\\\"margin: 2px auto 0px; padding: 0px; font-size: 12px; color: rgb(102, 102, 102); font-family: 微软雅黑, &#39;Microsoft YaHei&#39;; line-height: 21px; white-space: normal;\\\"><span style=\\\"margin: 0px; padding: 0px; font-family: 微软雅黑;\\\">• &nbsp;&nbsp; &nbsp;&nbsp;长塑以“树”为企业文化象征，立长塑之道，植长塑之林。</span></p><p style=\\\"margin: 2px auto 0px; padding: 0px; font-size: 12px; color: rgb(102, 102, 102); font-family: 微软雅黑, &#39;Microsoft YaHei&#39;; line-height: 21px; white-space: normal;\\\"><span style=\\\"margin: 0px; padding: 0px; font-family: 微软雅黑;\\\">• &nbsp;&nbsp; &nbsp;&nbsp;长塑之“道”，即长期耕耘管理、快速开拓运营，实现树大根深、基业长青；长塑之“林”，即汇各界英才，聚八方翘楚，领行业发展，成行业风向标。</span></p><p style=\\\"margin: 2px auto 0px; padding: 0px; font-size: 12px; color: rgb(102, 102, 102); font-family: 微软雅黑, &#39;Microsoft YaHei&#39;; line-height: 21px; white-space: normal;\\\"><span style=\\\"margin: 0px; padding: 0px; font-family: 微软雅黑;\\\">• &nbsp;&nbsp; &nbsp;&nbsp;天地有域，大道无疆，长塑行长塑之道、兴长塑之林，独树长塑之人文精神和经营哲学，推动长塑永续发展，迈向全球</span></p><p><br/></p>\"}', null, '长青树', '0', '0', '20150414122006', '1'), ('318', '244', '一流的生产设备，一流的制造团队', '', '/wxadmin/upload/article/150413153853PEKPPFQ.jpeg', '{\"content\":\"<p style=\\\"margin: 10px auto; padding: 0px; font-size: 12px; color: rgb(102, 102, 102); font-family: Arial, 微软雅黑; line-height: 20px; white-space: normal;\\\">• &nbsp;&nbsp;&nbsp;&nbsp;长塑分别从德国、日本、奥地利等国，引进世界最先进的生产设备，目前拥有多条BOPA生产线。</p><p style=\\\"margin: 10px auto; padding: 0px; font-size: 12px; color: rgb(102, 102, 102); font-family: Arial, 微软雅黑; line-height: 20px; white-space: normal;\\\">• &nbsp;&nbsp;&nbsp;&nbsp;自动化程度高，性能稳定，可随时针对不同客户需求和市场变化情况调整产品结构，产品各项物理机械性能指标均达到世界先进水平，具有强劲的市场竞争力。</p><p style=\\\"margin: 10px auto; padding: 0px; font-size: 12px; color: rgb(102, 102, 102); font-family: Arial, 微软雅黑; line-height: 20px; white-space: normal;\\\">• &nbsp;&nbsp;&nbsp;&nbsp;长塑拥有一支卓越、稳定的生产制造团队，不断进行生产技术、设备工程、管理技术改进、改善制程、节约能源等领域的改进、创新，致力于为客户提供高品质、稳定的产品，捍卫长塑在品质和成本方面的领先地位。</p><p><br/></p>\"}', null, '', '1', '0', '20150413153856', '0'), ('380', '249', '长塑，成就世界模范', '', '', '{\"content\":\"<p><span style=\\\"color: rgb(102, 102, 102); font-family: Arial, 微软雅黑; font-size: 12px; line-height: 24px;\\\">&nbsp; &nbsp; &nbsp; 膜事业是长塑事业的起点，也是重点。长塑在已有资源、技术与规模优势的基础上，通过产品创新和经营领先策略，不断整合资源和创新技术，不断丰富膜产品的系列及品类，拓展膜产品的应用及推广，使长塑膜成为人类健康安全生活的卫士，使长塑成为中国膜领域的风向标，世界膜领域的领航者。</span></p>\"}', null, '', '4', '0', '20150414121550', '0'), ('394', '237', '《长塑之速》荣获中国品牌内刊•2014年度优秀“好杂志”一等奖', '', '/wxadmin/upload/article/150414150622TGWMKIL.jpeg', '{\"content\":\"<p style=\\\"margin-top: 0px; margin-bottom: 0px; padding: 0px; font-size: 12px; color: rgb(102, 102, 102); font-family: Arial, 微软雅黑; line-height: 24px; white-space: normal; background-color: rgb(255, 255, 255);\\\">2014年年底，《长塑之速》内刊参评《中国品牌内刊•2014年度优秀内部报刊评选和中国品牌内刊榜推荐活动》。经过评选办公室整理、评审委员会认真筛选评议，为期近5个月的评选评审后，2015年3月3日，《长塑之速》内刊最终从全国32个省市的企事业单位选送的刊物中，最终入选2014年度优秀内刊奖项名单，荣获2014年度优秀“好杂志”一等奖荣誉。</p><p style=\\\"margin-top: 0px; margin-bottom: 0px; padding: 0px; font-size: 12px; color: rgb(102, 102, 102); font-family: Arial, 微软雅黑; line-height: 24px; white-space: normal; background-color: rgb(255, 255, 255);\\\">&nbsp; &nbsp; &nbsp; &nbsp;2014年，我们顺应公司发展战略规划、市场需求和企业文化发展步伐，对内刊进行了升级改版，并得到员工以及其他读者的一致好评。2015年，公司将加强与行业协会及知名企业内刊交流，并将向公众平台推送优质稿件，进一步加强内刊的质量提升。未来我们期许自我成长为公司内的人文内刊，行业内的品牌内刊，国内的优秀内刊，充分发挥内刊在企业文化建设、企业形象展示、企业品牌塑造、企业产品推广、客户关系维系等多方面的积极作用。</p><p><br/></p>\"}', null, '2014年年底，《长塑之速》内刊参评《中国品牌内刊•2014', '5', '0', '20150414122308', '0'), ('461', '294', '1221', '21212', '/wxadmin/upload/article/150515145803CZOLIQQ.jpeg', '{\"weiboName\":\"123213\",\"weiboDesc\":\"123213\",\"weibo\":\"123213\",\"weiboLogo\":\"/wxadmin/upload/article/150515145809CUUWVRG.jpeg\"}', null, '123123', '1', '0', '20150515145816', '0'), ('399', '238', '日本塑料/薄膜展：塑料材料的创新方向', '', '/wxadmin/upload/article/150414151322AACQNRF.jpeg', '{\"content\":\"<p style=\\\"margin-top: 0px; margin-bottom: 0px; padding: 0px; font-size: 12px; color: rgb(102, 102, 102); font-family: Arial, 微软雅黑; line-height: 24px; white-space: normal; background-color: rgb(255, 255, 255);\\\">平板显示(FPD)、有机发光电子版(OEL)、柔性电路板(FPC)、软性显示设备，这些专业词汇因智能设备普及而被普通民众逐渐熟知，4K超高清显示、曲面显示、可折叠屏幕等今年引爆的新技术，正指引着塑料材料新一轮的创新方向。在樱花季节刚刚过去的时候，记者在日本东京有明国际展览中心举行的第三届日本高功能塑料展(3rdPLASTICJAPAN)、第五届日本高功能薄膜展(5thFILMTECHJAPAN)上，充分感受到了这一点。</p><p style=\\\"margin-top: 0px; margin-bottom: 0px; padding: 0px; font-size: 12px; color: rgb(102, 102, 102); font-family: Arial, 微软雅黑; line-height: 24px; white-space: normal; background-color: rgb(255, 255, 255);\\\">手机、数码相机、平板显示、OEL……从十几年前的折叠手机，到最in的折叠屏幕手机，一应俱全。这个一下子吸引了记者目光的展台，位于展厅最东边入口处。它不是数码产品公司，也不是数码配件公司，而是一家规模不大的材料开发商——GOYO公司。细一打听，这家公司此次展出的主打产品是正在开发中的、具有高度形状保持性的膜产品。该产品以PET为基材，局部进行UV固化，热成型和真空压缩成型性好。</p><p style=\\\"margin-top: 0px; margin-bottom: 0px; padding: 0px; font-size: 12px; color: rgb(102, 102, 102); font-family: Arial, 微软雅黑; line-height: 24px; white-space: normal; background-color: rgb(255, 255, 255);\\\">“GOYO展出的一款产品在OD值(光密度)指标上有不小的优势，可以让电视的整机厚度变薄。以前的材料OD值是30，现在已经可以达到40以上了。不过这款产品还在开发中，这次我要了一些资料，回去研究一下看是否可以合作。”专程从广东来看展览的广州毅昌科技股份有限公司背光研究所所长陈金涌对记者说。</p><p style=\\\"margin-top: 0px; margin-bottom: 0px; padding: 0px; font-size: 12px; color: rgb(102, 102, 102); font-family: Arial, 微软雅黑; line-height: 24px; white-space: normal; background-color: rgb(255, 255, 255);\\\">富士胶片株式会社(FUJIFILM)重点推介的是一款可以实现高速成像、高画质、高色彩还原度的膜产品。这款产品由三层膜复合而成，仅中间层就至少集成了5种不同的技术。</p><p style=\\\"margin-top: 0px; margin-bottom: 0px; padding: 0px; font-size: 12px; color: rgb(102, 102, 102); font-family: Arial, 微软雅黑; line-height: 24px; white-space: normal; background-color: rgb(255, 255, 255);\\\">从小就使用富士胶卷的记者，这次终于抓住机会对数字时代的富士在干什么一探究竟。富士胶片株式会社研发本部总经理浅见正弘在展览上介绍道：“从基体材料的总体发展历史来看，如果说20世纪是材料合成的世纪，那么21世纪就是材料杂化改性的时期。”在他看来，膜材料复合化已经不可逆，通过对具有一定硬度的表层材料的改性来满足抗划，选用PET/PV来达到耐候的要求，透明导电膜来实现电子传输的要求，超疏水材料来提升耐水性……</p><p style=\\\"margin-top: 0px; margin-bottom: 0px; padding: 0px; font-size: 12px; color: rgb(102, 102, 102); font-family: Arial, 微软雅黑; line-height: 24px; white-space: normal; background-color: rgb(255, 255, 255);\\\">浅见正弘表示：“今后工业和功能化学品的发展方向将主要集中在电子电气产品、汽车和宇宙空间领域、生命医药科技、水处理和食品工业，以及解决环境和能源问题。而在电子设备领域，其方向主要是为智能手机/平板配套的功能化材料，以及下一代电子设备所需要的材料，这恰恰是FUJIFILM的战略重点。”</p><p style=\\\"margin-top: 0px; margin-bottom: 0px; padding: 0px; font-size: 12px; color: rgb(102, 102, 102); font-family: Arial, 微软雅黑; line-height: 24px; white-space: normal; background-color: rgb(255, 255, 255);\\\">凹版印刷株式会社带来了全球首款渗透指标(lineup)低至10-5~10-3g/cm2·day的下一代阻隔级膜产品。凹版印刷株式会社商务发展和研究部本部长伊沢太郎说：“出于环境友好的考虑，我们必须同时达到透明性最大化和高阻隔性能。除了传统的阻隔领域，该产品还可以用于电子书生产，作为电子纸张的保护层，保护其不受潮湿的影响;也可以作为EL/柔性太阳能电池的材料，不仅让产品变轻薄，同时高阻隔性能还能够降低产品划伤和折断的风险。通过我们的努力，该产品已能量产。”</p><p style=\\\"margin-top: 0px; margin-bottom: 0px; padding: 0px; font-size: 12px; color: rgb(102, 102, 102); font-family: Arial, 微软雅黑; line-height: 24px; white-space: normal; background-color: rgb(255, 255, 255);\\\">水处理膜产品在中国知名度非常高的东丽工业公司，则重点推出了一款可加强金属光泽的纳米膜。该产品对电波有良好的透过性，防尘且易成型，已在智能手机、笔记本电脑、家用电器、汽车等领域获得应用。</p><p style=\\\"margin-top: 0px; margin-bottom: 0px; padding: 0px; font-size: 12px; color: rgb(102, 102, 102); font-family: Arial, 微软雅黑; line-height: 24px; white-space: normal; background-color: rgb(255, 255, 255);\\\">放眼望去，Somar公司、TOYO公司的防指纹、防粘污膜，Momentive公司的平板显示组装黏合剂、OLED材料……塑料、膜材料展上让你眼花缭乱的智能显示材料，与隔壁展厅平板显示的热闹场景，真是遥相呼应!难怪展览主办方日本励展公司称“Pad”素材是今年展会的大亮点。</p><p><br/></p>\"}', null, '平板显示(FPD)、有机发光电子版(OEL)、柔性电路板（F', '4', '0', '20150414122414', '0'), ('396', '238', '尼龙“冷转移”技术开辟尼龙印花新途径', '', '/wxadmin/upload/article/150414150606GIIMUXA.jpeg', '{\"content\":\"<p><span style=\\\"color: rgb(102, 102, 102); font-family: Arial, 微软雅黑; font-size: 12px; line-height: 24px; background-color: rgb(255, 255, 255);\\\">尼龙不耐热，无法承受传统印花方式下产生的热量，这是纺织印花中一个瓶颈。近日，位于吴江盛泽的易瑞纺织整理有限公司，斥巨资研发的尼龙“冷转移”印花技术，一举打破了这一技术限制，开辟了尼龙印花新途径。&nbsp;</span><br style=\\\"margin: 0px; padding: 0px; color: rgb(102, 102, 102); font-family: Arial, 微软雅黑; font-size: 12px; line-height: 24px; white-space: normal; background-color: rgb(255, 255, 255);\\\"/><span style=\\\"color: rgb(102, 102, 102); font-family: Arial, 微软雅黑; font-size: 12px; line-height: 24px; background-color: rgb(255, 255, 255);\\\">&nbsp;&nbsp; 尼龙是世界上出现的第一种合成纤维，具有高强度、高耐磨性、高抗化学性等特点。做成面料后，不仅光泽度高，而且手感较滑。但是，尼龙也有短板，不易着色，导致市面上大多数尼龙面料色彩单一，无法满足市场需要。&nbsp;</span><br style=\\\"margin: 0px; padding: 0px; color: rgb(102, 102, 102); font-family: Arial, 微软雅黑; font-size: 12px; line-height: 24px; white-space: normal; background-color: rgb(255, 255, 255);\\\"/><span style=\\\"color: rgb(102, 102, 102); font-family: Arial, 微软雅黑; font-size: 12px; line-height: 24px; background-color: rgb(255, 255, 255);\\\">&nbsp;&nbsp; “为了保留尼龙纤维特有的性质，一般对其后加工的温度在160℃。传统水印花技术虽然可以满足这一温度的要求，但花形尺寸及效果、颜色套数以及面料高损耗，严重限制了高端尼龙面料的设计与开发。”易瑞纺整董事长顾明伟说，采用常规热转移印花技术，虽然可以实现花形尺寸及效果的突破，但热升华时的温度高达200℃以上，极大破坏了尼龙面料独有的特性，而且颜色稳定性差，会随着温度及湿度无规则变化。&nbsp;</span><br style=\\\"margin: 0px; padding: 0px; color: rgb(102, 102, 102); font-family: Arial, 微软雅黑; font-size: 12px; line-height: 24px; white-space: normal; background-color: rgb(255, 255, 255);\\\"/><span style=\\\"color: rgb(102, 102, 102); font-family: Arial, 微软雅黑; font-size: 12px; line-height: 24px; background-color: rgb(255, 255, 255);\\\">&nbsp;&nbsp; 如何从这些传统工艺中萃取精华，并将它们完美结合?2011年，易瑞纺整与与常州一研发机构合作，开始攻克这一行业性难题。&nbsp;</span><br style=\\\"margin: 0px; padding: 0px; color: rgb(102, 102, 102); font-family: Arial, 微软雅黑; font-size: 12px; line-height: 24px; white-space: normal; background-color: rgb(255, 255, 255);\\\"/><span style=\\\"color: rgb(102, 102, 102); font-family: Arial, 微软雅黑; font-size: 12px; line-height: 24px; background-color: rgb(255, 255, 255);\\\">&nbsp;&nbsp; 顾明伟首先将方向瞄准了常温印花。此举在技术上并不难，但问题随之而来。采用热转移印花纸作“印花”载体，温度降低后，转移印花纸的“印花”能力大幅下降，色彩损耗严重。&nbsp;</span><br style=\\\"margin: 0px; padding: 0px; color: rgb(102, 102, 102); font-family: Arial, 微软雅黑; font-size: 12px; line-height: 24px; white-space: normal; background-color: rgb(255, 255, 255);\\\"/><span style=\\\"color: rgb(102, 102, 102); font-family: Arial, 微软雅黑; font-size: 12px; line-height: 24px; background-color: rgb(255, 255, 255);\\\">&nbsp;&nbsp; “要想突破这一瓶颈，就得从‘载体’上动脑筋。”经过反复试验，一种特殊的薄膜进入了顾明伟的视线。“薄膜不会吸收染料，不产生损耗，印好后没有残留。而且，薄膜替代纸张更加节能环保。”同时，研发团队又不断改进染料成分与设备工艺的适应性。历时两年，成功掌握尼龙“冷转移”印花技术。&nbsp;</span><br style=\\\"margin: 0px; padding: 0px; color: rgb(102, 102, 102); font-family: Arial, 微软雅黑; font-size: 12px; line-height: 24px; white-space: normal; background-color: rgb(255, 255, 255);\\\"/><span style=\\\"color: rgb(102, 102, 102); font-family: Arial, 微软雅黑; font-size: 12px; line-height: 24px; background-color: rgb(255, 255, 255);\\\">&nbsp;&nbsp; 该技术采用四分色分色原理，可以在织物上印制出具有层次感、色彩丰富的图案。整个印花过程在常温下进行，可保持超薄型尼丝纺的柔软手感、酸性染料的完美应用，以及印后的蒸化水洗工艺，使得冷转印的色牢度在各方面都表现得十分优异。&nbsp;</span><br style=\\\"margin: 0px; padding: 0px; color: rgb(102, 102, 102); font-family: Arial, 微软雅黑; font-size: 12px; line-height: 24px; white-space: normal; background-color: rgb(255, 255, 255);\\\"/><span style=\\\"color: rgb(102, 102, 102); font-family: Arial, 微软雅黑; font-size: 12px; line-height: 24px; background-color: rgb(255, 255, 255);\\\">&nbsp;&nbsp; 记者在该公司展示厅内看到，这里陈列的尼龙面料，均为细支高密产品，色彩丰富、立体感强。尤其是一款迷彩面料，远看就像一片树林，非常逼真。顾明伟说，借助这一创新的技术，他们已获发明专利1项，实用新型专利2项，做出的花形达两三百个，并吸引了大批国内外品牌采购商前来合作。</span></p>\"}', null, '尼龙不耐热，无法承受传统印花方式下产生的热量，这是纺织印花中', '2', '0', '20150414122329', '0'), ('358', '248', '长塑简介', '', '/wxadmin/upload/article/150414120305BYKHSJZ.jpeg', '{\"content\":\"<p style=\\\"margin: 2px auto 0px; padding: 0px; font-size: 12px; color: rgb(102, 102, 102); font-family: 微软雅黑, &#39;Microsoft YaHei&#39;; line-height: 21px; white-space: normal;\\\">厦门长塑实业有限公司是一家集绿色生活材料研发、制造与营销为一体的科技型企业，是全球最大的BOPA双向拉伸尼龙薄膜生产商，中国领先的绿色生活材料提供商。公司秉承着“长久呵护你我健康家园，倾力塑造人类绿色空间”的企业使命，立足绿色生活材料领域，整合全球先进资源与技术，不断创新与发展，致力于实现“成为世界级绿色生活材料的引领者”的企业愿景。</p><p style=\\\"margin: 2px auto 0px; padding: 0px; font-size: 12px; color: rgb(102, 102, 102); font-family: 微软雅黑, &#39;Microsoft YaHei&#39;; line-height: 21px; white-space: normal;\\\">&nbsp;&nbsp;&nbsp;&nbsp;&nbsp;&nbsp;公司拥有按国家级工程技术研究中心标准建设的高分子新材料实验室，并已建成一支高素质、专业化的研发团队，同时还聘请国外产业技术综合研究所首席研究官作为公司技术顾问。公司长期开展深度“产学研”合作，已与杭州师范大学合作设立“长塑新材料研发中心”，并与中国科学院、厦门大学、知名高分子材料研究机构及业内一流企业达成战略合作。自创立以来，长塑始终立足科技创新，自主研发的生产工艺和产品配方现已取得多项国家发明专利。</p><p style=\\\"margin: 2px auto 0px; padding: 0px; font-size: 12px; color: rgb(102, 102, 102); font-family: 微软雅黑, &#39;Microsoft YaHei&#39;; line-height: 21px; white-space: normal;\\\">&nbsp;&nbsp;&nbsp;&nbsp;&nbsp;&nbsp;公司本着“速以制胜 恒以致远”的企业精神，经过多年发展与积淀，形成了科学的耕耘式管理体系，并拥有一支优秀的企业经营与管理团队。同时，公司从德国、奥地利等国引进尖端的研发生产设备和精湛的检测技术，可随时为市场提供全方位高品质产品与服务。目前，公司产品行销全国三十多个省、市、自治区乃至全球，优质的产品和服务赢得了广大客户的一致赞誉。</p><p style=\\\"margin: 2px auto 0px; padding: 0px; font-size: 12px; color: rgb(102, 102, 102); font-family: 微软雅黑, &#39;Microsoft YaHei&#39;; line-height: 21px; white-space: normal;\\\">&nbsp;&nbsp;&nbsp;&nbsp;&nbsp;&nbsp;未来，长塑不仅致力于用科技为人类提供更多更优质的绿色生活材料产品，同时也为人类提供品质生活的解决方案。长塑重视企业的永续经营，也重视企业与人、自然、社会的和谐共生，共同发展。长塑关注健康安全、环境友好和资源节约，着力塑造人文长塑、科技长塑、生态长塑，专注于绿色生活材料的持续创新与发展，为改善人类生活品质和生态环境而不懈努力，致力于成为社会的优秀企业公民。</p><p><br/></p>\"}', null, '', '11', '0', '20150414120310', '0'), ('405', '239', 'BOPA薄膜特性', '', '/wxadmin/upload/article/150414150545WLVFIXJ.jpeg', '{\"content\":\"<p><strong style=\\\"margin: 0px; padding: 0px; color: rgb(102, 102, 102); font-family: Arial, 微软雅黑; font-size: 12px; line-height: 20px; white-space: normal; background-color: rgb(255, 255, 255);\\\">一、</strong><strong style=\\\"margin: 0px; padding: 0px; color: rgb(102, 102, 102); font-family: Arial, 微软雅黑; font-size: 12px; line-height: 20px; white-space: normal; background-color: rgb(255, 255, 255);\\\">BOPA</strong><strong style=\\\"margin: 0px; padding: 0px; color: rgb(102, 102, 102); font-family: Arial, 微软雅黑; font-size: 12px; line-height: 20px; white-space: normal; background-color: rgb(255, 255, 255);\\\">薄膜物理机械性能</strong><br style=\\\"margin: 0px; padding: 0px; color: rgb(102, 102, 102); font-family: Arial, 微软雅黑; font-size: 12px; line-height: 20px; white-space: normal; background-color: rgb(255, 255, 255);\\\"/><span style=\\\"color: rgb(102, 102, 102); font-family: Arial, 微软雅黑; font-size: 12px; line-height: 20px; background-color: rgb(255, 255, 255);\\\">　　PA薄膜是一种优良的包装材料，其主要物理机械性能为：</span><br style=\\\"margin: 0px; padding: 0px; color: rgb(102, 102, 102); font-family: Arial, 微软雅黑; font-size: 12px; line-height: 20px; white-space: normal; background-color: rgb(255, 255, 255);\\\"/><span style=\\\"color: rgb(102, 102, 102); font-family: Arial, 微软雅黑; font-size: 12px; line-height: 20px; background-color: rgb(255, 255, 255);\\\">　　1、拉伸强度高、耐磨性好、软化点高，可经受约140℃的高温蒸汽消毒，在干燥条件下能耐更高温度，一般使用温度为-60℃--150℃。</span><br style=\\\"margin: 0px; padding: 0px; color: rgb(102, 102, 102); font-family: Arial, 微软雅黑; font-size: 12px; line-height: 20px; white-space: normal; background-color: rgb(255, 255, 255);\\\"/><span style=\\\"color: rgb(102, 102, 102); font-family: Arial, 微软雅黑; font-size: 12px; line-height: 20px; background-color: rgb(255, 255, 255);\\\">　　2、具有优良的耐冲击性和爆破强度，易于热封，可利用高频法焊接。</span><br style=\\\"margin: 0px; padding: 0px; color: rgb(102, 102, 102); font-family: Arial, 微软雅黑; font-size: 12px; line-height: 20px; white-space: normal; background-color: rgb(255, 255, 255);\\\"/><span style=\\\"color: rgb(102, 102, 102); font-family: Arial, 微软雅黑; font-size: 12px; line-height: 20px; background-color: rgb(255, 255, 255);\\\">　　3、对气味阻隔性好，对湿气参透性较高，水蒸气的渗透率随着温度和相对湿度增加而增大，可用于真空包装。</span><br style=\\\"margin: 0px; padding: 0px; color: rgb(102, 102, 102); font-family: Arial, 微软雅黑; font-size: 12px; line-height: 20px; white-space: normal; background-color: rgb(255, 255, 255);\\\"/><span style=\\\"color: rgb(102, 102, 102); font-family: Arial, 微软雅黑; font-size: 12px; line-height: 20px; background-color: rgb(255, 255, 255);\\\">　　4、透光性好，经过双向拉伸后，光泽性有明显的改善，力学性能明显提高，水蒸气和空气渗透率有较大降低。</span></p><p><span style=\\\"color: rgb(102, 102, 102); font-family: Arial, 微软雅黑; font-size: 12px; line-height: 20px; background-color: rgb(255, 255, 255);\\\"><strong style=\\\"margin: 0px; padding: 0px; color: rgb(102, 102, 102); font-family: Arial, 微软雅黑; font-size: 12px; line-height: 20px; white-space: normal; background-color: rgb(255, 255, 255);\\\"><br/></strong></span></p><p><span style=\\\"color: rgb(102, 102, 102); font-family: Arial, 微软雅黑; font-size: 12px; line-height: 20px; background-color: rgb(255, 255, 255);\\\"><strong style=\\\"margin: 0px; padding: 0px; color: rgb(102, 102, 102); font-family: Arial, 微软雅黑; font-size: 12px; line-height: 20px; white-space: normal; background-color: rgb(255, 255, 255);\\\">二、双向拉伸</strong><strong style=\\\"margin: 0px; padding: 0px; color: rgb(102, 102, 102); font-family: Arial, 微软雅黑; font-size: 12px; line-height: 20px; white-space: normal; background-color: rgb(255, 255, 255);\\\">PA</strong><strong style=\\\"margin: 0px; padding: 0px; color: rgb(102, 102, 102); font-family: Arial, 微软雅黑; font-size: 12px; line-height: 20px; white-space: normal; background-color: rgb(255, 255, 255);\\\">薄膜使用的原料：</strong><br style=\\\"margin: 0px; padding: 0px; color: rgb(102, 102, 102); font-family: Arial, 微软雅黑; font-size: 12px; line-height: 20px; white-space: normal; background-color: rgb(255, 255, 255);\\\"/><span style=\\\"color: rgb(102, 102, 102); font-family: Arial, 微软雅黑; font-size: 12px; line-height: 20px; background-color: rgb(255, 255, 255);\\\">　　PA一般称为尼龙，它是一种半结晶性的塑料，分子与分子之间存在着较强的氯键作用，因为这种材料有较多的结晶和较强的分子间的作用力，因此这种材料比较难拉伸。</span><br style=\\\"margin: 0px; padding: 0px; color: rgb(102, 102, 102); font-family: Arial, 微软雅黑; font-size: 12px; line-height: 20px; white-space: normal; background-color: rgb(255, 255, 255);\\\"/><span style=\\\"color: rgb(102, 102, 102); font-family: Arial, 微软雅黑; font-size: 12px; line-height: 20px; background-color: rgb(255, 255, 255);\\\">　　目前用于生产双向拉伸的尼龙薄膜的材料并不多，常用的为尼龙6和尼龙66等，但是一般包装材料中大多数还是以尼龙6为主。</span><br style=\\\"margin: 0px; padding: 0px; color: rgb(102, 102, 102); font-family: Arial, 微软雅黑; font-size: 12px; line-height: 20px; white-space: normal; background-color: rgb(255, 255, 255);\\\"/><span style=\\\"color: rgb(102, 102, 102); font-family: Arial, 微软雅黑; font-size: 12px; line-height: 20px; background-color: rgb(255, 255, 255);\\\">　　生产尼龙薄膜所用的树脂一般都是专用的，假如在树脂合成过程中预先加入适量的添加剂（二以氧化硅为主），生产时可以直接使用，不必进行配料、混合。</span><br style=\\\"margin: 0px; padding: 0px; color: rgb(102, 102, 102); font-family: Arial, 微软雅黑; font-size: 12px; line-height: 20px; white-space: normal; background-color: rgb(255, 255, 255);\\\"/><span style=\\\"color: rgb(102, 102, 102); font-family: Arial, 微软雅黑; font-size: 12px; line-height: 20px; background-color: rgb(255, 255, 255);\\\">　　生产尼龙6薄膜的树脂PA6吸湿性较大，其特性粘度约为3.5，相对粘度约为2.7~3.5，原料中的水份含量一般为0.6％。</span><br style=\\\"margin: 0px; padding: 0px; color: rgb(102, 102, 102); font-family: Arial, 微软雅黑; font-size: 12px; line-height: 20px; white-space: normal; background-color: rgb(255, 255, 255);\\\"/><br style=\\\"margin: 0px; padding: 0px; color: rgb(102, 102, 102); font-family: Arial, 微软雅黑; font-size: 12px; line-height: 20px; white-space: normal; background-color: rgb(255, 255, 255);\\\"/><span style=\\\"color: rgb(102, 102, 102); font-family: Arial, 微软雅黑; font-size: 12px; line-height: 20px; background-color: rgb(255, 255, 255);\\\">　</span><strong style=\\\"margin: 0px; padding: 0px; color: rgb(102, 102, 102); font-family: Arial, 微软雅黑; font-size: 12px; line-height: 20px; white-space: normal; background-color: rgb(255, 255, 255);\\\">　三、双向拉伸</strong><strong style=\\\"margin: 0px; padding: 0px; color: rgb(102, 102, 102); font-family: Arial, 微软雅黑; font-size: 12px; line-height: 20px; white-space: normal; background-color: rgb(255, 255, 255);\\\">PA</strong><strong style=\\\"margin: 0px; padding: 0px; color: rgb(102, 102, 102); font-family: Arial, 微软雅黑; font-size: 12px; line-height: 20px; white-space: normal; background-color: rgb(255, 255, 255);\\\">薄膜的生产设备</strong><br style=\\\"margin: 0px; padding: 0px; color: rgb(102, 102, 102); font-family: Arial, 微软雅黑; font-size: 12px; line-height: 20px; white-space: normal; background-color: rgb(255, 255, 255);\\\"/><span style=\\\"color: rgb(102, 102, 102); font-family: Arial, 微软雅黑; font-size: 12px; line-height: 20px; background-color: rgb(255, 255, 255);\\\">　　平面BOPA薄膜的生产设备与拉伸BOPET 薄膜的生产设备基本相似，都具有从干燥到收卷的主机，也有再造粒回收、分切等辅助设备。然而，由于物料的性质不同，某些设备的具体结构和参数也有区别。</span><br style=\\\"margin: 0px; padding: 0px; color: rgb(102, 102, 102); font-family: Arial, 微软雅黑; font-size: 12px; line-height: 20px; white-space: normal; background-color: rgb(255, 255, 255);\\\"/><span style=\\\"color: rgb(102, 102, 102); font-family: Arial, 微软雅黑; font-size: 12px; line-height: 20px; background-color: rgb(255, 255, 255);\\\">　　通常，BOPA的干燥装置是采用气流干燥或真空干燥装置，挤出机使用分离型的单螺杆，过滤系统多用管式滤芯。模头为衣架式自动可调的，并用测厚仪进行自动反馈以控制机唇开口间隙，冷却方式一般采用单鼓加静电附片的方法，若材料粘度大些可采用气刀贴附。</span><br style=\\\"margin: 0px; padding: 0px; color: rgb(102, 102, 102); font-family: Arial, 微软雅黑; font-size: 12px; line-height: 20px; white-space: normal; background-color: rgb(255, 255, 255);\\\"/><span style=\\\"color: rgb(102, 102, 102); font-family: Arial, 微软雅黑; font-size: 12px; line-height: 20px; background-color: rgb(255, 255, 255);\\\">　　在尼龙薄膜生产中，纵向拉抻设备分预热、拉伸、冷却三个区域，有高速、低速两个传动系统和压紧辊等，但它的非凡之处在于纵向拉伸温度较低，预热辊较少，拉伸时不需要附助加热器，仅需要进行单点拉伸即可。横向拉伸机由于拉伸温度、热定型和冷却温度相差很大，因此在定型区的前后位置都要设有缓冲区，横向拉伸比较小，各区的长度不同，预热拉伸较短，热定型区较长。冷却区一般采用自然风冷却。</span><br style=\\\"margin: 0px; padding: 0px; color: rgb(102, 102, 102); font-family: Arial, 微软雅黑; font-size: 12px; line-height: 20px; white-space: normal; background-color: rgb(255, 255, 255);\\\"/><br style=\\\"margin: 0px; padding: 0px; color: rgb(102, 102, 102); font-family: Arial, 微软雅黑; font-size: 12px; line-height: 20px; white-space: normal; background-color: rgb(255, 255, 255);\\\"/><strong style=\\\"margin: 0px; padding: 0px; color: rgb(102, 102, 102); font-family: Arial, 微软雅黑; font-size: 12px; line-height: 20px; white-space: normal; background-color: rgb(255, 255, 255);\\\">　　四、</strong><strong style=\\\"margin: 0px; padding: 0px; color: rgb(102, 102, 102); font-family: Arial, 微软雅黑; font-size: 12px; line-height: 20px; white-space: normal; background-color: rgb(255, 255, 255);\\\">BOPA</strong><strong style=\\\"margin: 0px; padding: 0px; color: rgb(102, 102, 102); font-family: Arial, 微软雅黑; font-size: 12px; line-height: 20px; white-space: normal; background-color: rgb(255, 255, 255);\\\">薄膜的生产工艺条件</strong><br style=\\\"margin: 0px; padding: 0px; color: rgb(102, 102, 102); font-family: Arial, 微软雅黑; font-size: 12px; line-height: 20px; white-space: normal; background-color: rgb(255, 255, 255);\\\"/><span style=\\\"color: rgb(102, 102, 102); font-family: Arial, 微软雅黑; font-size: 12px; line-height: 20px; background-color: rgb(255, 255, 255);\\\">　　在挤出片材之前，尼龙6树脂必须进行充分的干燥处理，否则在挤出时会产生严重地降解，片上出现气泡，薄膜出现雾化等异常现象，影响薄膜的性能和成膜性。通常，干燥温度90℃左右。干燥后树脂的含水率﹤0.1％。经过干燥处理的尼龙6在240-260℃的进行挤出，熔体经过过滤器、计量泵、静态混合器、机头流到20-40℃的冷却鼓面上，制成厚度良好的片材。尼龙6片材在45-55℃的温度下进行纵向拉伸，拉伸倍数为2.5-3.0。2.5~3.2倍拉伸后薄膜在30℃左右的温度下冷却，接着进入横向拉伸机。经过70-80℃的预热区，并在略高的温度下，拉伸2.5-3.0倍，在200-220℃温度下进行热定型处理，最后进行自然冷却，便制成所需的尼龙薄膜。</span><br style=\\\"margin: 0px; padding: 0px; color: rgb(102, 102, 102); font-family: Arial, 微软雅黑; font-size: 12px; line-height: 20px; white-space: normal; background-color: rgb(255, 255, 255);\\\"/><span style=\\\"color: rgb(102, 102, 102); font-family: Arial, 微软雅黑; font-size: 12px; line-height: 20px; background-color: rgb(255, 255, 255);\\\">　　由于尼龙具有很强的吸湿性，生产线上收卷的母卷要采用防潮措施，并尽快进行分切。分切的产品也必须利用防潮、隔湿的材料（如铝箔等）进行包装，防止薄膜吸湿，性能下降。</span><br style=\\\"margin: 0px; padding: 0px; color: rgb(102, 102, 102); font-family: Arial, 微软雅黑; font-size: 12px; line-height: 20px; white-space: normal; background-color: rgb(255, 255, 255);\\\"/><span style=\\\"color: rgb(102, 102, 102); font-family: Arial, 微软雅黑; font-size: 12px; line-height: 20px; background-color: rgb(255, 255, 255);\\\">　　印刷、镀铝等需要表面张力较大的尼龙薄膜，在拉伸后需要经过电晕处理，使薄膜表面张力由40mN/m提高至52~54mN/m。</span></span></p>\"}', null, '一、BOPA薄膜物理机械性能\n　　PA薄膜是一种优良的包装材', '1', '0', '20150414122538', '0'), ('328', '236', '尼龙“冷转移”技术开辟尼龙印花新途径', '', '/wxadmin/upload/article/150413155603DKEEUSU.jpeg', '{\"content\":\"<p><span style=\\\"color: rgb(102, 102, 102); font-family: Arial, 微软雅黑; font-size: 12px; line-height: 24px; background-color: rgb(255, 255, 255);\\\">尼龙不耐热，无法承受传统印花方式下产生的热量，这是纺织印花中一个瓶颈。近日，位于吴江盛泽的易瑞纺织整理有限公司，斥巨资研发的尼龙“冷转移”印花技术，一举打破了这一技术限制，开辟了尼龙印花新途径。&nbsp;</span><br style=\\\"margin: 0px; padding: 0px; color: rgb(102, 102, 102); font-family: Arial, 微软雅黑; font-size: 12px; line-height: 24px; white-space: normal; background-color: rgb(255, 255, 255);\\\"/><span style=\\\"color: rgb(102, 102, 102); font-family: Arial, 微软雅黑; font-size: 12px; line-height: 24px; background-color: rgb(255, 255, 255);\\\">&nbsp;&nbsp; 尼龙是世界上出现的第一种合成纤维，具有高强度、高耐磨性、高抗化学性等特点。做成面料后，不仅光泽度高，而且手感较滑。但是，尼龙也有短板，不易着色，导致市面上大多数尼龙面料色彩单一，无法满足市场需要。&nbsp;</span><br style=\\\"margin: 0px; padding: 0px; color: rgb(102, 102, 102); font-family: Arial, 微软雅黑; font-size: 12px; line-height: 24px; white-space: normal; background-color: rgb(255, 255, 255);\\\"/><span style=\\\"color: rgb(102, 102, 102); font-family: Arial, 微软雅黑; font-size: 12px; line-height: 24px; background-color: rgb(255, 255, 255);\\\">&nbsp;&nbsp; “为了保留尼龙纤维特有的性质，一般对其后加工的温度在160℃。传统水印花技术虽然可以满足这一温度的要求，但花形尺寸及效果、颜色套数以及面料高损耗，严重限制了高端尼龙面料的设计与开发。”易瑞纺整董事长顾明伟说，采用常规热转移印花技术，虽然可以实现花形尺寸及效果的突破，但热升华时的温度高达200℃以上，极大破坏了尼龙面料独有的特性，而且颜色稳定性差，会随着温度及湿度无规则变化。&nbsp;</span><br style=\\\"margin: 0px; padding: 0px; color: rgb(102, 102, 102); font-family: Arial, 微软雅黑; font-size: 12px; line-height: 24px; white-space: normal; background-color: rgb(255, 255, 255);\\\"/><span style=\\\"color: rgb(102, 102, 102); font-family: Arial, 微软雅黑; font-size: 12px; line-height: 24px; background-color: rgb(255, 255, 255);\\\">&nbsp;&nbsp; 如何从这些传统工艺中萃取精华，并将它们完美结合?2011年，易瑞纺整与与常州一研发机构合作，开始攻克这一行业性难题。&nbsp;</span><br style=\\\"margin: 0px; padding: 0px; color: rgb(102, 102, 102); font-family: Arial, 微软雅黑; font-size: 12px; line-height: 24px; white-space: normal; background-color: rgb(255, 255, 255);\\\"/><span style=\\\"color: rgb(102, 102, 102); font-family: Arial, 微软雅黑; font-size: 12px; line-height: 24px; background-color: rgb(255, 255, 255);\\\">&nbsp;&nbsp; 顾明伟首先将方向瞄准了常温印花。此举在技术上并不难，但问题随之而来。采用热转移印花纸作“印花”载体，温度降低后，转移印花纸的“印花”能力大幅下降，色彩损耗严重。&nbsp;</span><br style=\\\"margin: 0px; padding: 0px; color: rgb(102, 102, 102); font-family: Arial, 微软雅黑; font-size: 12px; line-height: 24px; white-space: normal; background-color: rgb(255, 255, 255);\\\"/><span style=\\\"color: rgb(102, 102, 102); font-family: Arial, 微软雅黑; font-size: 12px; line-height: 24px; background-color: rgb(255, 255, 255);\\\">&nbsp;&nbsp; “要想突破这一瓶颈，就得从‘载体’上动脑筋。”经过反复试验，一种特殊的薄膜进入了顾明伟的视线。“薄膜不会吸收染料，不产生损耗，印好后没有残留。而且，薄膜替代纸张更加节能环保。”同时，研发团队又不断改进染料成分与设备工艺的适应性。历时两年，成功掌握尼龙“冷转移”印花技术。&nbsp;</span><br style=\\\"margin: 0px; padding: 0px; color: rgb(102, 102, 102); font-family: Arial, 微软雅黑; font-size: 12px; line-height: 24px; white-space: normal; background-color: rgb(255, 255, 255);\\\"/><span style=\\\"color: rgb(102, 102, 102); font-family: Arial, 微软雅黑; font-size: 12px; line-height: 24px; background-color: rgb(255, 255, 255);\\\">&nbsp;&nbsp; 该技术采用四分色分色原理，可以在织物上印制出具有层次感、色彩丰富的图案。整个印花过程在常温下进行，可保持超薄型尼丝纺的柔软手感、酸性染料的完美应用，以及印后的蒸化水洗工艺，使得冷转印的色牢度在各方面都表现得十分优异。&nbsp;</span><br style=\\\"margin: 0px; padding: 0px; color: rgb(102, 102, 102); font-family: Arial, 微软雅黑; font-size: 12px; line-height: 24px; white-space: normal; background-color: rgb(255, 255, 255);\\\"/><span style=\\\"color: rgb(102, 102, 102); font-family: Arial, 微软雅黑; font-size: 12px; line-height: 24px; background-color: rgb(255, 255, 255);\\\">&nbsp;&nbsp; 记者在该公司展示厅内看到，这里陈列的尼龙面料，均为细支高密产品，色彩丰富、立体感强。尤其是一款迷彩面料，远看就像一片树林，非常逼真。顾明伟说，借助这一创新的技术，他们已获发明专利1项，实用新型专利2项，做出的花形达两三百个，并吸引了大批国内外品牌采购商前来合作。</span></p>\"}', null, '', '0', '0', '20150413155613', '0'), ('392', '237', '厦门市委书记、市长一行到我司调研指导', '', '/wxadmin/upload/article/150414154524VWRMTZG.jpeg', '{\"content\":\"<p style=\\\"margin: 8px 0;padding: 0px;font-size: 12px;color: rgb(102, 102, 102);font-family: Arial, 微软雅黑;line-height: 24px;white-space: normal;background-color: rgb(255, 255, 255);text-indent: 28px\\\">2015年3月3日下午，省委常委、市委书记王蒙徽，市长裴金佳，市领导钟兴国、臧杰斌、郑云峰、李栋梁、倪超来到海沧区，先后调研了我司及其他多家企业，指导海沧区全面实施美丽厦门战略规划。<br style=\\\";padding: 0px\\\"/></p><p style=\\\"text-align:center\\\"><span style=\\\";padding: 0px;font-family: 宋体\\\"><span style=\\\";padding: 0px;font-family: Arial, 微软雅黑\\\"><span style=\\\";padding: 0px\\\"><img alt=\\\"\\\" src=\\\"/wxadmin/ueditor/jsp/upload/image/20150414/1428995354510009565.jpg\\\" style=\\\"padding: 0px; border: 0px; vertical-align: top; width: 302px; height: 185px;\\\" width=\\\"302\\\" height=\\\"185\\\"/></span></span></span></p><p style=\\\"margin-top: 0px;margin-bottom: 0px;padding: 0px;font-size: 12px;color: rgb(102, 102, 102);font-family: Arial, 微软雅黑;line-height: 24px;white-space: normal;background-color: rgb(255, 255, 255)\\\">&nbsp;</p><p style=\\\"margin: 8px 0;padding: 0px;font-size: 12px;color: rgb(102, 102, 102);font-family: Arial, 微软雅黑;line-height: 24px;white-space: normal;background-color: rgb(255, 255, 255);text-indent: 28px\\\">我司颜艺林总裁向市领导作了企业发展规划报告。他说，我司是世界规模最大的BOPA制造商，市场占有率已居世界领先行列，目前还在扩建生产线。在建的3号厂房磁悬浮生产线投产在即。随着生活节奏加快，生活水平提高，食品安全问题推动人们对包装材料的高要求，也拉动了对BOPA需求。尼龙薄膜产业是关乎民生健康的产业，因此，我们非常重视安全生产，引进日本捷太格特的技术，同时从全世界知名企业聘请高级工程师，确保做好安全生产工作。厂房旁边的舒港快速路建设时，王书记帮忙协调增加了安全隔离带，保障了我司的生产安全。海沧投资氛围很好， 办事效率很高，帮助了我们快速建设世界级产线。我们将再接再厉，争取两年后，成长为厦门百亿级的民营企业。</p><p style=\\\"margin: 8px 0;padding: 0px;font-size: 12px;color: rgb(102, 102, 102);font-family: Arial, 微软雅黑;line-height: 24px;white-space: normal;background-color: rgb(255, 255, 255);text-indent: 28px\\\">王蒙徽书记和裴金佳市长充分肯定了我司在推进创新驱动和转型发展上取得的成绩。王书记表示，活力海沧的态势在逐步展现，转型发展的成效不断凸显，干部群众干事创业的精神令人振奋。这说明海沧区目前的发展方向是正确的，措施是有力的，希望海沧区企业继续按照这一方向坚定走下去。</p><p><br/></p>\"}', null, '2014年12月11日-12日，经过SGS国际认证服务部的现', '5', '0', '20150414122249', '0'), ('424', '249', '环境与健康安全方针', '', '', '{\"content\":\"<p><span style=\\\"color: rgb(102, 102, 102); font-family: Arial, 微软雅黑; font-size: 12px; line-height: 24px;\\\">• 关注健康安全：长塑为客户提供健康安全的产品，并以此作为消费者健康安全生活的卫士；我们重视生产经营的全业务链上的健 康安全管控，追求零污染；并重视为员工提供健康、安全、舒适的工作生活环境；</span><br style=\\\"margin: 0px; padding: 0px; color: rgb(102, 102, 102); font-family: Arial, 微软雅黑; font-size: 12px; line-height: 24px; white-space: normal;\\\"/><span style=\\\"color: rgb(102, 102, 102); font-family: Arial, 微软雅黑; font-size: 12px; line-height: 24px;\\\">• 关注环境友好：长塑坚信良好的环境是我们赖以生存和发展的空间，我们不以牺牲环境为代价获取企业发展，为此，我们遵守环境法规，我们重视环境保护，我们拒绝环境污染，并持续改进，努力使我们的产品在废弃时可降解或可再生； \\n</span><br style=\\\"margin: 0px; padding: 0px; color: rgb(102, 102, 102); font-family: Arial, 微软雅黑; font-size: 12px; line-height: 24px; white-space: normal;\\\"/><span style=\\\"color: rgb(102, 102, 102); font-family: Arial, 微软雅黑; font-size: 12px; line-height: 24px;\\\">• 关注资源节约：长塑坚信资源是我们赖以生存和发展的基石，资源是会枯竭的，我们重视资源保护和 再利用，提高资源利用水平、利用率和节能减排，并努力使资源价值最大化。</span></p><p><br/></p>\"}', null, '', '0', '0', '20150414142041', '0'), ('444', '274', '123', '123', '', '{\"content\":\"<p>123</p>\"}', null, '213', '6', '0', '20150424223256', '0'), ('385', '223', '品牌内涵', '', '', '{\"content\":\"<p>• &nbsp; &nbsp; &nbsp;LOGO以环保的绿和科技的灰为主色调，和谐搭配，同时以「树叶」元素为设计基点，进行艺术变形，形象体现长塑致力于发展以科技创新为核心的绿色事业，以及在现代工业发展和自然资源不可再生的矛盾之间，追求人和自然的和谐永续发展。</p><p>• &nbsp; &nbsp; &nbsp;绿叶形状是“长”的拼音首字「C」变形，四片叶子又形成“塑”的拼音首字母「S」的变形，叶子环环相扣形成奔跑的「人」，极富速度感和动态感，寓意长塑「五速发展策略」和生生不息的基业，使「长塑之树，绿色长青」的诉求。</p><p>• &nbsp; &nbsp; &nbsp;四片叶子首尾相连，成立体环形，形式地球。寓意长塑引领全球绿色事业，纳世界英才，携手共创；集四方资源，团结协作，以「长久呵护你我健康家园，倾力塑造人类绿色空间」为使命，共谋发展。</p><p>• &nbsp; &nbsp; &nbsp;四片叶子分别代表企业核心价值观中的担当、拼搏、创造、成长；</p><p>• &nbsp; &nbsp; &nbsp;四片叶子是《易经》太极图的演变，无极生太极，太极生两仪，两仪生四象。象征着长塑立足于中国，放眼世界，同时也寓意着长塑未来是走多元化发展道路。</p><p>• &nbsp; &nbsp; &nbsp;四片叶子由一个不断旋转的风车演变而来，寓意着长塑通过不断创新绿色生活材料，为人类创造更加健康安全的高品质生活，朝着时代赋予的使命追求不息，奋斗不止。</p><p><br/></p>\"}', null, '', '5', '0', '20150414121902', '0'), ('402', '232', '其他应用', '', '/wxadmin/upload/article/150414164918UUMKFDY.jpeg', '{\"content\":\"<p><span style=\\\"color: rgb(102, 102, 102); font-family: Arial, 微软雅黑; font-size: 12px; line-height: 20px;\\\"></span></p><p style=\\\"margin-top: 0px; margin-bottom: 0px; padding: 0px; font-size: 14px; color: rgb(130, 130, 130); font-family: 微软雅黑; line-height: 26px; white-space: normal;\\\">气球、真空绝热板、化工原料包装袋（大容量包装）……<br style=\\\"margin: 0px; padding: 0px;\\\"/><br style=\\\"margin: 0px; padding: 0px;\\\"/><br style=\\\"margin: 0px; padding: 0px;\\\"/></p><p><br style=\\\"margin: 0px; padding: 0px; color: rgb(102, 102, 102); font-family: Arial, 微软雅黑; font-size: 12px; line-height: 20px; white-space: normal;\\\"/><span style=\\\"color: rgb(102, 102, 102); font-family: Arial, 微软雅黑; font-size: 12px; line-height: 20px;\\\">• &nbsp;&nbsp;&nbsp;&nbsp;气球，BOPA镀铝后与PE复合，防气性、成形性和热封性能优异。</span></p><p style=\\\"margin-top: 0px; margin-bottom: 0px; padding: 0px; font-size: 12px; color: rgb(130, 130, 130); font-family: 微软雅黑; line-height: 26px; white-space: normal;\\\"><br/></p><p><br style=\\\"margin: 0px; padding: 0px; color: rgb(102, 102, 102); font-family: Arial, 微软雅黑; font-size: 12px; line-height: 20px; white-space: normal;\\\"/><span style=\\\"color: rgb(102, 102, 102); font-family: Arial, 微软雅黑; font-size: 12px; line-height: 20px;\\\">• &nbsp;&nbsp;&nbsp;&nbsp;真空绝热板主要用于保温绝热，如家用冰箱、游艇冰箱、迷你冰箱、车载冰箱、深冷冰柜、电热水器、自动贩卖机、冷冻箱、冷藏集装箱、建筑墙体保温和LNG储运等。</span></p><p style=\\\"margin-top: 0px; margin-bottom: 0px; padding: 0px; font-size: 12px; color: rgb(130, 130, 130); font-family: 微软雅黑; line-height: 26px; white-space: normal;\\\"><br/></p><p><br style=\\\"margin: 0px; padding: 0px; color: rgb(102, 102, 102); font-family: Arial, 微软雅黑; font-size: 12px; line-height: 20px; white-space: normal;\\\"/><span style=\\\"color: rgb(102, 102, 102); font-family: Arial, 微软雅黑; font-size: 12px; line-height: 20px;\\\">• &nbsp;&nbsp;&nbsp;&nbsp;化工原料包装袋（大容量包装），韧性好、抗冲击，抗跌落，密封性好，耐刺穿，强度高，印刷性好。</span></p><p><span style=\\\"color: rgb(102, 102, 102); font-family: Arial, 微软雅黑; font-size: 12px; line-height: 20px;\\\"></span><br/></p><p><br/></p>\"}', null, '', '1', '0', '20150414122449', '0'), ('403', '239', '功能膜让包装插上科技的翅膀', '', '/wxadmin/upload/article/150414151438CHULWPT.jpeg', '{\"content\":\"<p style=\\\"margin-top: 0px; margin-bottom: 0px; padding: 0px; font-size: 12px; color: rgb(102, 102, 102); font-family: Arial, 微软雅黑; line-height: 24px; white-space: normal; background-color: rgb(255, 255, 255);\\\">&nbsp;文章来源:CPRJ 中国塑料橡胶&nbsp;&nbsp;&nbsp;&nbsp;&nbsp;&nbsp; 中包联塑料委专家委员会副主任兼秘书长、上海市包装技术协会专家委员会专家 陈昌杰&nbsp;&nbsp;</p><p style=\\\"margin-top: 0px; margin-bottom: 0px; padding: 0px; font-size: 12px; color: rgb(102, 102, 102); font-family: Arial, 微软雅黑; line-height: 24px; white-space: normal; background-color: rgb(255, 255, 255);\\\"><span style=\\\"margin: 0px; padding: 0px; font-size: small;\\\"><strong style=\\\"margin: 0px; padding: 0px;\\\"><span style=\\\"margin: 0px; padding: 0px; font-size: 16px; color: rgb(211, 5, 108);\\\">活性阻隔性包装薄膜</span></strong></span></p><p style=\\\"margin-top: 0px; margin-bottom: 0px; padding: 0px; font-size: 12px; color: rgb(102, 102, 102); font-family: Arial, 微软雅黑; line-height: 24px; white-space: normal; background-color: rgb(255, 255, 255);\\\"><span style=\\\"margin: 0px; padding: 0px; font-size: small;\\\"><span style=\\\"margin: 0px; padding: 0px; font-size: 12px;\\\"><span style=\\\"margin: 0px; padding: 0px;\\\">活性阻隔包装薄膜又分吸氧型和吸水型等不同形式的阻隔薄膜。</span></span></span></p><p style=\\\"margin-top: 0px; margin-bottom: 0px; padding: 0px; font-size: 12px; color: rgb(102, 102, 102); font-family: Arial, 微软雅黑; line-height: 24px; white-space: normal; background-color: rgb(255, 255, 255);\\\"><span style=\\\"margin: 0px; padding: 0px; font-size: small;\\\"><span style=\\\"margin: 0px; padding: 0px; font-size: 12px;\\\"><span style=\\\"margin: 0px; padding: 0px;\\\">吸氧型阻隔包装薄膜和传统的阻隔包装薄膜不同，它不仅能有效阻止氧气通过薄膜，而且能将残留在塑料薄膜袋中的氧气吸收，使包装袋中的氧气长期保持在一个很低的水平，从而有效延长商品的货架期。近年来在日本等工业发达国家，该膜已得到工业化生产，使用效果良好。</span></span></span></p><p style=\\\"margin-top: 0px; margin-bottom: 0px; padding: 0px; font-size: 12px; color: rgb(102, 102, 102); font-family: Arial, 微软雅黑; line-height: 24px; white-space: normal; background-color: rgb(255, 255, 255);\\\"><span style=\\\"margin: 0px; padding: 0px; font-size: small;\\\"><span style=\\\"margin: 0px; padding: 0px; font-size: 12px;\\\"><span style=\\\"margin: 0px; padding: 0px;\\\">吸氧型阻隔包装薄膜是一种含活性包装材料层（吸氧材料层）的复合薄膜。吸氧薄膜用于包装之后，包装袋内残存的氧通过热封层进入吸氧层，在吸氧层中氧与活性包装材料进行化学反应而被消耗掉。利用吸氧薄膜包装食品等商品，包装时不必在袋内装入吸氧剂，简化了包装程序，而且避免了消费者误食吸氧剂的弊端。</span></span></span></p><p style=\\\"margin-top: 0px; margin-bottom: 0px; padding: 0px; font-size: 12px; color: rgb(102, 102, 102); font-family: Arial, 微软雅黑; line-height: 24px; white-space: normal; background-color: rgb(255, 255, 255);\\\"><span style=\\\"margin: 0px; padding: 0px; font-size: small;\\\"><span style=\\\"margin: 0px; padding: 0px; font-size: 12px;\\\"><span style=\\\"margin: 0px; padding: 0px;\\\">吸氧材料可以是将还原铁</span><span style=\\\"margin: 0px; padding: 0px;\\\">/</span><span style=\\\"margin: 0px; padding: 0px;\\\">氯化钠、亚硫酸钠、抗坏血酸等作为反应物，掺混到树脂中的产物，或者采用</span><span style=\\\"margin: 0px; padding: 0px;\\\">MXD6</span><span style=\\\"margin: 0px; padding: 0px;\\\">尼龙</span><span style=\\\"margin: 0px; padding: 0px;\\\">/</span><span style=\\\"margin: 0px; padding: 0px;\\\">钴盐，双键系聚合物</span><span style=\\\"margin: 0px; padding: 0px;\\\">/&nbsp;</span><span style=\\\"margin: 0px; padding: 0px;\\\">盐，含环己烯侧链的聚合物</span><span style=\\\"margin: 0px; padding: 0px;\\\">/</span><span style=\\\"margin: 0px; padding: 0px;\\\">盐等物质的掺混物。</span></span></span></p><p style=\\\"margin-top: 0px; margin-bottom: 0px; padding: 0px; font-size: 12px; color: rgb(102, 102, 102); font-family: Arial, 微软雅黑; line-height: 24px; white-space: normal; background-color: rgb(255, 255, 255);\\\">&nbsp;<span style=\\\"margin: 0px; padding: 0px; font-size: small;\\\"><span style=\\\"margin: 0px; padding: 0px; font-size: 12px;\\\"><span style=\\\"margin: 0px; padding: 0px;\\\">吸氧型阻隔包装薄膜也可将反应物掺混到聚烯烃中制得吸氧材料，将它置于封合层和粘合层之间，制取一个独立的吸氧层。虽然这会增加复合薄膜的层数，制造成本有所增加，但由于该层在阻隔层的内侧，对于吸收袋内氧气，将表现出更佳的效果。</span></span></span></p><p style=\\\"margin-top: 0px; margin-bottom: 0px; padding: 0px; font-size: 12px; color: rgb(102, 102, 102); font-family: Arial, 微软雅黑; line-height: 24px; white-space: normal; background-color: rgb(255, 255, 255);\\\">&nbsp;<span style=\\\"margin: 0px; padding: 0px; font-size: small;\\\"><span style=\\\"margin: 0px; padding: 0px; font-size: 12px;\\\"><span style=\\\"margin: 0px; padding: 0px;\\\">日本东洋制罐生产了一种以还原铁和氯化钠为触媒的树脂掺混型吸氧阻隔性材料，可用于蒸煮袋、输液外包装袋、含维他命</span><span style=\\\"margin: 0px; padding: 0px;\\\">C</span><span style=\\\"margin: 0px; padding: 0px;\\\">的美容面膜的包装袋等。经测定，其样品膜的吸收氧能力为</span><span style=\\\"margin: 0px; padding: 0px;\\\">0.3ml/cm2</span><span style=\\\"margin: 0px; padding: 0px;\\\">，并可通过掺混吸氧剂的量的变化控制薄膜的吸氧量。</span></span></span></p><p style=\\\"margin-top: 0px; margin-bottom: 0px; padding: 0px; font-size: 12px; color: rgb(102, 102, 102); font-family: Arial, 微软雅黑; line-height: 24px; white-space: normal; background-color: rgb(255, 255, 255);\\\"><span style=\\\"margin: 0px; padding: 0px; font-size: small;\\\"><span style=\\\"margin: 0px; padding: 0px; font-size: 12px;\\\"><span style=\\\"margin: 0px; padding: 0px;\\\">日本东洋制罐公司还开发了另一种活性包装薄膜，即吸水型阻隔包装薄膜，该膜除具有阻隔性之外，还能吸收薄膜袋中的水分，结构为：外层</span><span style=\\\"margin: 0px; padding: 0px;\\\">/</span><span style=\\\"margin: 0px; padding: 0px;\\\">活性阻隔层</span><span style=\\\"margin: 0px; padding: 0px;\\\">/</span><span style=\\\"margin: 0px; padding: 0px;\\\">支撑层</span><span style=\\\"margin: 0px; padding: 0px;\\\">/</span><span style=\\\"margin: 0px; padding: 0px;\\\">吸水层</span><span style=\\\"margin: 0px; padding: 0px;\\\">/</span><span style=\\\"margin: 0px; padding: 0px;\\\">内层。吸水性薄膜的应用为临床检查药、粉末状绿茶等，由于包装材料本身具吸湿性功能，应用吸水性薄膜时，不必将硅胶或氯化钙等干燥剂和内容物一起装入袋中封存。</span></span></span></p><p style=\\\"margin-top: 0px; margin-bottom: 0px; padding: 0px; font-size: 12px; color: rgb(102, 102, 102); font-family: Arial, 微软雅黑; line-height: 24px; white-space: normal; background-color: rgb(255, 255, 255);\\\"><span style=\\\"margin: 0px; padding: 0px; font-size: small;\\\"><span style=\\\"margin: 0px; padding: 0px; font-size: 12px;\\\"><span style=\\\"margin: 0px; padding: 0px;\\\">日本共用印刷公司也成功开发了一种吸湿性包装材料，现在正开发在医药品、电子部件等包装的应用。</span></span></span></p><p style=\\\"margin-top: 0px; margin-bottom: 0px; padding: 0px; font-size: 12px; color: rgb(102, 102, 102); font-family: Arial, 微软雅黑; line-height: 24px; white-space: normal; background-color: rgb(255, 255, 255);\\\">&nbsp;<span style=\\\"margin: 0px; padding: 0px; font-size: small;\\\"><strong style=\\\"margin: 0px; padding: 0px;\\\"><span style=\\\"margin: 0px; padding: 0px; font-size: 16px; color: rgb(211, 5, 108);\\\">抗菌性高阻隔薄膜</span></strong></span></p><p style=\\\"margin-top: 0px; margin-bottom: 0px; padding: 0px; font-size: 12px; color: rgb(102, 102, 102); font-family: Arial, 微软雅黑; line-height: 24px; white-space: normal; background-color: rgb(255, 255, 255);\\\"><span style=\\\"margin: 0px; padding: 0px; font-size: small;\\\"><span style=\\\"margin: 0px; padding: 0px; font-size: 12px;\\\"><span style=\\\"margin: 0px; padding: 0px;\\\">采用纳米抗菌技术与共挤流延加工工艺相结合，研制的抗菌型高阻隔包装薄膜，对延长食品的货架期，表现出良好的效果，应用于槟榔包装取得了很好的成效。</span></span></span></p><p style=\\\"margin-top: 0px; margin-bottom: 0px; padding: 0px; font-size: 12px; color: rgb(102, 102, 102); font-family: Arial, 微软雅黑; line-height: 24px; white-space: normal; background-color: rgb(255, 255, 255);\\\"><span style=\\\"margin: 0px; padding: 0px; font-size: small;\\\"><span style=\\\"margin: 0px; padding: 0px; font-size: 12px;\\\"><span style=\\\"margin: 0px; padding: 0px;\\\">抗菌性高阻隔薄膜的结构为：</span><span style=\\\"margin: 0px; padding: 0px;\\\">PE40/AD10/EVOH20/AD10/</span><span style=\\\"margin: 0px; padding: 0px;\\\">抗菌</span><span style=\\\"margin: 0px; padding: 0px;\\\">PE40</span><span style=\\\"margin: 0px; padding: 0px;\\\">，膜厚为</span><span style=\\\"margin: 0px; padding: 0px;\\\">120</span><span style=\\\"margin: 0px; padding: 0px;\\\">μ</span><span style=\\\"margin: 0px; padding: 0px;\\\">m</span><span style=\\\"margin: 0px; padding: 0px;\\\">。该膜中间层采用阻隔性能优异的</span><span style=\\\"margin: 0px; padding: 0px;\\\">EVOH</span><span style=\\\"margin: 0px; padding: 0px;\\\">树脂，是阻隔性能非常好的树脂，可屏蔽特殊的香味并防止槟榔在存贮过程中发霉；内层采用抗菌聚乙烯层，增强防霉效果，同时它具有良好的热封性能，为制袋操作提供良好的条件；外层采用普通的聚乙烯，以保持较低的成本。</span></span></span></p><p style=\\\"margin-top: 0px; margin-bottom: 0px; padding: 0px; font-size: 12px; color: rgb(102, 102, 102); font-family: Arial, 微软雅黑; line-height: 24px; white-space: normal; background-color: rgb(255, 255, 255);\\\"><span style=\\\"margin: 0px; padding: 0px; font-size: small;\\\"><span style=\\\"margin: 0px; padding: 0px; font-size: 12px;\\\"><span style=\\\"margin: 0px; padding: 0px;\\\">抗菌性高阻隔薄膜的生产先用分散剂等助剂处理纳米抗菌剂，再与聚乙烯混合，用双螺杆挤出机造粒得到抗菌聚乙烯母料，抗菌聚乙烯母料与聚乙烯树脂共混，得到用于共挤复合使用的抗菌聚乙烯粒料。</span></span></span></p><p style=\\\"margin-top: 0px; margin-bottom: 0px; padding: 0px; font-size: 12px; color: rgb(102, 102, 102); font-family: Arial, 微软雅黑; line-height: 24px; white-space: normal; background-color: rgb(255, 255, 255);\\\"><span style=\\\"margin: 0px; padding: 0px; font-size: small;\\\"><span style=\\\"margin: 0px; padding: 0px; font-size: 12px;\\\"><span style=\\\"margin: 0px; padding: 0px;\\\">槟榔为经特殊加工处理的产品，要求产品口味纯正、香气浓郁，传统铝塑复合包装槟榔的保质期约在三个月左右，抗菌高阻隔包装的保质期在六个月以上。包装成本上抗菌高阻隔薄膜袋也有较大优势，铝塑复合袋的成本（</span><span style=\\\"margin: 0px; padding: 0px;\\\">64</span><span style=\\\"margin: 0px; padding: 0px;\\\">克袋）为人民币</span><span style=\\\"margin: 0px; padding: 0px;\\\">0.15</span><span style=\\\"margin: 0px; padding: 0px;\\\">元</span><span style=\\\"margin: 0px; padding: 0px;\\\">/</span><span style=\\\"margin: 0px; padding: 0px;\\\">个，而纳米抗菌高阻隔包装袋约人民币</span><span style=\\\"margin: 0px; padding: 0px;\\\">0.11</span><span style=\\\"margin: 0px; padding: 0px;\\\">元</span><span style=\\\"margin: 0px; padding: 0px;\\\">/</span><span style=\\\"margin: 0px; padding: 0px;\\\">个，成本降低</span><span style=\\\"margin: 0px; padding: 0px;\\\">25%</span><span style=\\\"margin: 0px; padding: 0px;\\\">以上。实践表明，抗菌高阻隔薄膜用于槟榔包装不仅可以大大地延长商品的保质期，减少商品的腐败变质，而且还能降低包装成本。抗菌高阻隔薄膜是一种值得深入研究、大力推广的新产品。</span></span></span></p><p style=\\\"margin-top: 0px; margin-bottom: 0px; padding: 0px; font-size: 12px; color: rgb(102, 102, 102); font-family: Arial, 微软雅黑; line-height: 24px; white-space: normal; background-color: rgb(255, 255, 255);\\\"><span style=\\\"margin: 0px; padding: 0px; font-size: small;\\\"><span style=\\\"margin: 0px; padding: 0px; color: rgb(211, 5, 108);\\\"><strong style=\\\"margin: 0px; padding: 0px;\\\"><span style=\\\"margin: 0px; padding: 0px; font-size: 16px;\\\">气相防锈塑料薄膜</span></strong></span></span></p><p style=\\\"margin-top: 0px; margin-bottom: 0px; padding: 0px; font-size: 12px; color: rgb(102, 102, 102); font-family: Arial, 微软雅黑; line-height: 24px; white-space: normal; background-color: rgb(255, 255, 255);\\\"><span style=\\\"margin: 0px; padding: 0px; font-size: small;\\\"><span style=\\\"margin: 0px; padding: 0px; font-size: 12px;\\\"><span style=\\\"margin: 0px; padding: 0px;\\\">气相防锈塑料薄膜又称气化性防锈薄膜，它是将气相腐蚀抑制剂（</span><span style=\\\"margin: 0px; padding: 0px;\\\">VCI</span><span style=\\\"margin: 0px; padding: 0px;\\\">）混合在聚乙烯中制成的薄膜。</span></span></span></p><p style=\\\"margin-top: 0px; margin-bottom: 0px; padding: 0px; font-size: 12px; color: rgb(102, 102, 102); font-family: Arial, 微软雅黑; line-height: 24px; white-space: normal; background-color: rgb(255, 255, 255);\\\"><span style=\\\"margin: 0px; padding: 0px; font-size: small;\\\"><span style=\\\"margin: 0px; padding: 0px; font-size: 12px;\\\"><span style=\\\"margin: 0px; padding: 0px;\\\">常温下，气相腐蚀抑制剂分子具有比空气高的气化性，其分子从薄膜中释放（挥发）出来，进入封闭的包装空间。气相腐蚀抑制剂一旦与所包装的金属表面接触，其分子即浓缩并被湿气分解，形成自由离子溶入电解质中。电解质中的离子同</span><span style=\\\"margin: 0px; padding: 0px;\\\">VCI</span><span style=\\\"margin: 0px; padding: 0px;\\\">离子发生反应，取代金属分子附着在金属表面上，抑制腐蚀金属的电化学反应发生。气相腐蚀抑制剂分子逐渐慢慢地挥发，使包装的空间内始终处于“饱和”状态，达到长期稳定的防锈效果。</span></span></span></p><p style=\\\"margin-top: 0px; margin-bottom: 0px; padding: 0px; font-size: 12px; color: rgb(102, 102, 102); font-family: Arial, 微软雅黑; line-height: 24px; white-space: normal; background-color: rgb(255, 255, 255);\\\"><span style=\\\"margin: 0px; padding: 0px; font-size: small;\\\"><span style=\\\"margin: 0px; padding: 0px; font-size: 12px;\\\"><span style=\\\"margin: 0px; padding: 0px;\\\">气相防锈具有聚乙烯的特点：不受盐类、腐蚀性气体、高温、高湿影响，产品的外面包装一层</span><span style=\\\"margin: 0px; padding: 0px;\\\">VCI</span><span style=\\\"margin: 0px; padding: 0px;\\\">防锈膜，就可以发挥超强防锈功能，防锈效果显著，克服了传统方法对产品的保护不充分的弊端，特别适用于金属、机电产品在加工、仓储、海上运输以及外商对进出口产品的高质量防锈要求。</span></span></span></p><p style=\\\"margin-top: 0px; margin-bottom: 0px; padding: 0px; font-size: 12px; color: rgb(102, 102, 102); font-family: Arial, 微软雅黑; line-height: 24px; white-space: normal; background-color: rgb(255, 255, 255);\\\">&nbsp;<span style=\\\"margin: 0px; padding: 0px; font-size: small;\\\"><span style=\\\"margin: 0px; padding: 0px; font-size: 12px;\\\"><span style=\\\"margin: 0px; padding: 0px;\\\">气相防锈应用时包装效率高。可用袋装，也可利用胶带、订书机等简单封合即可，易实现防锈、包装自动化；省工、省时、节约成本，综合经济效益显著。此外，环保性好，不需要上油，不致产生因上油对环境造成的严重污染。同时，防锈时间长，海运防护可达</span><span style=\\\"margin: 0px; padding: 0px;\\\">2</span><span style=\\\"margin: 0px; padding: 0px;\\\">年以上，仓储保护可达</span><span style=\\\"margin: 0px; padding: 0px;\\\">5</span><span style=\\\"margin: 0px; padding: 0px;\\\">年以上。最后，</span><span style=\\\"margin: 0px; padding: 0px;\\\">VCI</span><span style=\\\"margin: 0px; padding: 0px;\\\">防锈膜透明性好，不用打开包装就可看清膜内物体的状况。</span></span></span></p><p style=\\\"margin-top: 0px; margin-bottom: 0px; padding: 0px; font-size: 12px; color: rgb(102, 102, 102); font-family: Arial, 微软雅黑; line-height: 24px; white-space: normal; background-color: rgb(255, 255, 255);\\\"><span style=\\\"margin: 0px; padding: 0px; font-size: small;\\\"><span style=\\\"margin: 0px; padding: 0px; font-size: 12px;\\\"><span style=\\\"margin: 0px; padding: 0px;\\\">用</span><span style=\\\"margin: 0px; padding: 0px;\\\">VCI</span><span style=\\\"margin: 0px; padding: 0px;\\\">膜作为防锈包装，较传统的防锈工艺可以少</span><span style=\\\"margin: 0px; padding: 0px;\\\">5</span><span style=\\\"margin: 0px; padding: 0px;\\\">道工序，减少大量的人力、物力。传统的防锈工艺为：产品→防锈设备→上防锈油→凉干→去除残油→包装→运输→打开包装→去油→使用。而</span><span style=\\\"margin: 0px; padding: 0px;\\\">VCI</span><span style=\\\"margin: 0px; padding: 0px;\\\">膜防锈工艺为：产品→</span><span style=\\\"margin: 0px; padding: 0px;\\\">VCI</span><span style=\\\"margin: 0px; padding: 0px;\\\">膜包装→运输→打开包装→使用。</span></span></span></p><p style=\\\"margin-top: 0px; margin-bottom: 0px; padding: 0px; font-size: 12px; color: rgb(102, 102, 102); font-family: Arial, 微软雅黑; line-height: 24px; white-space: normal; background-color: rgb(255, 255, 255);\\\"><span style=\\\"margin: 0px; padding: 0px; font-size: small;\\\"><span style=\\\"margin: 0px; padding: 0px; font-size: 12px;\\\"><span style=\\\"margin: 0px; padding: 0px;\\\">为对</span><span style=\\\"margin: 0px; padding: 0px;\\\">VCI</span><span style=\\\"margin: 0px; padding: 0px;\\\">膜包装与传统包装方式的防锈效果进行比较，采用钢材</span><span style=\\\"margin: 0px; padding: 0px;\\\">HT300</span><span style=\\\"margin: 0px; padding: 0px;\\\">做了盐雾、湿热、室内存放三组对比试验。其中，盐雾、湿热试验中，采用气相防锈塑料薄膜包装的钢材比涂油</span><span style=\\\"margin: 0px; padding: 0px;\\\">塑料膜包装的生锈时间更晚；在室内存放，两者都是</span><span style=\\\"margin: 0px; padding: 0px;\\\">180</span><span style=\\\"margin: 0px; padding: 0px;\\\">天未生锈。</span></span></span></p><p style=\\\"margin-top: 0px; margin-bottom: 0px; padding: 0px; font-size: 12px; color: rgb(102, 102, 102); font-family: Arial, 微软雅黑; line-height: 24px; white-space: normal; background-color: rgb(255, 255, 255);\\\"><span style=\\\"margin: 0px; padding: 0px;\\\">从</span><span style=\\\"margin: 0px; padding: 0px;\\\">2001</span><span style=\\\"margin: 0px; padding: 0px;\\\">年开始，国内某汽车公司已采用了</span><span style=\\\"margin: 0px; padding: 0px;\\\">VCI</span><span style=\\\"margin: 0px; padding: 0px;\\\">膜的包装方式代替原有的涂油包装，实践证明采用气相防锈薄膜包装具有众多优势，包括优异的防锈效果，良好的工作环境，较低的综合包装成本等，深受用户欢迎。</span></p><p style=\\\"margin-top: 0px; margin-bottom: 0px; padding: 0px; font-size: 12px; color: rgb(102, 102, 102); font-family: Arial, 微软雅黑; line-height: 24px; white-space: normal; background-color: rgb(255, 255, 255);\\\"><span style=\\\"margin: 0px; padding: 0px; font-size: small;\\\"><span style=\\\"margin: 0px; padding: 0px; font-size: 12px;\\\"><span style=\\\"margin: 0px; padding: 0px;\\\">中国</span><span style=\\\"margin: 0px; padding: 0px;\\\">2011</span><span style=\\\"margin: 0px; padding: 0px;\\\">年塑料制品的产量</span><span style=\\\"margin: 0px; padding: 0px;\\\">5474</span><span style=\\\"margin: 0px; padding: 0px;\\\">万吨，其中塑料薄膜约占</span><span style=\\\"margin: 0px; padding: 0px;\\\">15%</span><span style=\\\"margin: 0px; padding: 0px;\\\">，而塑料薄膜中</span><span style=\\\"margin: 0px; padding: 0px;\\\">80%</span><span style=\\\"margin: 0px; padding: 0px;\\\">左右用于包装，因此，包装在整个塑料制品和塑料薄膜中都具有极其重要的地位。</span></span></span></p><p style=\\\"margin-top: 0px; margin-bottom: 0px; padding: 0px; font-size: 12px; color: rgb(102, 102, 102); font-family: Arial, 微软雅黑; line-height: 24px; white-space: normal; background-color: rgb(255, 255, 255);\\\">&nbsp;<span style=\\\"margin: 0px; padding: 0px; font-size: small;\\\"><span style=\\\"margin: 0px; padding: 0px; font-size: 12px;\\\"><span style=\\\"margin: 0px; padding: 0px;\\\">塑料薄膜是指厚度在</span><span style=\\\"margin: 0px; padding: 0px;\\\">0.25mm</span><span style=\\\"margin: 0px; padding: 0px;\\\">（即</span><span style=\\\"margin: 0px; padding: 0px;\\\">250</span><span style=\\\"margin: 0px; padding: 0px;\\\">μ</span><span style=\\\"margin: 0px; padding: 0px;\\\">m</span><span style=\\\"margin: 0px; padding: 0px;\\\">）以下的平整而柔软的塑料制品，按照用途不同，可分为包装薄膜、农用薄膜、工业用薄膜、医用薄膜等。其中，功能性包装薄膜近年发展很快，并越来越为业界所重视。</span></span></span></p><p style=\\\"margin-top: 0px; margin-bottom: 0px; padding: 0px; font-size: 12px; color: rgb(102, 102, 102); font-family: Arial, 微软雅黑; line-height: 24px; white-space: normal; background-color: rgb(255, 255, 255);\\\"><span style=\\\"margin: 0px; padding: 0px; font-size: small;\\\"><span style=\\\"margin: 0px; padding: 0px;\\\"><span style=\\\"margin: 0px; padding: 0px; font-size: 12px;\\\">功能性包装薄膜也被称为差异性包装薄膜，指具有普通薄膜没有的某些特殊功能的薄膜。特殊功能的引入使薄膜的包装效果明显改善，附加价值明显提升，开发、应用功能性塑料包装薄膜往往能够得到社会效益和经济效益双丰收。这里介绍几个功能性塑料包装薄膜的品种。</span></span></span></p><p><br/></p>\"}', null, '活性阻隔性包装薄膜\n   活性阻隔包装薄膜又分吸氧型和吸水型', '0', '0', '20150414122500', '0');
INSERT INTO `gd_article` VALUES ('335', '222', '长久呵护你我健康家园-倾力塑造人类绿色空间', '', '/wxadmin/upload/article/150413160004VEKTHTH.plain', '{\"content\":\"<p><span style=\\\"color: rgb(102, 102, 102); font-family: Arial, 微软雅黑; font-size: 12px; line-height: 24px;\\\">长塑是一家提供绿色生活材料的科技型企业，致力于人类生活品质的改善和提高。我们不断追求客户、股东、员工、合作伙伴、社会的和谐共生，共同发展，也关注健康安全、环境友好和资源节约，并致力于成为社会的优秀企业公民。&nbsp;</span></p>\"}', null, '', '0', '0', '20150413160039', '0'), ('463', '297', 'q\'we', 'q\'we', '', '{\"banlichuankou\":\"气温\"}', null, '请问请问', '1', '0', '20150519163012', '0'), ('337', '222', '成为世界级绿色生活材料的引领者', '', '/wxadmin/upload/article/150413160004VEKTHTH.plain', '{\"content\":\"<p><span style=\\\"color: rgb(102, 102, 102); font-family: Arial, 微软雅黑; font-size: 12px; line-height: 24px;\\\">长塑定位于绿色生活材料领域，以膜事业为起点，速育才、速创新、速周转、速覆盖、速扩张，通过组织升级和业务转型，立足绿色生活材料领域，从单一产品到多系列产品，从单一品类到多品类，从单一领域应用到多领域应用，从区域性到步入国际化。&nbsp;</span></p>\"}', null, '', '0', '0', '20150413160115', '0'), ('374', '249', '成为世界级绿色生活材料的引领者', '', '', '{\"content\":\"<p>\\n    <span style=\\\"color: rgb(102, 102, 102); font-family: Arial, 微软雅黑; font-size: 12px; line-height: 24px;\\\">&nbsp; &nbsp; &nbsp; 长塑定位于绿色生活材料领域，以膜事业为起点，速育才、速创新、速周转、速覆盖、速扩张，通过组织升级和业务转型，立足绿色生活材料领域，从单一产品到多系列产品，从单一品类到多品类，从单一领域应用到多领域应用，从区域性到步入国际化。&nbsp;</span>\\n</p>\"}', null, '', '4', '0', '20150414121338', '0'), ('397', '238', '浙江开发食品塑料包材中酞酸酯检测新法', '', '/wxadmin/upload/article/150414151332TACHEOQ.jpeg', '{\"content\":\"<p style=\\\"margin-top: 0px; margin-bottom: 0px; padding: 0px; font-size: 12px; color: rgb(102, 102, 102); font-family: Arial, 微软雅黑; line-height: 24px; white-space: normal; background-color: rgb(255, 255, 255);\\\">近日，由国家日用小商品质量监督检验中心承担的浙江省质监局科研项目“塑料食品包装材料中酞酸酯类化合物的迁移规律及SPME-GC-MS测定方法的研究”通过了验收。</p><p style=\\\"margin-top: 0px; margin-bottom: 0px; padding: 0px; font-size: 12px; color: rgb(102, 102, 102); font-family: Arial, 微软雅黑; line-height: 24px; white-space: normal; background-color: rgb(255, 255, 255);\\\">据了解，该项目针对食品塑料包装材料中的酞酸酯类化合物，应用现代分析测试手段检测食品包装材料中6种酞酸酯类化合物，并采用4种物质模拟食品，探索塑料包装袋中常见3种酞酸酯的迁移规律，建立了固相微萃取-气相色谱-质谱联用同时测定食品塑料包装袋中酞酸酯类化合物的分析方法。这也是国内首次使用该方法检测食品塑料包装材料中的酞酸酯。该项目的顺利验收，对促进中心整体科研能力的提升起到了积极的推动作用。</p><p><br/></p>\"}', null, '近日，由国家日用小商品质量监督检验中心承担的浙江省质监局科研', '0', '0', '20150414122348', '0'), ('398', '232', '日化用品', '', '/wxadmin/upload/article/150414164736XKGJZBK.jpeg', '{\"content\":\"<p><span style=\\\"color: rgb(102, 102, 102); font-family: Arial, 微软雅黑; font-size: 12px; line-height: 20px;\\\"></span></p><p style=\\\"margin-top: 0px; margin-bottom: 0px; padding: 0px; font-size: 14px; color: rgb(130, 130, 130); font-family: 微软雅黑; line-height: 26px; white-space: normal;\\\">肥皂粉袋、洗衣液袋、农药包装袋、被服压缩袋 ……<br style=\\\"margin: 0px; padding: 0px;\\\"/><br style=\\\"margin: 0px; padding: 0px;\\\"/></p><p><br style=\\\"margin: 0px; padding: 0px; color: rgb(102, 102, 102); font-family: Arial, 微软雅黑; font-size: 12px; line-height: 20px; white-space: normal;\\\"/><span style=\\\"color: rgb(102, 102, 102); font-family: Arial, 微软雅黑; font-size: 12px; line-height: 20px;\\\">• &nbsp;&nbsp;&nbsp;&nbsp;液体清洁立体袋，强度高，耐冲击，耐爆裂，阻隔好、刚性好、能挺立，耐应力开裂，阻隔性好，材料性好，适用于立体包装袋；底部柔性好，适用于加工；内层为改性PE，抗封口污染性好。</span></p><p style=\\\"margin-top: 0px; margin-bottom: 0px; padding: 0px; font-size: 12px; color: rgb(130, 130, 130); font-family: 微软雅黑; line-height: 26px; white-space: normal;\\\"><br/></p><p><br style=\\\"margin: 0px; padding: 0px; color: rgb(102, 102, 102); font-family: Arial, 微软雅黑; font-size: 12px; line-height: 20px; white-space: normal;\\\"/><span style=\\\"color: rgb(102, 102, 102); font-family: Arial, 微软雅黑; font-size: 12px; line-height: 20px;\\\">• &nbsp;&nbsp;&nbsp;&nbsp;农药包装袋，韧性好、抗冲击，抗跌落，密封性好，耐刺穿，强度高，印刷性好。</span></p><p style=\\\"margin-top: 0px; margin-bottom: 0px; padding: 0px; font-size: 12px; color: rgb(130, 130, 130); font-family: 微软雅黑; line-height: 26px; white-space: normal;\\\"><br/></p><p><br style=\\\"margin: 0px; padding: 0px; color: rgb(102, 102, 102); font-family: Arial, 微软雅黑; font-size: 12px; line-height: 20px; white-space: normal;\\\"/><span style=\\\"color: rgb(102, 102, 102); font-family: Arial, 微软雅黑; font-size: 12px; line-height: 20px;\\\">• &nbsp;&nbsp;&nbsp;&nbsp;重包装袋（米、豆、化肥），柔韧性、耐跌落，</span></p><p><span style=\\\"color: rgb(102, 102, 102); font-family: Arial, 微软雅黑; font-size: 12px; line-height: 20px;\\\"></span><br/></p><p><br/></p>\"}', null, '', '6', '0', '20150414122353', '0'), ('400', '232', '医药电子', '', '/wxadmin/upload/article/150414164700ZIYRMLK.jpeg', '{\"content\":\"<p style=\\\"margin-top: 0px; margin-bottom: 0px; padding: 0px; font-size: 14px; color: rgb(130, 130, 130); font-family: 微软雅黑; line-height: 26px; white-space: normal;\\\">血液袋、输液袋等医疗器材、PTP药品泡罩包装、机械精密仪器、防静电电子产品包装、气柱缓冲包装袋、锂电池包装<br style=\\\"margin: 0px; padding: 0px;\\\"/><br style=\\\"margin: 0px; padding: 0px;\\\"/></p><p><br style=\\\"margin: 0px; padding: 0px; color: rgb(102, 102, 102); font-family: Arial, 微软雅黑; font-size: 12px; line-height: 20px; white-space: normal;\\\"/><span style=\\\"color: rgb(102, 102, 102); font-family: Arial, 微软雅黑; font-size: 12px; line-height: 20px;\\\">• &nbsp;&nbsp;&nbsp;&nbsp;药品稳定可靠、易实现少计量和系列包装、工艺先进、安全卫生、携带与使用方便、储存期长，适应性和外观良好，而且具有标识、防伪等功能。</span></p><p style=\\\"margin-top: 0px; margin-bottom: 0px; padding: 0px; font-size: 12px; color: rgb(130, 130, 130); font-family: 微软雅黑; line-height: 26px; white-space: normal;\\\"><br/></p><p><br style=\\\"margin: 0px; padding: 0px; color: rgb(102, 102, 102); font-family: Arial, 微软雅黑; font-size: 12px; line-height: 20px; white-space: normal;\\\"/><span style=\\\"color: rgb(102, 102, 102); font-family: Arial, 微软雅黑; font-size: 12px; line-height: 20px;\\\">• &nbsp;&nbsp;&nbsp;&nbsp;泡罩包装有极高的机械强度、阻隔强度，优良的抗冲击性能，并具有一定的耐磨和抗穿刺能力，对整个包装起机械的保护作用。一般采用高强度、阻隔强度良好、抗冲击性能优异的25um厚度双向拉伸尼龙薄膜（BOPA）作为表面支持强度层。</span></p><p><br/></p>\"}', null, '', '0', '0', '20150414122422', '0'), ('378', '249', '速以制胜 恒以致远', '', '', '{\"content\":\"<p><span style=\\\"color: rgb(102, 102, 102); font-family: Arial, 微软雅黑; font-size: 12px; line-height: 24px;\\\">• 速以制胜。长塑以膜事业为起点，速育才、速创新、速周转、速覆盖、速扩张，实现了跨越式发展；&nbsp;</span><br style=\\\"margin: 0px; padding: 0px; color: rgb(102, 102, 102); font-family: Arial, 微软雅黑; font-size: 12px; line-height: 24px; white-space: normal;\\\"/><span style=\\\"color: rgb(102, 102, 102); font-family: Arial, 微软雅黑; font-size: 12px; line-height: 24px;\\\">• 恒以致远。长塑立足绿色生活材料领域，恒拼搏、恒创新、恒专注、恒汲取、恒突破，努力实现基业长青。</span></p>\"}', null, '', '2', '0', '20150414121459', '0'), ('393', '232', '食品包装', '', '/wxadmin/upload/article/150414171933DGMKHBX.jpeg', '{\"content\":\"<p style=\\\"margin-top: 0px; margin-bottom: 0px; padding: 0px; font-size: 14px; color: rgb(130, 130, 130); font-family: 微软雅黑; line-height: 26px; white-space: normal;\\\">水煮、蒸煮食品、冷冻食品包装、汤面液体调料包装、耐蒸煮食品……<br style=\\\"margin: 0px; padding: 0px;\\\"/><br style=\\\"margin: 0px; padding: 0px;\\\"/></p><p><br style=\\\"margin: 0px; padding: 0px; color: rgb(102, 102, 102); font-family: Arial, 微软雅黑; font-size: 12px; line-height: 20px; white-space: normal;\\\"/><span style=\\\"color: rgb(102, 102, 102); font-family: Arial, 微软雅黑; font-size: 12px; line-height: 20px;\\\">• &nbsp;&nbsp;&nbsp;&nbsp;冷冻食品包装，主要利用BOPA 薄膜强度高、耐穿刺性好、耐寒性优的特性。</span></p><p style=\\\"margin-top: 0px; margin-bottom: 0px; padding: 0px; font-size: 12px; color: rgb(130, 130, 130); font-family: 微软雅黑; line-height: 26px; white-space: normal;\\\"><br/></p><p><br style=\\\"margin: 0px; padding: 0px; color: rgb(102, 102, 102); font-family: Arial, 微软雅黑; font-size: 12px; line-height: 20px; white-space: normal;\\\"/><span style=\\\"color: rgb(102, 102, 102); font-family: Arial, 微软雅黑; font-size: 12px; line-height: 20px;\\\">• &nbsp;&nbsp;&nbsp;&nbsp;汤面液体调料包装，主要利用其强度高、耐穿刺性好、特别耐油性。</span></p><p style=\\\"margin-top: 0px; margin-bottom: 0px; padding: 0px; font-size: 12px; color: rgb(130, 130, 130); font-family: 微软雅黑; line-height: 26px; white-space: normal;\\\"><br/></p><p><br style=\\\"margin: 0px; padding: 0px; color: rgb(102, 102, 102); font-family: Arial, 微软雅黑; font-size: 12px; line-height: 20px; white-space: normal;\\\"/><span style=\\\"color: rgb(102, 102, 102); font-family: Arial, 微软雅黑; font-size: 12px; line-height: 20px;\\\">• &nbsp;&nbsp;&nbsp;&nbsp;耐蒸煮食品包装，主要利用其耐油、耐热、气体阻隔性好，具有耐穿刺性等特点。</span></p><p><br/></p>\"}', null, '', '1', '0', '20150414122253', '0'), ('339', '222', '长塑，成就世界模范', '', '/wxadmin/upload/article/150413160004VEKTHTH.plain', '{\"content\":\"<p><span style=\\\"color: rgb(102, 102, 102); font-family: Arial, 微软雅黑; font-size: 12px; line-height: 24px;\\\">&nbsp; 膜事业是长塑事业的起点，也是重点。长塑在已有资源、技术与规模优势的基础上，通过产品创新和经营领先策略，不断整合资源和创新技术，不断丰富膜产品的系列及品类，拓展膜产品的应用及推广，使长塑膜成为人类健康安全生活的卫士，使长塑成为中国膜领域的风向标，世界膜领域的领航者。</span></p>\"}', null, '', '0', '0', '20150413160156', '0'), ('417', '233', '热封尼龙膜', '', '/wxadmin/upload/article/150414165435BZNAUTS.jpeg', '{\"content\":\"<p style=\\\"margin-top: 0px; margin-bottom: 0px; padding: 0px; font-size: 14px; color: rgb(130, 130, 130); font-family: 微软雅黑; line-height: 26px; white-space: normal;\\\">可热封双向拉伸尼龙薄膜<br style=\\\"margin: 0px; padding: 0px;\\\"/><br style=\\\"margin: 0px; padding: 0px;\\\"/><br style=\\\"margin: 0px; padding: 0px;\\\"/></p><p style=\\\"margin-top: 0px; margin-bottom: 0px; padding: 0px; font-size: 12px; color: rgb(130, 130, 130); font-family: 微软雅黑; line-height: 26px; white-space: normal;\\\">• &nbsp;&nbsp;&nbsp;&nbsp;可热封尼龙薄膜适用于冷鲜食品包装、电子包装、气球等。&nbsp;<br style=\\\"margin: 0px; padding: 0px;\\\"/>• &nbsp;&nbsp;&nbsp;&nbsp;规格：厚度15~25um 宽度300~1600mm&nbsp;<br style=\\\"margin: 0px; padding: 0px;\\\"/>• &nbsp;&nbsp;&nbsp;&nbsp;长度4000/6000/8000/12000m。</p><p><br/></p>\"}', null, '', '0', '0', '20150414123524', '1'), ('416', '233', '超高爽滑尼龙膜', '', '/wxadmin/upload/article/150414165346PVJZCAM.jpeg', '{\"content\":\"<p style=\\\"margin-top: 0px; margin-bottom: 0px; padding: 0px; font-size: 14px; color: rgb(130, 130, 130); font-family: 微软雅黑; line-height: 26px; white-space: normal;\\\">超高爽滑双向拉伸尼龙薄膜<br style=\\\"margin: 0px; padding: 0px;\\\"/><br style=\\\"margin: 0px; padding: 0px;\\\"/><br style=\\\"margin: 0px; padding: 0px;\\\"/></p><p style=\\\"margin-top: 0px; margin-bottom: 0px; padding: 0px; font-size: 12px; color: rgb(130, 130, 130); font-family: 微软雅黑; line-height: 26px; white-space: normal;\\\">• &nbsp;&nbsp;&nbsp;&nbsp;超高爽滑尼龙膜适用于锂电池及药包的冷压深冲，自动化包装及自动化填充等。&nbsp;<br style=\\\"margin: 0px; padding: 0px;\\\"/>• &nbsp;&nbsp;&nbsp;&nbsp;规格：厚度15~25um 宽度300~1600mm&nbsp;<br style=\\\"margin: 0px; padding: 0px;\\\"/>• &nbsp;&nbsp;&nbsp;&nbsp;长度4000/6000/8000/12000m。</p><p><br/></p>\"}', null, '', '1', '0', '20150414123502', '1'), ('345', '222', '速以制胜 恒以致远', '', '', '{\"content\":\"<p><span style=\\\"color: rgb(102, 102, 102); font-family: Arial, 微软雅黑; font-size: 12px; line-height: 24px;\\\">• 速以制胜。长塑以膜事业为起点，速育才、速创新、速周转、速覆盖、速扩张，实现了跨越式发展；&nbsp;</span><br style=\\\"margin: 0px; padding: 0px; color: rgb(102, 102, 102); font-family: Arial, 微软雅黑; font-size: 12px; line-height: 24px; white-space: normal;\\\"/><span style=\\\"color: rgb(102, 102, 102); font-family: Arial, 微软雅黑; font-size: 12px; line-height: 24px;\\\">• 恒以致远。长塑立足绿色生活材料领域，恒拼搏、恒创新、恒专注、恒汲取、恒突破，努力实现基业长青。</span></p>\"}', null, '', '0', '0', '20150413160820', '0'), ('346', '222', '担当 拼搏 创造 成长', '', '', '{\"content\":\"<p><span style=\\\"color: rgb(102, 102, 102); font-family: Arial, 微软雅黑; font-size: 12px; line-height: 24px;\\\">• 担当：用百分百的敬业度，人人争当敬业乐群的长塑主人；</span><br style=\\\"margin: 0px; padding: 0px; color: rgb(102, 102, 102); font-family: Arial, 微软雅黑; font-size: 12px; line-height: 24px; white-space: normal;\\\"/><span style=\\\"color: rgb(102, 102, 102); font-family: Arial, 微软雅黑; font-size: 12px; line-height: 24px;\\\">• 拼搏：用百分百的激情度，人人争当拼搏进取的长塑拓疆者；</span><br style=\\\"margin: 0px; padding: 0px; color: rgb(102, 102, 102); font-family: Arial, 微软雅黑; font-size: 12px; line-height: 24px; white-space: normal;\\\"/><span style=\\\"color: rgb(102, 102, 102); font-family: Arial, 微软雅黑; font-size: 12px; line-height: 24px;\\\">• 创造：用百分百的智慧力，人人争当效能创造的长塑主力军；</span><br style=\\\"margin: 0px; padding: 0px; color: rgb(102, 102, 102); font-family: Arial, 微软雅黑; font-size: 12px; line-height: 24px; white-space: normal;\\\"/><span style=\\\"color: rgb(102, 102, 102); font-family: Arial, 微软雅黑; font-size: 12px; line-height: 24px;\\\">• 成长：用百分百的汲取力，人人争当基业长青的长塑捍卫者。</span></p>\"}', null, '', '0', '0', '20150413160901', '0'), ('347', '222', '环境与健康安全方针：关注健康安全，关注环境友好，关注资源节约', '', '', '{\"content\":\"<p><span style=\\\"color: rgb(102, 102, 102); font-family: Arial, 微软雅黑; font-size: 12px; line-height: 24px;\\\">• 关注健康安全：长塑为客户提供健康安全的产品，并以此作为消费者健康安全生活的卫士；我们重视生产经营的全业务链上的健 康安全管控，追求零污染；并重视为员工提供健康、安全、舒适的工作生活环境；&nbsp;</span><br style=\\\"margin: 0px; padding: 0px; color: rgb(102, 102, 102); font-family: Arial, 微软雅黑; font-size: 12px; line-height: 24px; white-space: normal;\\\"/><span style=\\\"color: rgb(102, 102, 102); font-family: Arial, 微软雅黑; font-size: 12px; line-height: 24px;\\\">• 关注环境友好：长塑坚信良好的环境是我们赖以生存和发展的空间，我们不以牺牲环境为代价获取企业发展，为此，我们遵守环境法规，我们重视环境保护，我们拒绝环境污染，并持续改进，努力使我们的产品在废弃时可降解或可再生；&nbsp;</span><br style=\\\"margin: 0px; padding: 0px; color: rgb(102, 102, 102); font-family: Arial, 微软雅黑; font-size: 12px; line-height: 24px; white-space: normal;\\\"/><span style=\\\"color: rgb(102, 102, 102); font-family: Arial, 微软雅黑; font-size: 12px; line-height: 24px;\\\">• 关注资源节约：长塑坚信资源是我们赖以生存和发展的基石，资源是会枯竭的，我们重视资源保护和 再利用，提高资源利用水平、利用率和节能减排，并努力使资源价值最大化。</span></p>\"}', null, '', '0', '0', '20150413161023', '0'), ('401', '239', 'BOPA薄膜的使用注意事项', '', '/wxadmin/upload/article/150414151428ONIRUUJ.jpeg', '{\"content\":\"<p><span style=\\\"color: rgb(102, 102, 102); font-family: Arial, 微软雅黑; font-size: 12px; line-height: 20px; background-color: rgb(255, 255, 255);\\\">BOPA薄膜的使用注意事项</span><br style=\\\"margin: 0px; padding: 0px; color: rgb(102, 102, 102); font-family: Arial, 微软雅黑; font-size: 12px; line-height: 20px; white-space: normal; background-color: rgb(255, 255, 255);\\\"/><span style=\\\"color: rgb(102, 102, 102); font-family: Arial, 微软雅黑; font-size: 12px; line-height: 20px; background-color: rgb(255, 255, 255);\\\">　　尼龙薄膜是一种极易吸潮的产品，吸潮后将对使用造成不利影响，如尺寸变化导致印刷时套印不准，表面的水膜导致复合强度不足、起泡等，因而在高湿度环境下要对尼龙薄膜做好防潮保护。</span><br style=\\\"margin: 0px; padding: 0px; color: rgb(102, 102, 102); font-family: Arial, 微软雅黑; font-size: 12px; line-height: 20px; white-space: normal; background-color: rgb(255, 255, 255);\\\"/><span style=\\\"color: rgb(102, 102, 102); font-family: Arial, 微软雅黑; font-size: 12px; line-height: 20px; background-color: rgb(255, 255, 255);\\\">具体要注意以下几方面问题：</span><br style=\\\"margin: 0px; padding: 0px; color: rgb(102, 102, 102); font-family: Arial, 微软雅黑; font-size: 12px; line-height: 20px; white-space: normal; background-color: rgb(255, 255, 255);\\\"/><span style=\\\"color: rgb(102, 102, 102); font-family: Arial, 微软雅黑; font-size: 12px; line-height: 20px; background-color: rgb(255, 255, 255);\\\">（1）使用前不要过早打开包装。</span><br style=\\\"margin: 0px; padding: 0px; color: rgb(102, 102, 102); font-family: Arial, 微软雅黑; font-size: 12px; line-height: 20px; white-space: normal; background-color: rgb(255, 255, 255);\\\"/><span style=\\\"color: rgb(102, 102, 102); font-family: Arial, 微软雅黑; font-size: 12px; line-height: 20px; background-color: rgb(255, 255, 255);\\\">（2）尽量一次用完，剩下的余膜用阻隔性好的材料包好。</span><br style=\\\"margin: 0px; padding: 0px; color: rgb(102, 102, 102); font-family: Arial, 微软雅黑; font-size: 12px; line-height: 20px; white-space: normal; background-color: rgb(255, 255, 255);\\\"/><span style=\\\"color: rgb(102, 102, 102); font-family: Arial, 微软雅黑; font-size: 12px; line-height: 20px; background-color: rgb(255, 255, 255);\\\">（3）印刷时第一色组不上版辊印刷，进行预干燥。</span><br style=\\\"margin: 0px; padding: 0px; color: rgb(102, 102, 102); font-family: Arial, 微软雅黑; font-size: 12px; line-height: 20px; white-space: normal; background-color: rgb(255, 255, 255);\\\"/><span style=\\\"color: rgb(102, 102, 102); font-family: Arial, 微软雅黑; font-size: 12px; line-height: 20px; background-color: rgb(255, 255, 255);\\\">（4）使用前放入熟化室干燥2-3小时。</span><br style=\\\"margin: 0px; padding: 0px; color: rgb(102, 102, 102); font-family: Arial, 微软雅黑; font-size: 12px; line-height: 20px; white-space: normal; background-color: rgb(255, 255, 255);\\\"/><span style=\\\"color: rgb(102, 102, 102); font-family: Arial, 微软雅黑; font-size: 12px; line-height: 20px; background-color: rgb(255, 255, 255);\\\">（5）保证生产车间合理的温度（25℃±2℃）和湿度（≤85%RH）。</span></p>\"}', null, 'BOPA薄膜的使用注意事项\n　　尼龙薄膜是一种极易吸潮的产品', '0', '0', '20150414122432', '0'), ('412', '240', '长塑之速第九期', '', '/wxadmin/upload/article/150414150307RZKTZED.jpeg', '{\"content\":\"<p><span style=\\\"color: rgb(119, 119, 119); font-family: Arial, 微软雅黑; font-size: 12px; line-height: 22px;\\\">长塑以膜事业为起点，筚路蓝缕，披荆斩棘，短短数年间，以速制胜，以恒致远，从无到有，从有到大，从大到强，成就世界膜范。长塑重视永续经营；长塑注重企业与人、自然、社会的和谐共处。</span></p>\"}', null, '长塑以膜事业为起点，筚路蓝缕，披荆斩棘，短短数年间，以速制胜', '4', '0', '20150414123044', '0'), ('406', '233', '分步拉伸尼龙膜', '', '/wxadmin/upload/article/150414165102COUXLKQ.jpeg', '{\"content\":\"<p style=\\\"margin-top: 0px; margin-bottom: 0px; padding: 0px; font-size: 14px; color: rgb(130, 130, 130); font-family: 微软雅黑; line-height: 26px; white-space: normal;\\\">双向拉伸复合型尼龙薄膜、双向拉伸印刷复合型尼龙薄膜、双向拉伸均衡型尼龙薄膜…<br style=\\\"margin: 0px; padding: 0px;\\\"/><br style=\\\"margin: 0px; padding: 0px;\\\"/><br style=\\\"margin: 0px; padding: 0px;\\\"/></p><p style=\\\"margin-top: 0px; margin-bottom: 0px; padding: 0px; font-size: 12px; color: rgb(130, 130, 130); font-family: 微软雅黑; line-height: 26px; white-space: normal;\\\">• &nbsp;&nbsp;&nbsp;&nbsp;复合型适用于常规用途、简单印刷包装。&nbsp;<br style=\\\"margin: 0px; padding: 0px;\\\"/>• &nbsp;&nbsp;&nbsp;&nbsp;印刷复合型适用于普通印刷、复合制袋工艺。<br style=\\\"margin: 0px; padding: 0px;\\\"/>• &nbsp;&nbsp;&nbsp;&nbsp;均衡型适合于高档印刷、复合制袋工艺。<br style=\\\"margin: 0px; padding: 0px;\\\"/>• &nbsp;&nbsp;&nbsp;&nbsp;规格：厚度15um 宽度300~1500mm<br style=\\\"margin: 0px; padding: 0px;\\\"/>• &nbsp;&nbsp;&nbsp;&nbsp;长度6000/12000/18000m。</p><p><br/></p>\"}', null, '', '0', '0', '20150414122600', '0'), ('415', '233', '消光型尼龙膜', '', '/wxadmin/upload/article/150414165327XRRHTXU.jpeg', '{\"content\":\"<p style=\\\"margin-top: 0px; margin-bottom: 0px; padding: 0px; font-size: 14px; color: rgb(130, 130, 130); font-family: 微软雅黑; line-height: 26px; white-space: normal;\\\">消光型双向拉伸尼龙薄膜<br style=\\\"margin: 0px; padding: 0px;\\\"/><br style=\\\"margin: 0px; padding: 0px;\\\"/><br style=\\\"margin: 0px; padding: 0px;\\\"/></p><p style=\\\"margin-top: 0px; margin-bottom: 0px; padding: 0px; font-size: 12px; color: rgb(130, 130, 130); font-family: 微软雅黑; line-height: 26px; white-space: normal;\\\">• &nbsp;&nbsp;&nbsp;&nbsp;消光型尼龙膜适用于精美印刷包装及高档书籍封面。&nbsp;<br style=\\\"margin: 0px; padding: 0px;\\\"/>• &nbsp;&nbsp;&nbsp;&nbsp;规格：厚度12~15um 宽度300~1600mm&nbsp;<br style=\\\"margin: 0px; padding: 0px;\\\"/>• &nbsp;&nbsp;&nbsp;&nbsp;长度6000/7500/12000/15000m。</p><p><br/></p>\"}', null, '', '0', '0', '20150414123438', '0'), ('407', '240', '长塑之速第八期', '', '/wxadmin/upload/article/150414150432RHSDJMJ.jpeg', '{\"content\":\"<p><span style=\\\"color: rgb(119, 119, 119); font-family: Arial, 微软雅黑; font-size: 12px; line-height: 22px;\\\">企业文化对员工的凝聚、约束、激励作用将会使企业获得竞争的主动权和致胜力量。长塑向世界级优秀企业发展需要强有力的文化支撑，为了实现文化接地气，长塑结合目前全新发展战略进行了</span></p>\"}', null, '企业文化对员工的凝聚、约束、激励作用将会使企业获得竞争的主动', '0', '0', '20150414122602', '0'), ('408', '233', '同步拉伸尼龙膜', '', '/wxadmin/upload/article/150414165126WWBLZMI.jpeg', '{\"content\":\"<p style=\\\"margin-top: 0px; margin-bottom: 0px; padding: 0px; font-size: 14px; color: rgb(130, 130, 130); font-family: 微软雅黑; line-height: 26px; white-space: normal;\\\">机械式同步拉伸尼龙薄膜、磁驱动线性同步拉伸尼龙薄膜 ……<br style=\\\"margin: 0px; padding: 0px;\\\"/><br style=\\\"margin: 0px; padding: 0px;\\\"/><br style=\\\"margin: 0px; padding: 0px;\\\"/></p><p style=\\\"margin-top: 0px; margin-bottom: 0px; padding: 0px; font-size: 12px; color: rgb(130, 130, 130); font-family: 微软雅黑; line-height: 26px; white-space: normal;\\\">• &nbsp;&nbsp;&nbsp;&nbsp;适用于高温蒸煮包装、高速精美印刷包装。<br style=\\\"margin: 0px; padding: 0px;\\\"/>• &nbsp;&nbsp;&nbsp;&nbsp;规格：厚度15um 宽度300~1500mm&nbsp;<br style=\\\"margin: 0px; padding: 0px;\\\"/>• &nbsp;&nbsp;&nbsp;&nbsp;长度6000m。</p><p><br/></p>\"}', null, '', '0', '0', '20150414122620', '0'), ('409', '233', '高阻隔型尼龙膜', '', '/wxadmin/upload/article/150414165151NZPKIBB.jpeg', '{\"content\":\"<p style=\\\"margin-top: 0px; margin-bottom: 0px; padding: 0px; font-size: 14px; color: rgb(130, 130, 130); font-family: 微软雅黑; line-height: 26px; white-space: normal;\\\">M高阻隔型尼龙薄膜、EVOH高阻隔型尼龙薄膜<br style=\\\"margin: 0px; padding: 0px;\\\"/><br style=\\\"margin: 0px; padding: 0px;\\\"/><br style=\\\"margin: 0px; padding: 0px;\\\"/></p><p style=\\\"margin-top: 0px; margin-bottom: 0px; padding: 0px; font-size: 12px; color: rgb(130, 130, 130); font-family: 微软雅黑; line-height: 26px; white-space: normal;\\\"><br style=\\\"margin: 0px; padding: 0px;\\\"/>• &nbsp;&nbsp;&nbsp;&nbsp;M高阻隔型尼龙薄膜适用于保鲜、保香、保质期长、耐高温的食品包装。&nbsp;<br style=\\\"margin: 0px; padding: 0px;\\\"/>• &nbsp;&nbsp;&nbsp;&nbsp;EVOH高阻隔型尼龙薄膜适用于冷鲜食品及饮料、化学品及电子军工品等包装。&nbsp;<br style=\\\"margin: 0px; padding: 0px;\\\"/>• &nbsp;&nbsp;&nbsp;&nbsp;规格：厚度15um 宽度300~1500mm&nbsp;<br style=\\\"margin: 0px; padding: 0px;\\\"/>• &nbsp;&nbsp;&nbsp;&nbsp;长度6000/12000/18000m。</p><p><br/></p>\"}', null, '', '0', '0', '20150414122647', '0'), ('410', '233', '超薄型尼龙膜', '', '/wxadmin/upload/article/150414165213SBKWOTP.jpeg', '{\"content\":\"<p style=\\\"margin-top: 0px; margin-bottom: 0px; padding: 0px; font-size: 14px; color: rgb(130, 130, 130); font-family: 微软雅黑; line-height: 26px; white-space: normal;\\\">节能型尼龙薄膜、超薄型尼龙薄膜<br style=\\\"margin: 0px; padding: 0px;\\\"/><br style=\\\"margin: 0px; padding: 0px;\\\"/><br style=\\\"margin: 0px; padding: 0px;\\\"/></p><p style=\\\"margin-top: 0px; margin-bottom: 0px; padding: 0px; font-size: 12px; color: rgb(130, 130, 130); font-family: 微软雅黑; line-height: 26px; white-space: normal;\\\">• &nbsp;&nbsp;&nbsp;&nbsp;节能型尼龙薄膜适用于常规包装，降低综合成本。&nbsp;<br style=\\\"margin: 0px; padding: 0px;\\\"/>• &nbsp;&nbsp;&nbsp;&nbsp;规格：厚度12um 宽度300~1600mm<br style=\\\"margin: 0px; padding: 0px;\\\"/>• &nbsp;&nbsp;&nbsp;&nbsp;长度7500/15000m。<br style=\\\"margin: 0px; padding: 0px;\\\"/><br style=\\\"margin: 0px; padding: 0px;\\\"/>• &nbsp;&nbsp;&nbsp;&nbsp;超薄型尼龙薄膜适用于气球等超薄包装。&nbsp;<br style=\\\"margin: 0px; padding: 0px;\\\"/>• &nbsp;&nbsp;&nbsp;&nbsp;规格：厚度≦10um 宽度300~1600mm&nbsp;<br style=\\\"margin: 0px; padding: 0px;\\\"/>• &nbsp;&nbsp;&nbsp;&nbsp;长度9000m。</p><p><br/></p>\"}', null, '', '0', '0', '20150414122715', '0'), ('411', '233', '增强型尼龙膜', '', '/wxadmin/upload/article/150414165230EAPCWGK.jpeg', '{\"content\":\"<p style=\\\"margin-top: 0px; margin-bottom: 0px; padding: 0px; font-size: 14px; color: rgb(130, 130, 130); font-family: 微软雅黑; line-height: 26px; white-space: normal;\\\">增强型尼龙膜、超强型尼龙膜<br style=\\\"margin: 0px; padding: 0px;\\\"/><br style=\\\"margin: 0px; padding: 0px;\\\"/><br style=\\\"margin: 0px; padding: 0px;\\\"/></p><p style=\\\"margin-top: 0px; margin-bottom: 0px; padding: 0px; font-size: 12px; color: rgb(130, 130, 130); font-family: 微软雅黑; line-height: 26px; white-space: normal;\\\">• &nbsp;&nbsp;&nbsp;&nbsp;增强型尼龙膜适用于泡罩药包、粽子袋等包装。&nbsp;<br style=\\\"margin: 0px; padding: 0px;\\\"/>• &nbsp;&nbsp;&nbsp;&nbsp;规格：厚度15~25um 宽度300~1600mm<br style=\\\"margin: 0px; padding: 0px;\\\"/>• &nbsp;&nbsp;&nbsp;&nbsp;长度4000/8000m。<br style=\\\"margin: 0px; padding: 0px;\\\"/><br style=\\\"margin: 0px; padding: 0px;\\\"/>• &nbsp;&nbsp;&nbsp;&nbsp;超强型尼龙膜适用于泡罩药包、锂电池等包装。&nbsp;<br style=\\\"margin: 0px; padding: 0px;\\\"/>• &nbsp;&nbsp;&nbsp;&nbsp;规格：厚度25~30um 宽度300~1600mm<br style=\\\"margin: 0px; padding: 0px;\\\"/>• &nbsp;&nbsp;&nbsp;&nbsp;长度4000/8000m。</p><p><br/></p>\"}', null, '', '1', '0', '20150414122805', '1'), ('413', '240', '长塑之速第六期', '', '/wxadmin/upload/article/150414150523EOQWBIZ.jpeg', '{\"content\":\"<p><span style=\\\"color: rgb(119, 119, 119); font-family: Arial, 微软雅黑; font-size: 12px; line-height: 22px;\\\">《少年派》《阿凡达》和《盔梦空间》这三部电影，引发了中国电影市场海啸般的狂潮与震撼。 他们带来人性和宗族思索、电影3d技术和文化翅象力上的一次启蒙．而，苹果凭借着创 新操作方法</span></p>\"}', null, '《少年派》《阿凡达》和《盔梦空间》这三部电影，引发了中国电影', '0', '0', '20150414123055', '0'), ('414', '240', '长塑之速第七期', '', '/wxadmin/upload/article/150414150512AHTOAOR.jpeg', '{\"content\":\"<p><span style=\\\"color: rgb(119, 119, 119); font-family: Arial, 微软雅黑; font-size: 12px; line-height: 22px;\\\">人的欲望是无限的，就一项经济活动而言，最重要的事情当然是最好的利用其有限的资源，所以，效率在企业中成为关键性的概念，接好号令并高效率地执行也成为企业对员工的重要考量标准</span></p>\"}', null, '人的欲望是无限的，就一项经济活动而言，最重要的事情当然是最好', '1', '0', '20150414123107', '0'), ('418', '233', '易粘结型尼龙膜', '', '/wxadmin/upload/article/150414170919BNTIJKF.jpeg', '{\"content\":\"<p style=\\\"margin-top: 0px; margin-bottom: 0px; padding: 0px; font-size: 14px; color: rgb(130, 130, 130); font-family: 微软雅黑; line-height: 26px; white-space: normal;\\\">易粘结型双向拉伸尼龙薄膜<br style=\\\"margin: 0px; padding: 0px;\\\"/><br style=\\\"margin: 0px; padding: 0px;\\\"/><br style=\\\"margin: 0px; padding: 0px;\\\"/></p><p style=\\\"margin-top: 0px; margin-bottom: 0px; padding: 0px; font-size: 12px; color: rgb(130, 130, 130); font-family: 微软雅黑; line-height: 26px; white-space: normal;\\\"><br style=\\\"margin: 0px; padding: 0px;\\\"/>• &nbsp;&nbsp;&nbsp;&nbsp;易粘结型尼龙膜适用于精美印刷及复合，镀铝，液体包装。&nbsp;<br style=\\\"margin: 0px; padding: 0px;\\\"/>• &nbsp;&nbsp;&nbsp;&nbsp;规格：厚度15~25um 宽度300~1600mm&nbsp;<br style=\\\"margin: 0px; padding: 0px;\\\"/>• &nbsp;&nbsp;&nbsp;&nbsp;长度4000/6000/8000/12000m。</p><p><br/></p>\"}', null, '', '2', '0', '20150414123544', '1'), ('442', '274', '123', '123', '', '{\"content\":\"<p>123</p>\"}', null, '123', '3', '0', '20150424220812', '0'), ('434', '270', '2344444', '2343', '/wxadmin/upload/article/150514170140WECTEGX.jpeg', '{\"videoName\":\"视频名称1\",\"videoUrl\":\"视频地址2\"}', null, '2341', '2', '0', '20150416162211', '0'), ('435', '270', '2344555555', '234', '/wxadmin/upload/150424231216QJUIPMX.jpeg', '{\"videoName\":\"234\",\"videoUrl\":\"234\"}', null, '234额', '0', '0', '20150416162353', '0'), ('436', '270', '234让人', '234', '/wxadmin/upload/150424231237JPFENNA.jpeg', '{\"videoName\":\"234\",\"videoUrl\":\"234\"}', null, '234', '3', '0', '20150416162418', '0'), ('437', '269', '234werwer3333', '234', '/wxadmin/upload/article/150514170214LEQCPVI.jpeg', '{\"content\":\"<p>qweqwe</p>\"}', null, '234', '1', '0', '20150416162549', '0'), ('438', '269', '2341', '234', '/wxadmin/upload/article/150514170158JQBKQKA.jpeg', '{\"content\":\"<p>wqewerwer</p>\"}', null, '234', '1', '0', '20150416162802', '0'), ('439', '269', '234', '234', '', '{\"content\":\"<p>234</p>\"}', null, '234', '2', '0', '20150416162812', '0'), ('445', '274', '233', '333', '', '{\"content\":\"<p>333</p>\"}', null, '333', '1', '0', '20150424224251', '0'), ('446', '274', '哈哈哈哈哈', '123', '', '{\"content\":\"<p>213213</p>\"}', null, '213', '1', '0', '20150424224400', '0'), ('448', '274', '测试测试测试', '测试测试测试', '/wxadmin/upload/150424225056LBJBPTB.jpeg', '{\"content\":\"<p>测试测试测试</p>\"}', null, '测试测试测试', '4', '0', '20150424225102', '0'), ('449', '274', '返回测试', '555', '/wxadmin/upload/150424225553AMICASD.jpeg', '{\"content\":\"<p>345345</p>\"}', null, '5435345', '0', '0', '20150424225559', '0'), ('450', '270', '呃呃呃我44', '呃呃呃', '/wxadmin/upload/150424230659VOFTJBR.jpeg', '{\"videoName\":\"额\",\"videoUrl\":\"额\"}', null, '额', '4', '0', '20150424230700', '0'), ('451', '282', '', '', '', '{}', null, '', '0', '0', '20150514170548', '0'), ('452', '282', '3234', '234234', '/wxadmin/upload/article/150514172553OGPHZFI.jpeg', '{}', null, '324234', '9', '0', '20150514172807', '0'), ('453', '282', '1', '11', '', '{\"imgs\":[{\"imgUrl\":\"/wxadmin/upload/article/150514183053TZALXFZ.jpeg\",\"imgDesc\":\"2\"},{\"imgUrl\":\"/wxadmin/upload/article/150514183055YZSEKIA.jpeg\",\"imgDesc\":\"2\"},{\"imgUrl\":\"/wxadmin/upload/article/150514183058ETBUNZV.jpeg\",\"imgDesc\":\"22\"}]}', null, '1', '1', '0', '20150514183241', '0'), ('454', '282', '2', '2', '', '{\"imgs\":[{\"imgUrl\":\"/wxadmin/upload/article/150514184537OYTEXWI.jpeg\",\"imgDesc\":\"werwqerwq\"},{\"imgUrl\":\"/wxadmin/upload/article/150514184541MIIVITH.jpeg\",\"imgDesc\":\"wqerqwerwr\"}]}', null, '2', '2', '0', '20150514184630', '0'), ('455', '282', '3', '3', '', '{\"imgs\":[{\"imgUrl\":\"/wxadmin/upload/article/150514184638DJSLUIM.jpeg\",\"imgDesc\":\"\"},{\"imgUrl\":\"/wxadmin/upload/article/150514184642FVVJDWV.jpeg\"}]}', null, '3', '0', '0', '20150514184645', '0'), ('456', '282', '4', '4', '', '{\"imgs\":[{\"imgUrl\":\"/wxadmin/upload/article/150514184702OAAYAFD.jpeg\",\"imgDesc\":\"\"},{\"imgUrl\":\"/wxadmin/upload/article/150514184705VMUCYTZ.jpeg\"}]}', null, '4', '0', '0', '20150514184707', '0'), ('457', '282', '5', '5', '', '{\"imgs\":[{\"imgUrl\":\"/wxadmin/upload/article/150514184727JWLKNHN.jpeg\",\"imgDesc\":\"\"},{\"imgUrl\":\"/wxadmin/upload/article/150514184731UMOJCII.jpeg\"}]}', null, '5', '0', '0', '20150514184903', '0'), ('458', '270', '1', '1', '', '{}', null, '1', '0', '0', '20150515124049', '0'), ('459', '287', '微博测试', '微博测试', '/wxadmin/upload/article/150515144300WBEBZSQ.jpeg', '{\"weiboName\":\"微博测试\",\"weibo\":\"werwrqwrwq\",\"weiboLogo\":\"/wxadmin/upload/article/150515144940YWEJSDJ.jpeg\"}', null, '微博测试', '4', '0', '20150515133501', '0'), ('460', '292', '222', '2222', '/wxadmin/upload/article/150515145050CMKOJXQ.jpeg', '{\"imgs\":[{\"imgUrl\":\"/wxadmin/upload/article/150515135142GRSICDT.jpeg\",\"imgDesc\":\"22222\"},{\"imgUrl\":\"/wxadmin/upload/article/150515135145OZLJHDB.jpeg\",\"imgDesc\":\"2222222\"}]}', null, '22222', '13', '0', '20150515135157', '0'), ('404', '239', '“梅雨”季节使用尼龙膜印复注意事项', '', '/wxadmin/upload/article/150414151412PSBCHLP.jpeg', '{\"content\":\"<p style=\\\"margin-top: 0px; margin-bottom: 0px; padding: 0px; font-size: 12px; color: rgb(102, 102, 102); font-family: Arial, 微软雅黑; line-height: 24px; white-space: normal; background-color: rgb(255, 255, 255);\\\"><span style=\\\"margin: 0px; padding: 0px; font-size: 12pt;\\\">过了春节，南方气侯逐渐转暖并将进入“梅雨”季节，同时“梅雨”季节也逐渐向北扩展。而今年的雨季似乎来得特别早，并且雨水比往年多。在这种高温多雨的季节，对于尼龙膜的生产和使用就要特别注意，以免因空气中的湿度过大，尼龙膜吸湿而引起印刷、复合工艺上的各种不必要的失误而引发印复产品质量问题。</span></p><p style=\\\"margin-top: 0px; margin-bottom: 0px; padding: 0px; font-size: 12px; color: rgb(102, 102, 102); font-family: Arial, 微软雅黑; line-height: 24px; white-space: normal; background-color: rgb(255, 255, 255);\\\">&nbsp;</p><p style=\\\"margin-top: 0px; margin-bottom: 0px; padding: 0px; font-size: 12px; color: rgb(102, 102, 102); font-family: Arial, 微软雅黑; line-height: 24px; white-space: normal; background-color: rgb(255, 255, 255);\\\"><span style=\\\"margin: 0px; padding: 0px; font-size: 12pt;\\\">尼龙膜虽然是极性材料，在生产过程中有经过分子结晶这个过程</span><span style=\\\"margin: 0px; padding: 0px; font-size: 12pt;\\\">,</span>&nbsp;<span style=\\\"margin: 0px; padding: 0px; font-size: 12pt;\\\">但并非所有聚酰胺中的分子都能结晶的</span><span style=\\\"margin: 0px; padding: 0px; font-size: 12pt;\\\">,</span>&nbsp;<span style=\\\"margin: 0px; padding: 0px; font-size: 12pt;\\\">还有一部分非结晶的酰胺基极性基团</span><span style=\\\"margin: 0px; padding: 0px; font-size: 12pt;\\\">,&nbsp;</span><span style=\\\"margin: 0px; padding: 0px; font-size: 12pt;\\\">这些酰胺基可以与水分子配位</span><span style=\\\"margin: 0px; padding: 0px; font-size: 12pt;\\\">,&nbsp;</span><span style=\\\"margin: 0px; padding: 0px; font-size: 12pt;\\\">导致尼龙薄膜表面极易吸入极性很强的水分子</span><span style=\\\"margin: 0px; padding: 0px; font-size: 12pt;\\\">,&nbsp;</span><span style=\\\"margin: 0px; padding: 0px; font-size: 12pt;\\\">使尼龙膜吸潮变软，拉伸力减弱，生产时产生张力不稳，有时在薄膜表面形成一层薄薄的水膜</span><span style=\\\"margin: 0px; padding: 0px; font-size: 12pt;\\\">,&nbsp;</span><span style=\\\"margin: 0px; padding: 0px; font-size: 12pt;\\\">阻隔油墨和胶粘剂对薄膜的附着，而影响产品质量。</span><span style=\\\"margin: 0px; padding: 0px; font-size: 12pt;\\\">如使印品起皱、套印不准，制袋错位、翘边、卷曲，复合膜起泡、容易起斑点、晶点和白点。异味增多、膜面粘连、打码困难、等等。严重时引发复合剥离强度下降或产生油墨或胶粘剂转移、降解而脱层、打码速度下降或打码打不上高温蒸煮过程中破袋现象增多、复合膜手感发硬、发脆现象增多等。这些都是尼龙膜吸潮以后产生的缺点而造成的质量故障。因此，在“梅雨”季节使用尼龙膜生产就应该特别的注意天气的变化和生产车间温湿度的控制，以防由于湿度大引起各种不良质量因素的产生。以下提出几点注意事项以供在日常生产过程参考：</span></p><p style=\\\"margin-top: 0px; margin-bottom: 0px; padding: 0px; font-size: 12px; color: rgb(102, 102, 102); font-family: Arial, 微软雅黑; line-height: 24px; white-space: normal; background-color: rgb(255, 255, 255);\\\">&nbsp;</p><p style=\\\"margin-top: 0px; margin-bottom: 0px; padding: 0px; font-size: 12px; color: rgb(102, 102, 102); font-family: Arial, 微软雅黑; line-height: 24px; white-space: normal; background-color: rgb(255, 255, 255);\\\"><strong style=\\\"margin: 0px; padding: 0px;\\\"><span style=\\\"margin: 0px; padding: 0px; font-size: 12pt;\\\">1、</span></strong><strong style=\\\"margin: 0px; padding: 0px;\\\"><span style=\\\"margin: 0px; padding: 0px; font-size: 12pt;\\\">严格控制生产环境的温湿度</span></strong><span style=\\\"margin: 0px; padding: 0px; font-size: 12pt;\\\">。</span></p><p style=\\\"margin-top: 0px; margin-bottom: 0px; padding: 0px; font-size: 12px; color: rgb(102, 102, 102); font-family: Arial, 微软雅黑; line-height: 24px; white-space: normal; background-color: rgb(255, 255, 255);\\\"><span style=\\\"margin: 0px; padding: 0px; font-size: 12pt;\\\">由于尼龙膜的吸潮性以及吸潮后所引起的一系列不良质量后果，因此对尼龙膜的使用环境和存放环境十分重要。一般应存放在</span><span style=\\\"margin: 0px; padding: 0px; font-size: 12pt;\\\">2</span><span style=\\\"margin: 0px; padding: 0px; font-size: 12pt;\\\">3</span><span style=\\\"margin: 0px; padding: 0px; font-size: 12pt;\\\">℃、±3℃左右，干湿差在50% ±5% 范围内比较理想，尼龙膜不能直接放置于地板、露天，以免受潮吸湿。而生产环境的干湿差一般不超过80%，若达80%应停止生产以免产生不良因素。可在生产场地加放排风扇和除湿机，加强室内空气流通，有的企业将生产尼龙材料安排在中午时间段。总之，在湿度超过70%时一定慎重使用，在气温偏低或湿度偏大时使用，一定要开启印刷和复合机的预热设备，先将尼龙膜预热，烘干附于尼龙膜表面的水份。厦门长塑实业公司在生产过程中虽有恒温恒湿控制，但在运输和使用中，可能会产生许多不可预见的因素，需特别注意生产环境的温湿度变化，以利于生产的顺利进行。</span></p><p style=\\\"margin-top: 0px; margin-bottom: 0px; padding: 0px; font-size: 12px; color: rgb(102, 102, 102); font-family: Arial, 微软雅黑; line-height: 24px; white-space: normal; background-color: rgb(255, 255, 255);\\\">&nbsp;</p><p style=\\\"margin-top: 0px; margin-bottom: 0px; padding: 0px; font-size: 12px; color: rgb(102, 102, 102); font-family: Arial, 微软雅黑; line-height: 24px; white-space: normal; background-color: rgb(255, 255, 255);\\\"><strong style=\\\"margin: 0px; padding: 0px;\\\"><span style=\\\"margin: 0px; padding: 0px; font-size: 12pt;\\\">2、</span></strong><strong style=\\\"margin: 0px; padding: 0px;\\\"><span style=\\\"margin: 0px; padding: 0px; font-size: 12pt;\\\">尽量少用或不用醇类溶剂</span></strong><span style=\\\"margin: 0px; padding: 0px; font-size: 12pt;\\\">。</span></p><p style=\\\"margin-top: 0px; margin-bottom: 0px; padding: 0px; font-size: 12px; color: rgb(102, 102, 102); font-family: Arial, 微软雅黑; line-height: 24px; white-space: normal; background-color: rgb(255, 255, 255);\\\"><span style=\\\"margin: 0px; padding: 0px; font-size: 12pt;\\\">印刷尼龙薄膜有其专用的聚氨酯树脂类油墨，在使用聚氨酯树脂类油墨时注意少加或不加醇类稀释溶剂。因为聚氨酯树脂本身是由-OH封端的，-OH能与聚氨酯胶粘剂的固化剂中的异氰酸酯基-NCO发生反应，使固化剂参与胶粘剂主剂反应的量减少，影响粘合强度。如若一定要加入醇类稀释溶剂，也应尽量控制在8%以内，并在印刷过程中将溶剂残留量降至最小限度（一般总量＞3mg/m<sup style=\\\"margin: 0px; padding: 0px;\\\">2</sup>），在印刷有白墨打底的印件时,</span>&nbsp;<span style=\\\"margin: 0px; padding: 0px; font-size: 12pt;\\\">最好在白墨中加入少量的固化剂以提高复合牢度。(根据油墨厂家按要求加入量使用)</span>&nbsp;<span style=\\\"margin: 0px; padding: 0px; font-size: 12pt;\\\">。</span><span style=\\\"margin: 0px; padding: 0px; font-size: 12pt;\\\">印后应尽快进行复合生产,</span><span style=\\\"margin: 0px; padding: 0px; font-size: 12pt;\\\">剩余材料可用含有铝箔的包装膜包装好</span><span style=\\\"margin: 0px; padding: 0px; font-size: 12pt;\\\">,&nbsp;</span><span style=\\\"margin: 0px; padding: 0px; font-size: 12pt;\\\">以防空气中水蒸气侵入受潮</span><span style=\\\"margin: 0px; padding: 0px; font-size: 12pt;\\\">,&nbsp;</span><span style=\\\"margin: 0px; padding: 0px; font-size: 12pt;\\\">剩膜应放置于干燥通风处</span><span style=\\\"margin: 0px; padding: 0px; font-size: 12pt;\\\">,&nbsp;</span><span style=\\\"margin: 0px; padding: 0px; font-size: 12pt;\\\">再用时最好提前</span><span style=\\\"margin: 0px; padding: 0px; font-size: 12pt;\\\">2~3</span><span style=\\\"margin: 0px; padding: 0px; font-size: 12pt;\\\">小时放置于熟化室以烘干尼龙膜表面水蒸气</span><span style=\\\"margin: 0px; padding: 0px; font-size: 12pt;\\\">,&nbsp;</span><span style=\\\"margin: 0px; padding: 0px; font-size: 12pt;\\\">使材料免于受潮而影响产品质量。如果生产水煮蒸煮袋，油墨一定加入固化剂以保证油墨附着率。</span></p><p style=\\\"margin-top: 0px; margin-bottom: 0px; padding: 0px; font-size: 12px; color: rgb(102, 102, 102); font-family: Arial, 微软雅黑; line-height: 24px; white-space: normal; background-color: rgb(255, 255, 255);\\\">&nbsp;</p><p style=\\\"margin-top: 0px; margin-bottom: 0px; padding: 0px; font-size: 12px; color: rgb(102, 102, 102); font-family: Arial, 微软雅黑; line-height: 24px; white-space: normal; background-color: rgb(255, 255, 255);\\\"><strong style=\\\"margin: 0px; padding: 0px;\\\"><span style=\\\"margin: 0px; padding: 0px; font-size: 12pt;\\\">3、</span></strong><strong style=\\\"margin: 0px; padding: 0px;\\\"><span style=\\\"margin: 0px; padding: 0px; font-size: 12pt;\\\">注意油墨的质量，以防色迁移和色渗透</span></strong><span style=\\\"margin: 0px; padding: 0px; font-size: 12pt;\\\">。</span></p><p style=\\\"margin-top: 0px; margin-bottom: 0px; padding: 0px; font-size: 12px; color: rgb(102, 102, 102); font-family: Arial, 微软雅黑; line-height: 24px; white-space: normal; background-color: rgb(255, 255, 255);\\\"><span style=\\\"margin: 0px; padding: 0px; font-size: 12pt;\\\">“梅雨”季节或高温高湿的天气中使用</span><span style=\\\"margin: 0px; padding: 0px; font-size: 12pt;\\\">BOPA</span><span style=\\\"margin: 0px; padding: 0px; font-size: 12pt;\\\">薄膜应防止塑料凹印中出现的色迁移和色渗透。色迁移和色渗透主要是由于墨层中颜料的小分子在一定的湿度和温度下做剧烈的布朗运动</span><span style=\\\"margin: 0px; padding: 0px; font-size: 12pt;\\\">,</span>&nbsp;<span style=\\\"margin: 0px; padding: 0px; font-size: 12pt;\\\">从而脱离靠微弱的分子间力形成的晶格而跟随其它有机分子一起做迁移运动，散布颜色。在高湿高温的环境中，色淀颜料如青莲色、桃红色等很容易产生色迁移，特别是印刷好的成品，堆放一定要注意。温度越高，湿度越大，水分子就越多，颜色料晶体的分解受水的作用就越严重，色渗透也就越容易产生。而对于单听偶氮颜料来说，由于分子量小，所以比较容易发生迁移；对于双偶氮颜籵及缩合偶氮颜料如联苯胺黄、颜料红</span><span style=\\\"margin: 0px; padding: 0px; font-size: 12pt;\\\">44</span><span style=\\\"margin: 0px; padding: 0px; font-size: 12pt;\\\">等由于大大提高了分子量，所以不易发生迁移。杂环颜料，如永固紫由于分子量大，化学性质稳定，因而也不容易发生迀移。</span></p><p style=\\\"margin-top: 0px; margin-bottom: 0px; padding: 0px; font-size: 12px; color: rgb(102, 102, 102); font-family: Arial, 微软雅黑; line-height: 24px; white-space: normal; background-color: rgb(255, 255, 255);\\\"><span style=\\\"margin: 0px; padding: 0px; font-size: 12pt;\\\">色渗透发生机理比色迁移复杂，除与颜料本身的特性如分子量、受水作用影响程度有关外，还与薄膜的特性有关。色迀移与色渗透发生的原因一般是墨层中的颜料、温度、湿度、薄膜本身特性等方面共同作用的结果。对于尼龙膜、非线型聚乙烯等薄膜，由于是无定型态，结晶程度低，分子间隙大，在高温高湿环境下易发生色渗透现象。</span></p><p style=\\\"margin-top: 0px; margin-bottom: 0px; padding: 0px; font-size: 12px; color: rgb(102, 102, 102); font-family: Arial, 微软雅黑; line-height: 24px; white-space: normal; background-color: rgb(255, 255, 255);\\\">&nbsp;</p><p style=\\\"margin-top: 0px; margin-bottom: 0px; padding: 0px; font-size: 12px; color: rgb(102, 102, 102); font-family: Arial, 微软雅黑; line-height: 24px; white-space: normal; background-color: rgb(255, 255, 255);\\\"><strong style=\\\"margin: 0px; padding: 0px;\\\"><span style=\\\"margin: 0px; padding: 0px; font-size: 12pt;\\\">4、</span></strong><strong style=\\\"margin: 0px; padding: 0px;\\\"><span style=\\\"margin: 0px; padding: 0px; font-size: 12pt;\\\">真溶剂和假溶剂的添加控制</span></strong><span style=\\\"margin: 0px; padding: 0px; font-size: 12pt;\\\">。</span></p><p style=\\\"margin-top: 0px; margin-bottom: 0px; padding: 0px; font-size: 12px; color: rgb(102, 102, 102); font-family: Arial, 微软雅黑; line-height: 24px; white-space: normal; background-color: rgb(255, 255, 255);\\\"><span style=\\\"margin: 0px; padding: 0px; font-size: 12pt;\\\">在印刷油墨中加入的混合溶剂中，有的溶剂可以溶解油墨中的连结料，称之为真溶剂，有的溶剂单一使用则不能溶解油墨中的连结料，称为假溶剂。由于溶剂之间挥发性不同，如果真溶剂先挥发，则油墨中溶剂的比例受到破坏就会出现油墨树脂析出沉淀等现象。所以应及时补加真溶剂，当溶剂平衡性较差时，应添加一些蒸发速度较慢的真溶剂。以保持溶剂挥发性的平衡。各种类型的油墨由于油墨树脂的不同，针对使用的真溶剂也不同，一定要先搞清楚使用哪种类型的树脂油墨，才能对应使用何种真溶剂。</span></p><p style=\\\"margin-top: 0px; margin-bottom: 0px; padding: 0px; font-size: 12px; color: rgb(102, 102, 102); font-family: Arial, 微软雅黑; line-height: 24px; white-space: normal; background-color: rgb(255, 255, 255);\\\">&nbsp;</p><p style=\\\"margin-top: 0px; margin-bottom: 0px; padding: 0px; font-size: 12px; color: rgb(102, 102, 102); font-family: Arial, 微软雅黑; line-height: 24px; white-space: normal; background-color: rgb(255, 255, 255);\\\"><strong style=\\\"margin: 0px; padding: 0px;\\\"><span style=\\\"margin: 0px; padding: 0px; font-size: 12pt;\\\">5、</span></strong><strong style=\\\"margin: 0px; padding: 0px;\\\"><span style=\\\"margin: 0px; padding: 0px; font-size: 12pt;\\\">溶剂的质量也非常重要</span></strong><span style=\\\"margin: 0px; padding: 0px; font-size: 12pt;\\\">。</span></p><p style=\\\"margin-top: 0px; margin-bottom: 0px; padding: 0px; font-size: 12px; color: rgb(102, 102, 102); font-family: Arial, 微软雅黑; line-height: 24px; white-space: normal; background-color: rgb(255, 255, 255);\\\"><span style=\\\"margin: 0px; padding: 0px; font-size: 12pt;\\\">必须对所使用的溶剂的含水、醇量进行控制。各种溶剂的质量非常重要，如醋酸乙酯的含水量、含醇量多少完全可以影响到干式复合产品的质量。在国家标准</span><span style=\\\"margin: 0px; padding: 0px; font-size: 12pt;\\\">GB3728--1991</span><span style=\\\"margin: 0px; padding: 0px; font-size: 12pt;\\\">中有规定。优等品醋酸乙酯含量应达</span><span style=\\\"margin: 0px; padding: 0px; font-size: 12pt;\\\">99.0%</span><span style=\\\"margin: 0px; padding: 0px; font-size: 12pt;\\\">，水分含量</span><span style=\\\"margin: 0px; padding: 0px; font-size: 12pt;\\\">0.1%</span><span style=\\\"margin: 0px; padding: 0px; font-size: 12pt;\\\">、一等品醋酸乙酯含量应达</span><span style=\\\"margin: 0px; padding: 0px; font-size: 12pt;\\\">98.5%</span><span style=\\\"margin: 0px; padding: 0px; font-size: 12pt;\\\">水分含量为</span><span style=\\\"margin: 0px; padding: 0px; font-size: 12pt;\\\">0.20%</span><span style=\\\"margin: 0px; padding: 0px; font-size: 12pt;\\\">以内。在干式复合中水分含量不超过</span><span style=\\\"margin: 0px; padding: 0px; font-size: 12pt;\\\">0.20%</span><span style=\\\"margin: 0px; padding: 0px; font-size: 12pt;\\\">才能符合要求，并且不能含醇、胺、活性氢类，否则将消耗固化剂，出现复合剥离牢度差、不干、复合脱层或起皱等现象。这是由于带</span><span style=\\\"margin: 0px; padding: 0px; font-size: 12pt;\\\">-OH</span><span style=\\\"margin: 0px; padding: 0px; font-size: 12pt;\\\">封端的聚氨酯主剂与带</span><span style=\\\"margin: 0px; padding: 0px; font-size: 12pt;\\\">-NCO</span><span style=\\\"margin: 0px; padding: 0px; font-size: 12pt;\\\">封端的聚氨酯固化剂发生反应生成较大分子量的聚氨酯而形成粘合力。因此，它们之间的配位是有固定的配比，而带有</span><span style=\\\"margin: 0px; padding: 0px; font-size: 12pt;\\\">-OH</span><span style=\\\"margin: 0px; padding: 0px; font-size: 12pt;\\\">的醇类物质及带有</span><span style=\\\"margin: 0px; padding: 0px; font-size: 12pt;\\\">-NH<sub style=\\\"margin: 0px; padding: 0px;\\\">2</sub></span><span style=\\\"margin: 0px; padding: 0px; font-size: 12pt;\\\">的物质对复合加工的干扰性较大，不但会产生大量的不干现象，同时残留溶剂多，复合产生气泡等质量问题也会不断涌现。为了保证在高湿天气下复合胶粘剂主剂和固化剂的匹配合理，考虑空气中湿度大的同时，在配制胶粘剂时，可适当增加</span><span style=\\\"margin: 0px; padding: 0px; font-size: 12pt;\\\">5%~8%</span><span style=\\\"margin: 0px; padding: 0px; font-size: 12pt;\\\">的固化剂用量，以保证胶粘剂的正常交联固化。</span></p><p style=\\\"margin-top: 0px; margin-bottom: 0px; padding: 0px; font-size: 12px; color: rgb(102, 102, 102); font-family: Arial, 微软雅黑; line-height: 24px; white-space: normal; background-color: rgb(255, 255, 255);\\\">&nbsp;</p><p style=\\\"margin-top: 0px; margin-bottom: 0px; padding: 0px; font-size: 12px; color: rgb(102, 102, 102); font-family: Arial, 微软雅黑; line-height: 24px; white-space: normal; background-color: rgb(255, 255, 255);\\\"><strong style=\\\"margin: 0px; padding: 0px;\\\"><span style=\\\"margin: 0px; padding: 0px; font-size: 12pt;\\\">6、</span></strong><strong style=\\\"margin: 0px; padding: 0px;\\\"><span style=\\\"margin: 0px; padding: 0px; font-size: 12pt;\\\">由于湿度大引起的凝胶和白化。</span></strong></p><p style=\\\"margin-top: 0px; margin-bottom: 0px; padding: 0px; font-size: 12px; color: rgb(102, 102, 102); font-family: Arial, 微软雅黑; line-height: 24px; white-space: normal; background-color: rgb(255, 255, 255);\\\"><span style=\\\"margin: 0px; padding: 0px; font-size: 12pt;\\\">由于水份带入到含有异氰酸酯基（</span><span style=\\\"margin: 0px; padding: 0px; font-size: 12pt;\\\">--NCO</span><span style=\\\"margin: 0px; padding: 0px; font-size: 12pt;\\\">）的粘合剂系统中</span><span style=\\\"margin: 0px; padding: 0px; font-size: 12pt;\\\">,</span>&nbsp;<span style=\\\"margin: 0px; padding: 0px; font-size: 12pt;\\\">会引起凝胶和白化。这主要是</span><span style=\\\"margin: 0px; padding: 0px; font-size: 12pt;\\\">:1</span><span style=\\\"margin: 0px; padding: 0px; font-size: 12pt;\\\">摩尔的水</span><span style=\\\"margin: 0px; padding: 0px; font-size: 12pt;\\\">(H<sub style=\\\"margin: 0px; padding: 0px;\\\">2</sub>O)</span>&nbsp;<span style=\\\"margin: 0px; padding: 0px; font-size: 12pt;\\\">可以和</span><span style=\\\"margin: 0px; padding: 0px; font-size: 12pt;\\\">1</span><span style=\\\"margin: 0px; padding: 0px; font-size: 12pt;\\\">摩尔的含有异氰酸酯基</span><span style=\\\"margin: 0px; padding: 0px; font-size: 12pt;\\\">(-NCO)</span>&nbsp;<span style=\\\"margin: 0px; padding: 0px; font-size: 12pt;\\\">的粘合剂的固化剂反应生成胺和二氧化碳</span><span style=\\\"margin: 0px; padding: 0px; font-size: 12pt;\\\">&nbsp;<strong style=\\\"margin: 0px; padding: 0px;\\\">R-NCO+H<sub style=\\\"margin: 0px; padding: 0px;\\\">2</sub>O</strong></span><strong style=\\\"margin: 0px; padding: 0px;\\\"><span style=\\\"margin: 0px; padding: 0px; font-size: 12pt;\\\">→</span></strong><strong style=\\\"margin: 0px; padding: 0px;\\\"><span style=\\\"margin: 0px; padding: 0px; font-size: 12pt;\\\">R- NH<sub style=\\\"margin: 0px; padding: 0px;\\\">2</sub>+C</span></strong><strong style=\\\"margin: 0px; padding: 0px;\\\"><span style=\\\"margin: 0px; padding: 0px; font-size: 12pt;\\\">O<sub style=\\\"margin: 0px; padding: 0px;\\\">2</sub></span></strong><strong style=\\\"margin: 0px; padding: 0px;\\\"><span style=\\\"margin: 0px; padding: 0px; font-size: 12pt;\\\">↑</span></strong><span style=\\\"margin: 0px; padding: 0px; font-size: 12pt;\\\">这一步反应虽然不是很快,</span>&nbsp;<span style=\\\"margin: 0px; padding: 0px; font-size: 12pt;\\\">但比起与主剂的反应要快得多。（有人做过试验快10倍以上）。由于固化剂与水反应在先,</span><span style=\\\"margin: 0px; padding: 0px; font-size: 12pt;\\\">从而改变了主剂与固化剂的配比,</span><span style=\\\"margin: 0px; padding: 0px; font-size: 12pt;\\\">使粘合剂不能正常固化,</span><span style=\\\"margin: 0px; padding: 0px; font-size: 12pt;\\\">而与水生成的</span><span style=\\\"margin: 0px; padding: 0px; font-size: 12pt;\\\">CO<sub style=\\\"margin: 0px; padding: 0px;\\\">2</sub></span><span style=\\\"margin: 0px; padding: 0px; font-size: 12pt;\\\">气体在复合制品鼓胀</span><span style=\\\"margin: 0px; padding: 0px; font-size: 12pt;\\\">,&nbsp;</span><span style=\\\"margin: 0px; padding: 0px; font-size: 12pt;\\\">造成气泡和针孔</span><span style=\\\"margin: 0px; padding: 0px; font-size: 12pt;\\\">,&nbsp;</span><span style=\\\"margin: 0px; padding: 0px; font-size: 12pt;\\\">而与水反应产生的胺继续与</span><span style=\\\"margin: 0px; padding: 0px; font-size: 12pt;\\\">1</span><span style=\\\"margin: 0px; padding: 0px; font-size: 12pt;\\\">摩尔的含异氰酸酯基</span><span style=\\\"margin: 0px; padding: 0px; font-size: 12pt;\\\">(-NCO)&nbsp;</span><span style=\\\"margin: 0px; padding: 0px; font-size: 12pt;\\\">反应</span><span style=\\\"margin: 0px; padding: 0px; font-size: 12pt;\\\">,&nbsp;</span><span style=\\\"margin: 0px; padding: 0px; font-size: 12pt;\\\">生成缩二脲</span><span style=\\\"margin: 0px; padding: 0px; font-size: 12pt;\\\">,&nbsp;<strong style=\\\"margin: 0px; padding: 0px;\\\">R-NCO+R<sup style=\\\"margin: 0px; padding: 0px;\\\">2</sup>--NH</strong></span><strong style=\\\"margin: 0px; padding: 0px;\\\"><sub style=\\\"margin: 0px; padding: 0px;\\\"><span style=\\\"margin: 0px; padding: 0px; font-size: 16pt;\\\">2</span></sub></strong><strong style=\\\"margin: 0px; padding: 0px;\\\"><sub style=\\\"margin: 0px; padding: 0px;\\\"><span style=\\\"margin: 0px; padding: 0px; font-size: 12pt;\\\">--</span></sub></strong><strong style=\\\"margin: 0px; padding: 0px;\\\"><span style=\\\"margin: 0px; padding: 0px; font-size: 12pt;\\\">RNHCONH</span></strong><strong style=\\\"margin: 0px; padding: 0px;\\\"><span style=\\\"margin: 0px; padding: 0px; font-size: 12pt;\\\">R</span></strong><strong style=\\\"margin: 0px; padding: 0px;\\\"><span style=\\\"margin: 0px; padding: 0px; font-size: 12pt;\\\">↓</span></strong><span style=\\\"margin: 0px; padding: 0px; font-size: 12pt;\\\">。该产品是一种白色结晶,</span>&nbsp;<span style=\\\"margin: 0px; padding: 0px; font-size: 12pt;\\\">不溶于醋酸乙酯中而呈现胶液的白化,</span>&nbsp;<span style=\\\"margin: 0px; padding: 0px; font-size: 12pt;\\\">生成的缩二脲逐渐积累,</span>&nbsp;<span style=\\\"margin: 0px; padding: 0px; font-size: 12pt;\\\">使复合花辊堵塞而造成上胶量不足,</span>&nbsp;<span style=\\\"margin: 0px; padding: 0px; font-size: 12pt;\\\">产生废品。经常在早上复合胶液还正常使用，到下午就出现胶液混浊变白并有沉淀现象就是这个原理。因此在配制粘合剂时，随配随用，不要放置时间过长，在配制时保证固化剂量，使其尽量往上限靠，一股不超过正常用量的15%(应视实际情况调节)。因此，在这段季节印刷复合使用尼龙膜是个难关，特别对复合工序更为重要。</span></p><p style=\\\"margin-top: 0px; margin-bottom: 0px; padding: 0px; font-size: 12px; color: rgb(102, 102, 102); font-family: Arial, 微软雅黑; line-height: 24px; white-space: normal; background-color: rgb(255, 255, 255);\\\"><strong style=\\\"margin: 0px; padding: 0px;\\\">&nbsp;</strong></p><p style=\\\"margin-top: 0px; margin-bottom: 0px; padding: 0px; font-size: 12px; color: rgb(102, 102, 102); font-family: Arial, 微软雅黑; line-height: 24px; white-space: normal; background-color: rgb(255, 255, 255);\\\"><strong style=\\\"margin: 0px; padding: 0px;\\\"><span style=\\\"margin: 0px; padding: 0px; font-size: 12pt;\\\">7、</span></strong><strong style=\\\"margin: 0px; padding: 0px;\\\"><span style=\\\"margin: 0px; padding: 0px; font-size: 12pt;\\\">做好熟化工作。</span></strong></p><p style=\\\"margin-top: 0px; margin-bottom: 0px; padding: 0px; font-size: 12px; color: rgb(102, 102, 102); font-family: Arial, 微软雅黑; line-height: 24px; white-space: normal; background-color: rgb(255, 255, 255);\\\"><span style=\\\"margin: 0px; padding: 0px; font-size: 12pt;\\\">对于印刷复合好的半成品的熟化工作非常重要，是关系到印复质量好坏的关健，熟化目的是让胶粘剂进一步交联，若完全交联，分子排列整齐就可以提高复合牢度。另一方面可以将半成品复合膜中的残留溶剂排出以减少残留溶剂量,</span><span style=\\\"margin: 0px; padding: 0px; font-size: 12pt;\\\">从而减少剥离强度不良,</span><span style=\\\"margin: 0px; padding: 0px; font-size: 12pt;\\\">开口性差</span><span style=\\\"margin: 0px; padding: 0px; font-size: 12pt;\\\">,&nbsp;</span><span style=\\\"margin: 0px; padding: 0px; font-size: 12pt;\\\">有异味等等。（使用高阻隔性材料，如</span><span style=\\\"margin: 0px; padding: 0px; font-size: 12pt;\\\">PET</span><span style=\\\"margin: 0px; padding: 0px; font-size: 12pt;\\\">、</span><span style=\\\"margin: 0px; padding: 0px; font-size: 12pt;\\\">BOPA</span><span style=\\\"margin: 0px; padding: 0px; font-size: 12pt;\\\">等材料要将残留溶剂在熟化过程中排出就较因难，一定要在印刷和复合烘干中尽量排除，以减少溶剂残留产生的不良后果）。熟化无论采用外加热或内加热</span><span style=\\\"margin: 0px; padding: 0px; font-size: 12pt;\\\">,&nbsp;</span><span style=\\\"margin: 0px; padding: 0px; font-size: 12pt;\\\">都以达到固化室内温度稳定、均匀为目的。一般可按要求时间进行熟化，如若固化时间过短，可能导致胶粘剂固化不完全，而影响剥离强度和残留异味，而固化时间过长，则可能导致薄膜开口性不良。从试验的结果看，两层或蒸煮的薄膜需要低温长时间固化，而镀铝膜复合则需要提高固化温度，减少固化时间来降低脱铝的机率，而高温蒸煮袋一般需要</span><span style=\\\"margin: 0px; padding: 0px; font-size: 12pt;\\\">50~5</span><span style=\\\"margin: 0px; padding: 0px; font-size: 12pt;\\\">5</span><span style=\\\"margin: 0px; padding: 0px; font-size: 12pt;\\\">℃、72h的固化才能满足固化要求。业内有人提出二次熟化的工艺，即:</span><span style=\\\"margin: 0px; padding: 0px; font-size: 12pt;\\\">将多层基材复合好后,</span><span style=\\\"margin: 0px; padding: 0px; font-size: 12pt;\\\">先放于</span><span style=\\\"margin: 0px; padding: 0px; font-size: 12pt;\\\">5</span><span style=\\\"margin: 0px; padding: 0px; font-size: 12pt;\\\">0</span><span style=\\\"margin: 0px; padding: 0px; font-size: 12pt;\\\">℃的烘房里熟化36h,</span><span style=\\\"margin: 0px; padding: 0px; font-size: 12pt;\\\">然后取出分切和制袋。再将分卷好的半成品和制袋好的成品放在70℃下保持12h(PE为内膜)</span><span style=\\\"margin: 0px; padding: 0px; font-size: 12pt;\\\">或在90℃下保持3h(CPP为内膜)</span><span style=\\\"margin: 0px; padding: 0px; font-size: 12pt;\\\">进行短时间的二次熟化（特殊熟化工艺）</span><span style=\\\"margin: 0px; padding: 0px; font-size: 12pt;\\\">,&nbsp;</span><span style=\\\"margin: 0px; padding: 0px; font-size: 12pt;\\\">其熟化效果比一次性长时间熟化效果更好。在有铝箔和真空镀铝的产品中也有先将复合铝箔和镀铝的半成品先熟化</span><span style=\\\"margin: 0px; padding: 0px; font-size: 12pt;\\\">24h</span><span style=\\\"margin: 0px; padding: 0px; font-size: 12pt;\\\">而后再复合热封层后再熟化</span><span style=\\\"margin: 0px; padding: 0px; font-size: 12pt;\\\">24h,&nbsp;</span><span style=\\\"margin: 0px; padding: 0px; font-size: 12pt;\\\">以提高复合剥离牢固。以上方法在大批量使用前请先做好实验取得一定参数认为可行再使用。</span></p><p style=\\\"margin-top: 0px; margin-bottom: 0px; padding: 0px; font-size: 12px; color: rgb(102, 102, 102); font-family: Arial, 微软雅黑; line-height: 24px; white-space: normal; background-color: rgb(255, 255, 255);\\\"><strong style=\\\"margin: 0px; padding: 0px;\\\">&nbsp;</strong></p><p style=\\\"margin-top: 0px; margin-bottom: 0px; padding: 0px; font-size: 12px; color: rgb(102, 102, 102); font-family: Arial, 微软雅黑; line-height: 24px; white-space: normal; background-color: rgb(255, 255, 255);\\\"><strong style=\\\"margin: 0px; padding: 0px;\\\"><span style=\\\"margin: 0px; padding: 0px; font-size: 12pt;\\\">8</span></strong><strong style=\\\"margin: 0px; padding: 0px;\\\"><span style=\\\"margin: 0px; padding: 0px; font-size: 12pt;\\\">、擦掉附着小水珠。</span></strong></p><p style=\\\"margin-top: 0px; margin-bottom: 0px; padding: 0px; font-size: 12px; color: rgb(102, 102, 102); font-family: Arial, 微软雅黑; line-height: 24px; white-space: normal; background-color: rgb(255, 255, 255);\\\"><span style=\\\"margin: 0px; padding: 0px; font-size: 12pt;\\\">在高湿高温季节里，复合机上胶辊和印刷机拦墨刀上很容易吸附空气中的小水珠，一旦时间久，小水珠越积越多就可能跑进油墨或胶粘剂中，产生一系列的质量问题。因此，在此季节内若发现拦墨刀上和导辊、网辊上有水珠出现，则应立即用干净的布或干毛巾，将水珠擦掉，以防万一。并且可以在室内放置排风扇，加强室内空气流通，但注意不要对着复合、印刷机吹，特别是印刷版辊和复合上胶花辊。</span></p><p style=\\\"margin-top: 0px; margin-bottom: 0px; padding: 0px; font-size: 12px; color: rgb(102, 102, 102); font-family: Arial, 微软雅黑; line-height: 24px; white-space: normal; background-color: rgb(255, 255, 255);\\\">&nbsp;</p><p style=\\\"margin-top: 0px; margin-bottom: 0px; padding: 0px; font-size: 12px; color: rgb(102, 102, 102); font-family: Arial, 微软雅黑; line-height: 24px; white-space: normal; background-color: rgb(255, 255, 255);\\\"><strong style=\\\"margin: 0px; padding: 0px;\\\"><span style=\\\"margin: 0px; padding: 0px; font-size: 12pt;\\\">9</span></strong><strong style=\\\"margin: 0px; padding: 0px;\\\"><span style=\\\"margin: 0px; padding: 0px; font-size: 12pt;\\\">、改变复合机工艺，使烘干箱内的出风速度大于进风速度。</span></strong></p><p style=\\\"margin-top: 0px; margin-bottom: 0px; padding: 0px; font-size: 12px; color: rgb(102, 102, 102); font-family: Arial, 微软雅黑; line-height: 24px; white-space: normal; background-color: rgb(255, 255, 255);\\\"><span style=\\\"margin: 0px; padding: 0px; font-size: 12pt;\\\">一般国内大多数复合机出风口较小，复合时进风速度比出风速度大，使烘道内形成高气压，易使膜内溶剂残留。进口复合机一般在出风管路口安装引风机，使出风口风速大于进风口风速，使烘道内形成低气压，宜于溶剂挥发，减少残留溶剂。此外烘干箱内的温度可调高尽量调髙。</span></p><p style=\\\"margin-top: 0px; margin-bottom: 0px; padding: 0px; font-size: 12px; color: rgb(102, 102, 102); font-family: Arial, 微软雅黑; line-height: 24px; white-space: normal; background-color: rgb(255, 255, 255);\\\">&nbsp;</p><p style=\\\"margin-top: 0px; margin-bottom: 0px; padding: 0px; font-size: 12px; color: rgb(102, 102, 102); font-family: Arial, 微软雅黑; line-height: 24px; white-space: normal; background-color: rgb(255, 255, 255);\\\"><span style=\\\"margin: 0px; padding: 0px; font-size: 12pt;\\\">总之</span><span style=\\\"margin: 0px; padding: 0px; font-size: 12pt;\\\">,</span>&nbsp;<span style=\\\"margin: 0px; padding: 0px; font-size: 12pt;\\\">在“梅雨”季节和高温高湿环境中，对尼龙膜的使用一定要加倍注意，防止其吸湿变形而产生的一系列不必要的，本来可以避免的产品质量事故的产生。在实际生产中，各生产企业应根据自身的生产环境和设备状况进行有效的调节和安排。对生产中出现的质量问题进行细致认真的分析、排查，找出问题的原因所在，找出最佳解决问题的方案及改进方法，在实际生产中不断总结经验，不断提高自身的业务水平，在“梅雨”季节来临之际，充分做好思想上的准备，以应对“梅雨”季节对使用尼龙膜带来的不利影响。同时，厦门长塑公司研发中心也在不断的寻找和开发新的吸湿性小的尼龙膜产品，与使用厂家一起，共渡高湿高温天气带来的困难。</span><span style=\\\"margin: 0px; padding: 0px; font-size: 12pt;\\\">&nbsp; &nbsp; &nbsp; &nbsp; &nbsp; &nbsp; &nbsp; &nbsp;&nbsp;</span></p><p><br/></p>\"}', null, '过了春节，南方气侯逐渐转暖并将进入“梅雨”季节，同时“梅雨”', '1', '0', '20150414122522', '0');
COMMIT;

-- ----------------------------
--  Table structure for `gd_article_cat`
-- ----------------------------
DROP TABLE IF EXISTS `gd_article_cat`;
CREATE TABLE `gd_article_cat` (
  `cat_id` bigint(11) NOT NULL AUTO_INCREMENT,
  `name` varchar(50) DEFAULT NULL,
  `parent_id` smallint(5) unsigned NOT NULL DEFAULT '0' COMMENT '父节点',
  `level` smallint(3) unsigned NOT NULL DEFAULT '1' COMMENT '层级',
  `sort_order` smallint(3) unsigned NOT NULL DEFAULT '1' COMMENT '同级顺序',
  `is_leaf` smallint(1) unsigned NOT NULL DEFAULT '1' COMMENT '是否是叶，叶子才可以有文章',
  `cct` int(11) DEFAULT NULL,
  PRIMARY KEY (`cat_id`),
  KEY `parent_id` (`parent_id`),
  KEY `level` (`level`)
) ENGINE=MyISAM AUTO_INCREMENT=299 DEFAULT CHARSET=utf8;

-- ----------------------------
--  Records of `gd_article_cat`
-- ----------------------------
BEGIN;
INSERT INTO `gd_article_cat` VALUES ('243', '质量保证', '236', '0', '0', '0', null), ('217', '产品应用', '0', '0', '0', '0', null), ('215', '关于长塑', '0', '0', '0', '0', null), ('220', '咨询中心', '0', '0', '0', '0', null), ('253', '品牌内涵', '215', '0', '0', '0', null), ('224', '文化图腾', '215', '0', '0', '0', '0'), ('242', '研发资源', '236', '0', '0', '0', null), ('241', '技术创新', '236', '0', '0', '0', null), ('240', '长塑之速', '220', '0', '0', '0', null), ('239', '知识园地', '220', '0', '0', '0', null), ('230', 'BOPA薄膜产品', '217', '0', '0', '0', null), ('236', '技术研发', '0', '0', '0', '0', null), ('232', 'BOPA薄膜应用', '217', '0', '0', '0', null), ('233', 'BOPA薄膜分类', '217', '0', '0', '0', null), ('238', '行业新闻', '220', '0', '0', '0', null), ('237', '公司新闻', '220', '0', '0', '0', null), ('244', '生产制造', '236', '0', '0', '0', null), ('248', '长塑简介', '215', '0', '0', '0', null), ('249', '长塑风范', '215', '0', '0', '0', null), ('292', '图片测试', '285', '0', '0', '0', '2'), ('293', '视频模式', '285', '0', '0', '0', '1'), ('294', '测试微博', '285', '0', '0', '0', '3'), ('285', '测试', '0', '0', '0', '0', '0');
COMMIT;

-- ----------------------------
--  Table structure for `gd_article_images`
-- ----------------------------
DROP TABLE IF EXISTS `gd_article_images`;
CREATE TABLE `gd_article_images` (
  `imgId` int(11) unsigned NOT NULL AUTO_INCREMENT,
  `articleId` int(11) unsigned NOT NULL DEFAULT '0',
  `img_url` varchar(255) NOT NULL DEFAULT '',
  `img_desc` varchar(255) NOT NULL DEFAULT '',
  `thumb_url` varchar(255) NOT NULL DEFAULT '',
  `sort_order` smallint(3) unsigned NOT NULL DEFAULT '1' COMMENT '图片顺序',
  PRIMARY KEY (`imgId`),
  KEY `articleId` (`articleId`)
) ENGINE=MyISAM AUTO_INCREMENT=960821 DEFAULT CHARSET=utf8;

-- ----------------------------
--  Records of `gd_article_images`
-- ----------------------------
BEGIN;
INSERT INTO `gd_article_images` VALUES ('10', '22', 'shop/20150123155842408//20150123155842_RwKH.jpg', '炖鸡', '', '1'), ('2', '4', 'shop/20150122225200270//20150122225200_ctMs.jpg', '简单描述', '', '1'), ('960777', '1', 'shop/20150128181237319//20150128181237_qILC.png', '一铲铲的煤铲进背箩，越来越沉，双手需要托着背箩，只能任凭汗水在脸上的肆意流淌。', '', '1'), ('959910', '1', 'shop/20150128174255972//20150128174255_QOQZ.jpg', '云南省镇雄县是国家级扶持特困县,在那里有一个靠背背箩谋生的特殊行业。他们大多来自镇雄县偏远贫困的山区，年龄最大的超过60岁，最小的不到20岁，背背箩时间最长的超过20年，他们长年累月游荡在县城的大街小巷，各个角落，累了席地而坐，渴了找个自来水猛灌几口。', '', '1'), ('960782', '1', 'shop/20150128181439881//20150128181439_JpXw.png', '街边上，到处都有背箩们的身影。', '', '1'), ('960781', '1', 'shop/20150128181421148//20150128181421_zPYc.png', '街面上、公路旁、墙角边到处都有背箩们的身影，他们或坐、或站、或靠，甚至有的直接躺在墙角边，喧嚣的城市好像与他们无关；他们大多衣衫破屡，汗气熏人，蓬头垢面，尘满面，鬓如霜，用低廉的劳力换取两口饭钱。', '', '1'), ('6', '16', 'shop/20150123152720810//20150123152720_lnYr.jpg', '大山包的最佳旅行时间是秋冬季，8月初至10月初，山上的荞花、燕麦、芳草地成块成片，层层叠叠，色彩斑斓，把苍凉的大山包点缀成一个世外桃源般的梦幻世界。此时的大山包，可以称得上是摄影者的乐园，常可以看到专业摄影师扛着设备四处选景。在大山包的跳墩河水库、大海子水库两个地方可看到成群结队的黑颈鹤在湖边觅食、栖息。 冬季，到大山包去看黑颈鹤。', '', '1'), ('7', '17', 'shop/20150123153154660//20150123153154_RLDq.jpg', '西部大峡谷是国家AAAA级旅游景区，位于云南省昭通市水富县，金沙江流经该地区，沿江两岸山崖险峻，草木葱翠,。', '', '1'), ('8', '17', 'shop/20150123153229881//20150123153229_ZDez.jpg', '西部大峡谷是国家AAAA级旅游景区，位于云南省昭通市水富县，金沙江流经该地区，沿江两岸山崖险峻，草木葱翠,。', '', '1'), ('9', '21', 'shop/20150123155307217//20150123155307_LKVJ.jpg', '烧烤也是当地美食之一', '', '1'), ('12', '25', 'shop/20150123163438016//20150123163438_Tann.jpg', '风景', '', '1'), ('13', '25', 'shop/20150123163504738//20150123163504_LpJK.jpg', '风景', '', '1'), ('14', '25', 'shop/20150123163531308//20150123163531_fxdc.jpg', '风景', '', '1'), ('16', '26', 'shop/20150123164114914//20150123164114_UzSM.jpg', '美食2', '', '1'), ('15', '26', 'shop/20150123164135780//20150123164135_swfH.jpg', '美食3', '', '1'), ('17', '27', 'shop/20150123165203859//20150123165203_ILQw.jpg', '文化2', '', '1'), ('18', '27', 'shop/20150123165230896//20150123165230_pklA.jpg', '文化3', '', '1'), ('19', '28', 'shop/20150123170230616//20150123170230_WNGt.jpg', '传统1', '', '1'), ('20', '28', 'shop/20150123170335241//20150123170335_ysHG.jpg', '传统2', '', '1'), ('959912', '1', 'shop/20150128172916103//20150128172916_bgfd.jpg', '一拖拉机煤有2吨半，每铲5公斤，铲完一车煤，需要挥动煤铲至少500铲。', '', '1'), ('26', '27', 'shop/20150123200738285//20150123200738_PLPN.jpg', '文化4', '', '1'), ('28', '38', 'shop/20150123212513261//20150123212513_xFlD.jpg', '在学校中，她一直是个说话声音很小的女孩。一次音乐课上，她大声地唱了一首羌族民歌，受到了老师的夸奖，“这是我人生中第一次感到了前所未有的自信，甚至第一次用如此大的分贝发出声音。”', '', '1'), ('29', '38', 'shop/20150123212606198//20150123212606_TIpk.jpg', '3年前的一天，阿依在朋友的鼓动下进商场买了高跟鞋，“周围试鞋女孩们看我的样子，是好奇、同情，但绝对没有轻蔑。”而后，她又有了很多的第一次，第一次走进健身房练瑜伽，第一次打羽毛球……', '', '1'), ('30', '39', 'shop/20150123215138488//20150123215138_fiSe.jpg', '邹若衡军旅生涯结束后，寓居昆明。龙云主滇时期，任命邹若衡为河口督办、云南造币厂厂长等职。建国后，邹若衡服务于云南文史馆，将生平所习武术传授于子孙后辈。家族里主要传其侄子邹锡彪，邹锡彪又传给长子邹长初和外姓弟子许明富', '', '1'), ('31', '39', 'shop/20150123215233235//20150123215233_zXTU.jpg', '彭勤家以卖豆花为生，生活十分清苦，但他仍不忘施济穷人。而如果是官员来买豆花，他说多少钱就是多少钱，绝不给讨价还价的余地。他因此被称为“义侠”。', '', '1'), ('34', '23', 'shop/20150126115457720//20150126115457_fKwZ.jpg', '测试1', '', '1'), ('36', '65', 'shop/201501/36/20150128183954_UPkU.jpg', '123', '', '1'), ('37', '65', 'shop/20150127215235948//20150127215235_kmwU.jpg', '2', '', '1'), ('38', '65', 'shop/20150127215301118//20150127215301_LxtE.jpg', '3', '', '1'), ('959911', '1', 'shop/20150128172721908//20150128172721_gfXd.jpg', '2012年7月的一天，经过深思熟虑，我毅然背起了背箩，真正走进了背箩人的生活，深切体会到了背箩人的无奈与辛酸。那天，接的第一个活儿就是背煤。早餐后没一会儿，活路找上门，跟随姓龚的大哥和蔡大爷背了一车煤，两吨半煤，爬二楼，龚大哥和雇主谈好价钱，我们三个人花了将近2个小时，每人分得20元，老板人还算不错，看我们干得辛苦，另外给了我们每个人2瓶牛奶。', '', '1'), ('960780', '1', 'shop/20150128181406431//20150128181406_IjbW.png', '背完一车煤，我早已是筋疲力尽，脸早已被汗水与煤渣糊得面无全非，手掌在早上背第一车煤就打起的血泡越来越大，越来越痛，肩膀被背箩勒出的血印越来越深。', '', '1'), ('960778', '1', 'shop/20150128181335548//20150128181335_ifER.png', '被煤砸过的痕迹清晰可见，他们说要装满才能走。', '', '1'), ('960779', '1', 'shop/20150128181351539//20150128181351_DIOR.png', '一车煤背完，早已煤头灰面了。当一铲铲黑漆漆的煤装在背箩里，当肩上的背箩越来越沉重，当又咸又涩的汗水流入眼眶、淌进嘴角，什么理想，什么抱负，人世间什么恩怨情仇，全都抛到了九霄云外，大脑一片空白，只想把煤背完，把背箩扔掉，然后随便找个地方躺倒安逸的睡个觉。', '', '1'), ('960783', '1', 'shop/20150128181455715//20150128181455_imsl.png', '为了便宜，他们通常选择一些比较偏僻的、极其简陋的地方。', '', '1'), ('960784', '1', 'shop/20150128181510723//20150128181510_FEZq.png', '图片所摄位置是在一家私人楼房顶上，通往房顶只有一架破旧的木梯，每天晚上每张床，费用2元。大概住了有6、7个人。', '', '1'), ('960785', '1', 'shop/20150128181528237//20150128181528_YjxO.png', '盛夏的镇雄，火辣辣的太阳烤得人头晕脑胀。中午一点多钟，我们每个人刚吃过一个糯米粑粑，又有雇主来找人背煤，我跟一姓罗的大哥、姓支的大哥和另一名大哥共4人前往，雇主说要背煤，一拖拉机两吨半，来到目的地，几位大哥看过地势后，又开始讨价还价，我们要90元一车，雇主也懂行情，只给60元一车，多一分也不给，没撤。', '', '1'), ('960786', '1', 'shop/20150128181550718//20150128181550_tPMq.png', '实在太大块，铲不动的时候，只好用手搬。', '', '1'), ('960787', '1', 'shop/20150128181605191//20150128181605_lTJt.png', '一块煤从背箩里掉出来，砸在我的脖子上，痛且冰凉。', '', '1'), ('960788', '1', 'shop/20150128181617564//20150128181617_EjUD.png', '背完了两车煤，被背箩背带勒出的血印，衣服碰着都会疼。', '', '1'), ('960789', '1', 'shop/20150128181632921//20150128181632_YDHS.png', ' 今天的运气真的很好，听他们说，平时都没什么活路，大部分时间都在瞎转悠，一天到晚一分钱不挣的情况时常都有。今天总共背了四车煤，重量超过10000斤，总共挣了65块钱。', '', '1'), ('960790', '1', 'shop/20150128181648366//20150128181648_NMTx.png', '当背完最后一背煤时，天已经黑了。城市的灯光五彩斑斓，夏日丰富多彩的夜生活已悄然上演，而背箩人似乎还没有停歇的意思，他们依旧背起硕大的背箩，游荡在城市的大街小巷，争取为明天多挣两个馒头钱。', '', '1'), ('960791', '93', 'shop/20150129094011437//20150129094011_RLKL.png', '阿娇全名叫何忠娇，今年10岁，是云南省彝良县奎香镇新房小学三年级学生。因为家里太穷，阿娇5岁那年，妈妈丢下了阿娇姐妹俩离家出走，就再也没有回来。彝良“9.7”地震后，原来的学校成了危房，被拆除重建。对于阿娇来说，幸福很简单，或许仅仅就是拥有一个完整温暖的家，只是一个新作业本，一顿能吃饱的饭菜。', '', '1'), ('960792', '93', 'shop/20150129094045075//20150129094045_tTjd.png', '阿娇家所在的彝良县奎香乡是红色革命老区，1936年3月，长征途中的贺龙、任弼时、萧克等老前辈，曾在她家附近的山里酝酿、指挥了著名的“乌蒙回旋战”。', '', '1'), ('960793', '93', 'shop/20150129094113790//20150129094113_ZaGr.png', '前些天，爸爸又外出做工，已经好几天没回家了。7月10日清晨，阿娇和往常一样早早起床，与姐姐分了工，阿娇负责打扫房前屋后卫生、煮饭，姐姐则去打猪草、喂猪。姐姐阿丽15岁了，前几天刚刚考完小升初考试。因为患病，姐姐总在担心，能不能继续就读初中。', '', '1'), ('960794', '93', 'shop/20150129094139598//20150129094139_MIyC.png', '早饭依旧是面条。面条常常成为姊妹俩的主食，好在几天前爸爸出门时炒的青椒腊肉还有些，多少有些油荤。', '', '1'), ('960795', '93', 'shop/20150129094202809//20150129094202_bRcx.png', '在这个家里，姊妹俩除了要照顾好自己、家里的几头猪，以及其他家务需要做之外，80多岁的爷爷还需要幼小的她们照顾。爷爷原本是和叔叔家一起生活的，叔叔婶婶也外出打工很久了，只有身体不好、年岁已高的爷爷独自留守在家，行动不便，生活难以自理。懂事的姐妹俩总是先给爷爷送去吃的，然后再自己吃。', '', '1'), ('960796', '93', 'shop/20150129094229269//20150129094229_oaNM.png', '吃完早饭，阿娇独自去了学校。她要一个人走近一个小时的山路，才能到达学校。', '', '1'), ('960804', '93', 'shop/20150129143329819//20150129143329_LbeR.png', '营养午餐。', '', '1'), ('960808', '93', 'shop/20150129150552256//20150129150552_mkUH.png', '中国扶贫基金会“捐一元”项目班级食物发放表。', '', '1'), ('960798', '93', 'shop/20150129094319741//20150129094319_qjdX.png', '2013年，中国扶贫基金会携手肯德基所属百胜餐饮集团中国事业部、联合国世界粮食计划署开展的“捐一元·献爱心·送营养”活动，为阿娇所在学校送来了蒸饭车、消毒柜、冰柜、操作台等标准“爱心厨房”设备。', '', '1'), ('960799', '93', 'shop/20150129094341630//20150129094341_KAxE.png', '“捐一元”活动为阿娇所在学校送来了蒸饭车、消毒柜、冰柜、操作台等标准“爱心厨房”设备，同时还为该校的所有学生每人每天提供一盒牛奶和一个卤鸡蛋的营养加餐，加上国家营养改善计划提供的免费午餐（菜谱为一荤一素一汤）。', '', '1'), ('960800', '93', 'shop/20150129094403734//20150129094403_OuHD.png', '有时候，幸福很复杂，各种欲望，各种需要，各种得不到的满足；还有些时候，幸福来得也很简单，或许仅仅就是拥有，哪怕是穷一些却完整温暖的家，亦或只是陌生人举手之劳的温暖。', '', '1'), ('960801', '93', 'shop/20150129094422365//20150129094422_wjbA.png', '新房小学食堂食材采购清单。', '', '1'), ('960802', '93', 'shop/20150129094521539//20150129094521_qCIp.png', '阿娇排队打饭。', '', '1'), ('960803', '93', 'shop/20150129094606523//20150129094606_yBTb.png', '一顿能完全吃饱的营养午餐，对于家庭贫困、缺少母爱的阿娇来说，亦能成为她童年的莫大幸福。', '', '1'), ('960807', '93', 'shop/20150129150502528//20150129150502_UMas.png', '而在这以前，阿娇没吃过牛奶和卤鸡蛋，甚至连听都没听说过。', '', '1'), ('960809', '93', 'shop/20150129150701064//20150129150701_zvpd.png', '阿娇中午不用再走近一个小时山路回家吃午饭了，下午上课、课间玩耍也更有精神。', '', '1'), ('960810', '93', 'shop/20150129150728065//20150129150728_Gtdx.png', '阿娇的小伙伴们一起吃营养加餐。', '', '1'), ('960811', '93', 'shop/20150129150858088//20150129150858_mOYQ.png', '小伙伴们的课间活动。', '', '1'), ('960812', '93', 'shop/20150129150923507//20150129150923_yUDz.png', '新房小学的大门口。', '', '1'), ('960813', '93', 'shop/20150129150945721//20150129150945_GGex.png', '说起自己的梦想，阿娇沉思了一会，抬起头望着山那边，低声地说：希望爸爸不再辛苦，姐姐的病能够好起来，妈妈也能回来看看姐姐和自己，看看这个家，真的很想妈妈……', '', '1'), ('960817', '136', 'shop/20150203134527871//20150203134527_Fllq.jpg', '', '', '1'), ('960816', '132', 'shop/20150203133856782//20150203133856_zBSb.jpg', '', '', '1'), ('960818', '136', 'shop/20150203134608374//20150203134608_Htgr.jpg', '', '', '1'), ('960820', '206', 'shop/20150203135959614//20150203135959_ucXq.jpg', '', '', '1');
COMMIT;

-- ----------------------------
--  Table structure for `gd_lottery`
-- ----------------------------
DROP TABLE IF EXISTS `gd_lottery`;
CREATE TABLE `gd_lottery` (
  `id` int(10) NOT NULL AUTO_INCREMENT,
  `name` varchar(255) DEFAULT NULL,
  `startTime` varchar(20) DEFAULT NULL,
  `endTime` varchar(20) DEFAULT NULL,
  `bannerUrl` varchar(1024) DEFAULT NULL,
  `bannerImg` varchar(1024) DEFAULT NULL,
  `memo` varchar(2048) DEFAULT NULL,
  `status` int(2) DEFAULT NULL,
  `ruleDesc` varchar(2048) DEFAULT NULL,
  `multipleBouns` int(1) DEFAULT NULL,
  `dayLimit` int(10) DEFAULT NULL,
  `totalLimit` int(10) DEFAULT NULL,
  `type` int(2) DEFAULT NULL,
  `odds` double DEFAULT NULL,
  `rand` int(10) DEFAULT '0',
  `totalCnt` int(10) unsigned DEFAULT NULL,
  `luckyCnt` int(10) DEFAULT NULL,
  `bonusImg` varchar(1024) DEFAULT NULL,
  PRIMARY KEY (`id`),
  KEY `gd_lottery_idx_1` (`type`),
  KEY `gd_lottery_idx_2` (`status`)
) ENGINE=MyISAM AUTO_INCREMENT=76 DEFAULT CHARSET=utf8;

-- ----------------------------
--  Records of `gd_lottery`
-- ----------------------------
BEGIN;
INSERT INTO `gd_lottery` VALUES ('61', '恍恍惚惚', '', '', '3', '', '333', '0', '333', '0', '3', '3', '2', '3', '0', '0', '3', ''), ('64', '324', null, null, '234', '', '234', '0', '234', '1', '234', '234', '2', '234', '0', '0', '234', ''), ('68', '测试活动3', '', '', '2', '', '3', '0', '4', '0', '5', '6', '2', '1', '0', '0', '7', ''), ('69', '', '', '', '', '', '', '0', '', '0', '0', '0', '0', '0', '0', '0', '0', ''), ('70', '111', '20150407001700', '20150430002700', '#', '', '1', '0', '1', '1', '1', '1', '2', '1', '0', '0', '1', ''), ('71', '22', 'NaNNaNNaN00', 'NaNNaNNaN00', '', '', '', '0', '', '0', '0', '0', '0', '0', '0', '0', '0', ''), ('10', '初一白天砸蛋活动', '20150219080000', '20150219210000', '#', 'shop/201502/10/20150218133930_QZSZ.jpg', '        关注山西卫视新年栏目，扫描电视屏幕下方的二维码关注山西卫视官方微信，即可参与我们的砸金蛋中大奖活动。', '0', '       关注山西卫视官方微信进入砸金蛋活动，即送1次抽奖机会！山西卫视《民歌春晚》、山西卫视《歌从中国来》——砸金蛋中大奖活动，我们的活动将逐步升级，越往后、奖越大，iPhone6、iPad按时段送出。参加砸金蛋，肾六砸出来！快来吧！', '1', '1', '-1', '1', '0.05', '0', '31', '8', 'shop/20150218101455517//20150218101455_pHED.jpg'), ('72', '333', 'NaNNaNNaN00', 'NaNNaNNaN00', '', '', '', '0', '', '0', '0', '0', '0', '0', '0', '0', '0', ''), ('63', '23', '', '', '234', '', '234', '0', '', '1', '234', '234', '2', '234', '0', '0', '234', ''), ('62', '2222', '', '', '22', '', '22', '0', '22', '1', '2', '2', '2', '222', '0', '0', '22', ''), ('9', '掌上狂欢节19:40~20:30砸金蛋', '20150216194000', '20150216203000', '#', 'shop/20150216163619092//20150216163619_gHPF.jpg', '        在2015山西卫视《民歌春晚》首播的时间，扫描电视屏幕下方的二维码关注山西卫视官方微信，即可参与我们的砸金蛋中大奖活动。', '0', '        关注山西卫视官方微信进入砸金蛋活动，即送1次抽奖机会！山西卫视《民歌春晚》、山西卫视《歌从中国来》——砸金蛋中大奖活动，我们的活动将逐步升级，越往后、奖越大，iPhone6、iPad按时段送出。参加砸金蛋，肾六砸出来！快来吧！', '1', '1', '-1', '2', '0.05', '0', '161', '8', 'shop/20150216163619092//20150216163619_zncY.png'), ('11', '初一晚上砸蛋活动', '20150219210000', '20150219233000', '#', 'shop/201502/11/20150218133949_JgHj.jpg', '        关注山西卫视《民歌春晚》，扫描电视屏幕下方的二维码关注山西卫视官方微信，即可参与我们的砸金蛋中大奖活动。', '0', '        关注山西卫视官方微信进入砸金蛋活动，即送1次抽奖机会！山西卫视《民歌春晚》、山西卫视《歌从中国来》——砸金蛋中大奖活动，我们的活动将逐步升级，越往后、奖越大，iPhone6、iPad按时段送出。参加砸金蛋，肾六砸出来！快来吧！', '1', '1', '-1', '1', '0.05', '0', '212', '8', 'shop/20150218102417651//20150218102417_tGFr.jpg'), ('12', '初二白天砸蛋活动', '20150220080000', '20150220210000', '#', 'shop/201502/12/20150218134005_rnDo.jpg', '        关注山西卫视新年栏目，扫描电视屏幕下方的二维码关注山西卫视官方微信，即可参与我们的砸金蛋中大奖活动。', '0', '        关注山西卫视官方微信进入砸金蛋活动，即送1次抽奖机会！山西卫视《民歌春晚》、山西卫视《歌从中国来》——砸金蛋中大奖活动，我们的活动将逐步升级，越往后、奖越大，iPhone6、iPad按时段送出。参加砸金蛋，肾六砸出来！快来吧！', '1', '1', '-1', '1', '0.05', '0', '210', '8', 'shop/20150218102801218//20150218102801_RjnV.jpg'), ('13', '初二晚会砸蛋活动', '20150220210000', '20150220223000', '#', 'shop/201502/13/20150218134019_Hoob.jpg', '        关注山西卫视《歌从中国来》，扫描电视屏幕下方的二维码关注山西卫视官方微信，即可参与我们的砸金蛋中大奖活动。', '0', '        关注山西卫视官方微信进入砸金蛋活动，即送1次抽奖机会！山西卫视《民歌春晚》、山西卫视《歌从中国来》——砸金蛋中大奖活动，我们的活动将逐步升级，越往后、奖越大，iPhone6、iPad按时段送出。参加砸金蛋，肾六砸出来！快来吧！', '1', '1', '-1', '1', '0.3', '0', '300', '8', 'shop/20150218103149754//20150218103149_csLo.jpg'), ('14', '初三白天砸蛋活动', '20150221080000', '20150221210000', '#', 'shop/201502/14/20150218134035_YHMv.jpg', '        关注山西卫视新年栏目，扫描电视屏幕下方的二维码关注山西卫视官方微信，即可参与我们的砸金蛋中大奖活动。', '0', '        关注山西卫视官方微信进入砸金蛋活动，即送1次抽奖机会！山西卫视《民歌春晚》、山西卫视《歌从中国来》——砸金蛋中大奖活动，我们的活动将逐步升级，越往后、奖越大，iPhone6、iPad按时段送出。参加砸金蛋，肾六砸出来！快来吧！', '1', '1', '-1', '1', '0.05', '0', '216', '8', 'shop/20150218103601564//20150218103601_BBdZ.jpg'), ('15', '初三晚会砸蛋活动', '20150221210000', '20150221223000', '#', 'shop/201502/15/20150218134110_PMus.jpg', '        关注山西卫视《歌从中国来》，扫描电视屏幕下方的二维码关注山西卫视官方微信，即可参与我们的砸金蛋中大奖活动。', '0', '        关注山西卫视官方微信进入砸金蛋活动，即送1次抽奖机会！山西卫视《民歌春晚》、山西卫视《歌从中国来》——砸金蛋中大奖活动，我们的活动将逐步升级，越往后、奖越大，iPhone6、iPad按时段送出。参加砸金蛋，肾六砸出来！快来吧！', '1', '1', '-1', '1', '0.05', '0', '406', '8', 'shop/20150218103753372//20150218103753_LtbZ.jpg'), ('16', '初四白天砸蛋活动', '20150222080000', '20150222210000', '#', 'shop/201502/16/20150218134124_ZyNR.jpg', '        关注山西卫视新年栏目，扫描电视屏幕下方的二维码关注山西卫视官方微信，即可参与我们的砸金蛋中大奖活动。', '0', '        关注山西卫视官方微信进入砸金蛋活动，即送1次抽奖机会！山西卫视《民歌春晚》、山西卫视《歌从中国来》——砸金蛋中大奖活动，我们的活动将逐步升级，越往后、奖越大，iPhone6、iPad按时段送出。参加砸金蛋，肾六砸出来！快来吧！', '1', '1', '-1', '1', '0.05', '0', '259', '8', 'shop/20150218103934626//20150218103934_xYmu.jpg'), ('17', '初四晚上砸蛋活动', '20150222210000', '20150222223000', '#', 'shop/201502/17/20150218134136_wcbj.jpg', '        关注山西卫视《歌从中国来》，扫描电视屏幕下方的二维码关注山西卫视官方微信，即可参与我们的砸金蛋中大奖活动。', '0', '        关注山西卫视官方微信进入砸金蛋活动，即送1次抽奖机会！山西卫视《民歌春晚》、山西卫视《歌从中国来》——砸金蛋中大奖活动，我们的活动将逐步升级，越往后、奖越大，iPhone6、iPad按时段送出。参加砸金蛋，肾六砸出来！快来吧！', '1', '1', '-1', '1', '0.05', '0', '298', '8', 'shop/20150218104045456//20150218104045_hmDx.jpg'), ('23', '初五晚会砸蛋活动', '20150223210000', '20150223223000', '#', 'shop/20150223102239518//20150223102239_LXqe.jpg', '        关注山西卫视《民歌春晚》，扫描电视屏幕下方的二维码关注山西卫视官方微信，即可参与我们的砸金蛋中大奖活动。', '0', '        关注山西卫视官方微信进入砸金蛋活动，即送1次抽奖机会！山西卫视《民歌春晚》砸金蛋中大奖活动，我们的活动将逐步升级，越往后、奖越大，iPhone6、iPad按时段送出。参加砸金蛋，肾六砸出来！快来吧！', '1', '1', '-1', '1', '0.05', '0', '435', '8', 'shop/20150223102239518//20150223102239_lYWZ.jpg'), ('18', '初五白天砸蛋活动', '20150223080000', '20150223210000', '#', 'shop/201502/18/20150218134146_YYTQ.jpg', '        关注山西卫视新年栏目，扫描电视屏幕下方的二维码关注山西卫视官方微信，即可参与我们的砸金蛋中大奖活动。\r\n', '0', '        关注山西卫视官方微信进入砸金蛋活动，即送1次抽奖机会！山西卫视《民歌春晚》、山西卫视《歌从中国来》——砸金蛋中大奖活动，我们的活动将逐步升级，越往后、奖越大，iPhone6、iPad按时段送出。参加砸金蛋，肾六砸出来！快来吧！', '1', '1', '-1', '1', '0.05', '0', '240', '8', 'shop/20150218104323971//20150218104323_SNHm.jpg'), ('24', '初六晚会砸蛋活动', '20150224210000', '20150224223000', '#', 'shop/20150223102421059//20150223102421_KJzZ.jpg', '        关注山西卫视《民歌春晚》，扫描电视屏幕下方的二维码关注山西卫视官方微信，即可参与我们的砸金蛋中大奖活动。', '0', '        关注山西卫视官方微信进入砸金蛋活动，即送1次抽奖机会！山西卫视《民歌春晚》砸金蛋中大奖活动，我们的活动将逐步升级，越往后、奖越大，iPhone6、iPad按时段送出。参加砸金蛋，肾六砸出来！快来吧！', '1', '1', '-1', '1', '0.05', '0', '410', '8', 'shop/20150223102421059//20150223102421_myCU.jpg'), ('20', '初六白天砸蛋活动', '20150224080000', '20150224210000', '#', 'shop/201502/20/20150218134155_vyHi.jpg', '        关注山西卫视新年栏目，扫描电视屏幕下方的二维码关注山西卫视官方微信，即可参与我们的砸金蛋中大奖活动。', '0', '        关注山西卫视官方微信进入砸金蛋活动，即送1次抽奖机会！山西卫视《民歌春晚》、山西卫视《歌从中国来》——砸金蛋中大奖活动，我们的活动将逐步升级，越往后、奖越大，iPhone6、iPad按时段送出。参加砸金蛋，肾六砸出来！快来吧！', '1', '1', '-1', '1', '0.05', '0', '240', '8', 'shop/20150218104710907//20150218104710_hrko.jpg'), ('22', '初二新关注用户抽奖页面', '20150205070000', '20150205210000', '#', 'shop/20150220003755755//20150220003755_IUTJ.jpg', '        关注山西卫视新年栏目，扫描电视屏幕下方的二维码关注山西卫视官方微信，即可参与我们的砸金蛋中大奖活动。', '0', '        关注山西卫视官方微信进入砸金蛋活动，即送1次抽奖机会！山西卫视《民歌春晚》、山西卫视《歌从中国来》——砸金蛋中大奖活动，我们的活动将逐步升级，越往后、奖越大，iPhone6、iPad按时段送出。参加砸金蛋，肾六砸出来！快来吧！', '1', '1', '-1', '1', '0.3', '0', '0', '8', 'shop/20150220003755755//20150220003755_Zqju.jpg'), ('26', '《金战》砸蛋活动', '20150227194000', '20150227194000', '#', 'shop/20150227183137250//20150227183137_KwEz.jpg', '        关注山西卫视黄金剧场《金战》，扫描电视屏幕下方的二维码关注山西卫视官方微信平台，即可参与我们的砸金蛋中大奖活动。', '0', '关注山西卫视官方微信进入砸金蛋活动，即送1次抽奖机会！山西卫视黄金剧场《金战》砸金蛋中大奖活动，我们的活动将逐步升级，越往后、奖越大，参加砸金蛋，幸福砸出来！快来吧！', '1', '-1', '3', '1', '0.0001', '0', '439', '-1', 'shop/201502/26/20150227183645_DPdz.jpg'), ('27', '《金战》砸蛋活动2.28a', '20150228193700', '20150228201900', '#', 'shop/20150228133057079//20150228133057_pRFc.jpg', '        关注山西卫视黄金剧场《金战》，扫描电视屏幕下方的二维码关注山西卫视官方微信平台，即可参与我们的砸金蛋中大奖活动。', '0', '        关注山西卫视官方微信进入砸金蛋活动，即送1次抽奖机会！山西卫视黄金剧场《金战》砸金蛋中大奖活动，参加砸金蛋，幸福砸出来！快来吧！', '1', '1', '-1', '1', '0.02', '0', '112', '-1', 'shop/201502/27/20150228172914_cVLA.jpg'), ('28', '《金战》砸蛋活动2.28b', '20150228203200', '20150228210500', '#', 'shop/20150228133227926//20150228133227_nqnK.jpg', '        关注山西卫视黄金剧场《金战》，扫描电视屏幕下方的二维码关注山西卫视官方微信平台，即可参与我们的砸金蛋中大奖活动。', '0', '        关注山西卫视官方微信进入砸金蛋活动，即送1次抽奖机会！山西卫视黄金剧场《金战》砸金蛋中大奖活动，参加砸金蛋，幸福砸出来！快来吧！', '1', '1', '-1', '1', '0.02', '0', '66', '-1', 'shop/201502/28/20150228172902_oTed.jpg'), ('29', '《歌从黄河来》砸蛋活动3.14', '20150314213500', '20150314225500', '#', 'shop/201503/29/20150310112717_ucVS.jpg', '        关注山西卫视《歌从黄河来》，扫描电视屏幕下方的二维码关注山西卫视官方微信平台，即可参与我们的砸金蛋中大奖活动。', '0', '        山西卫视及山西卫视《歌从黄河来》官方微信平台进入砸金蛋活动，即送1次抽奖机会！山西卫视《走进大戏台》砸金蛋中大奖活动，参加砸金蛋，幸福砸出来！快来吧！', '1', '1', '-1', '1', '0.04', '0', '0', '-1', 'shop/201503/29/20150310114649_OWgB.jpg'), ('30', '《金战》砸蛋活动3.1', '20150301193700', '20150301201300', '#', 'shop/20150228203340831//20150228203340_SCMz.jpg', '        关注山西卫视黄金剧场《金战》，扫描电视屏幕下方的二维码关注山西卫视官方微信平台，即可参与我们的砸金蛋中大奖活动。', '0', '关注山西卫视官方微信进入砸金蛋活动，即送1次抽奖机会！山西卫视黄金剧场《金战》砸金蛋中大奖活动，参加砸金蛋，幸福砸出来！快来吧！', '1', '1', '-1', '1', '0.03', '0', '91', '-1', 'shop/201503/30/20150302164251_ApSC.jpg'), ('31', '《走进大戏台》砸蛋活动3.1', '20150301202500', '20150302212100', '#', 'shop/201502/31/20150228210814_Fwqw.jpg', '        关注山西卫视《走进大戏台》，扫描电视屏幕下方的二维码关注山西卫视官方微信平台，即可参与我们的砸金蛋中大奖活动。', '0', '关注山西卫视官方微信进入砸金蛋活动，即送1次抽奖机会！山西卫视《走进大戏台》砸金蛋中大奖活动，参加砸金蛋，幸福砸出来！快来吧！', '1', '1', '-1', '1', '0.05', '0', '134', '-1', 'shop/201502/31/20150228232958_kMxS.jpg'), ('32', '《金战》砸蛋活动3.2a', '20150302193700', '20150302201900', '#', 'shop/20150302164208127//20150302164208_GQWp.jpg', '        关注山西卫视黄金剧场《金战》，扫描电视屏幕下方的二维码关注山西卫视官方微信平台，即可参与我们的砸金蛋中大奖活动。', '0', '        关注山西卫视官方微信进入砸金蛋活动，即送1次抽奖机会！山西卫视黄金剧场《金战》砸金蛋中大奖活动，参加砸金蛋，幸福砸出来！快来吧！', '1', '1', '-1', '1', '0.05', '0', '120', '-1', 'shop/201503/32/20150302164812_qJbD.jpg'), ('33', '《金战》砸蛋活动3.2b', '20150302203200', '20150302211300', '#', 'shop/20150302164727425//20150302164727_KoWE.jpg', '        关注山西卫视黄金剧场《金战》，扫描电视屏幕下方的二维码关注山西卫视官方微信平台，即可参与我们的砸金蛋中大奖活动。', '0', '        关注山西卫视官方微信进入砸金蛋活动，即送1次抽奖机会！山西卫视黄金剧场《金战》砸金蛋中大奖活动，参加砸金蛋，幸福砸出来！快来吧！', '1', '1', '-1', '1', '0.04', '0', '102', '-1', 'shop/20150302164727425//20150302164727_OGYG.jpg'), ('34', '《金战》砸蛋活动3.3a', '20150303193700', '20150303201900', '#', 'shop/20150303151431906//20150303151431_qVUm.jpg', '        关注山西卫视黄金剧场《金战》，扫描电视屏幕下方的二维码关注山西卫视官方微信平台，即可参与我们的砸金蛋中大奖活动。', '0', '        关注山西卫视官方微信进入砸金蛋活动，即送1次抽奖机会！山西卫视黄金剧场《金战》砸金蛋中大奖活动，参加砸金蛋，幸福砸出来！快来吧！', '1', '1', '-1', '1', '0.04', '0', '120', '-1', 'shop/20150303151431906//20150303151431_QqjW.jpg'), ('35', '《金战》砸蛋互动3.3b', '20150303203300', '20150303211400', '#', 'shop/20150303151543076//20150303151543_weDQ.jpg', '        关注山西卫视黄金剧场《金战》，扫描电视屏幕下方的二维码关注山西卫视官方微信平台，即可参与我们的砸金蛋中大奖活动。', '0', '        关注山西卫视官方微信进入砸金蛋活动，即送1次抽奖机会！山西卫视黄金剧场《金战》砸金蛋中大奖活动，幸福砸出来！快来吧！', '1', '1', '-1', '1', '0.04', '0', '85', '-1', 'shop/20150303151543076//20150303151543_IDZq.jpg'), ('36', '《金战》砸蛋活动3.4a', '20150304193700', '20150304201900', '#', 'shop/20150304160818546//20150304160818_xaxE.jpg', '        关注山西卫视黄金剧场《金战》，扫描电视屏幕下方的二维码关注山西卫视官方微信平台，即可参与我们的砸金蛋中大奖活动。', '0', '        关注山西卫视官方微信进入砸金蛋活动，即送1次抽奖机会！山西卫视黄金剧场《金战》砸金蛋中大奖活动，参加砸金蛋，幸福砸出来！快来吧！', '1', '1', '-1', '1', '0.04', '0', '145', '-1', 'shop/20150304160818546//20150304160818_MeQK.jpg'), ('37', '《金战》砸蛋活动3.4b', '20150304203200', '20150304211400', '#', 'shop/20150304160944653//20150304160944_tBkt.jpg', '        关注山西卫视黄金剧场《金战》，扫描电视屏幕下方的二维码关注山西卫视官方微信平台，即可参与我们的砸金蛋中大奖活动。', '0', '        关注山西卫视官方微信进入砸金蛋活动，即送1次抽奖机会！山西卫视黄金剧场《金战》砸金蛋中大奖活动，我们的活动将逐步升级，越往后、奖越大，参加砸金蛋，幸福砸出来！快来吧！', '1', '1', '-1', '1', '0.04', '0', '132', '-1', 'shop/20150304160944653//20150304160944_ZOhS.jpg'), ('38', '《金战》砸蛋活动3.5a', '20150305193800', '20150305201900', '#', 'shop/20150305153819245//20150305153819_HCOL.jpg', '        关注山西卫视黄金剧场《金战》，扫描电视屏幕下方的二维码关注山西卫视官方微信平台，即可参与我们的砸金蛋中大奖活动。\r\n', '0', '        关注山西卫视官方微信进入砸金蛋活动，即送1次抽奖机会！山西卫视黄金剧场《金战》砸金蛋中大奖活动，参加砸金蛋，幸福砸出来！快来吧！', '1', '1', '-1', '1', '0.04', '0', '131', '-1', 'shop/20150305153819245//20150305153819_rvON.jpg'), ('39', '《金战》砸蛋活动3.5b', '20150305203300', '20150305211700', '#', 'shop/20150305153952330//20150305153952_jFTR.jpg', '        关注山西卫视黄金剧场《金战》，扫描电视屏幕下方的二维码关注山西卫视官方微信平台，即可参与我们的砸金蛋中大奖活动。', '0', '        关注山西卫视官方微信进入砸金蛋活动，即送1次抽奖机会！山西卫视黄金剧场《金战》砸金蛋中大奖活动，参加砸金蛋，幸福砸出来！快来吧！', '1', '1', '-1', '1', '0.04', '0', '130', '-1', 'shop/20150305153952330//20150305153952_mlid.jpg'), ('40', '《金战》砸蛋活动3.6a', '20150306193800', '20150306201900', '#', 'shop/20150306173927745//20150306173927_YQGn.jpg', '        关注山西卫视黄金剧场《金战》，扫描电视屏幕下方的二维码关注山西卫视官方微信平台，即可参与我们的砸金蛋中大奖活动。', '0', '        关注山西卫视官方微信进入砸金蛋活动，即送1次抽奖机会！山西卫视黄金剧场《金战》砸金蛋中大奖活动，参加砸金蛋，幸福砸出来！快来吧！', '1', '1', '-1', '1', '0.04', '0', '150', '-1', 'shop/20150306173927745//20150306173927_IQvm.jpg'), ('75', 'sfsf', '20150603170200', '20150624170700', '#', '/wxadmin/upload/article/150603170600VAULWGF.png', 'ewr', '0', 'werew', '0', '-1', '1', '0', '0.01', '0', '0', '-1', '/wxadmin/upload/article/150603170602PSYZKFK.png'), ('46', '《金战》砸蛋活动3.9a', '20150309193800', '20150309201900', '#', 'shop/20150309160541228//20150309160541_uUPh.jpg', '        关注山西卫视黄金剧场《金战》，扫描电视屏幕下方的二维码关注山西卫视官方微信平台，即可参与我们的砸金蛋中大奖活动。\r\n', '0', '        关注山西卫视官方微信进入砸金蛋活动，即送1次抽奖机会！山西卫视黄金剧场《金战》砸金蛋中大奖活动，参加砸金蛋，幸福砸出来！快来吧！', '1', '1', '-1', '1', '0.04', '0', '150', '-1', 'shop/20150309160541228//20150309160541_GhRw.jpg'), ('47', '《金战》砸蛋活动3.9b', '20150309203300', '20150309211400', '#', 'shop/20150309160910536//20150309160910_oayh.jpg', '        关注山西卫视黄金剧场《金战》，扫描电视屏幕下方的二维码关注山西卫视官方微信平台，即可参与我们的砸金蛋中大奖活动。', '0', '        关注山西卫视官方微信进入砸金蛋活动，即送1次抽奖机会！山西卫视黄金剧场《金战》砸金蛋中大奖活动，参加砸金蛋，幸福砸出来！快来吧！', '1', '1', '-1', '1', '0.04', '0', '150', '-1', 'shop/20150309160910536//20150309160910_iMht.jpg'), ('44', '《金战》砸蛋活动3.8', '20150308193800', '20150308201300', '#', 'shop/20150306192026585//20150306192026_FFFs.jpg', '        关注山西卫视黄金剧场《金战》，扫描电视屏幕下方的二维码关注山西卫视官方微信平台，即可参与我们的砸金蛋中大奖活动。', '0', '        关注山西卫视官方微信进入砸金蛋活动，即送1次抽奖机会！山西卫视黄金剧场《金战》砸金蛋中大奖活动，参加砸金蛋，幸福砸出来！快来吧！', '1', '1', '-1', '1', '0.04', '0', '150', '-1', 'shop/20150306192026585//20150306192026_JMou.jpg'), ('45', '《走进大戏台》砸蛋活动3.8', '20150308202500', '20150308212100', '#', 'shop/20150306192554520//20150306192554_qIvs.jpg', '        关注山西卫视《走进大戏台》，扫描电视屏幕下方的二维码关注山西卫视官方微信平台，即可参与我们的砸金蛋中大奖活动。', '0', '        关注山西卫视官方微信进入砸金蛋活动，即送1次抽奖机会！山西卫视《走进大戏台》砸金蛋中大奖活动，参加砸金蛋，幸福砸出来！快来吧！', '1', '1', '-1', '1', '0.04', '0', '182', '-1', 'shop/20150306192554520//20150306192554_KuLe.jpg'), ('48', '《金战》砸蛋活动3.10a', '20150310193800', '20150310202000', '#', 'shop/20150310162649587//20150310162649_lCyT.jpg', '        关注山西卫视黄金剧场《金战》，扫描电视屏幕下方的二维码关注山西卫视官方微信平台，即可参与我们的砸金蛋中大奖活动。', '0', '        关注山西卫视官方微信进入砸金蛋活动，即送1次抽奖机会！山西卫视黄金剧场《金战》砸金蛋中大奖活动，参加砸金蛋，幸福砸出来！快来吧！', '1', '1', '-1', '1', '0.03', '0', '187', '-1', 'shop/20150310162649587//20150310162649_gYHg.jpg'), ('49', '《金战》砸蛋活动3.10b', '20150310203200', '20150310211400', '#', 'shop/20150310162841388//20150310162841_ldxg.jpg', '        关注山西卫视黄金剧场《金战》，扫描电视屏幕下方的二维码关注山西卫视官方微信平台，即可参与我们的砸金蛋中大奖活动。', '0', '        关注山西卫视官方微信进入砸金蛋活动，即送1次抽奖机会！山西卫视黄金剧场《金战》砸金蛋中大奖活动，参加砸金蛋，幸福砸出来！快来吧！', '1', '1', '-1', '1', '0.03', '0', '159', '-1', 'shop/20150310162841388//20150310162841_TAZf.jpg'), ('50', '《金战》砸蛋活动3.11a', '20150311193800', '20150311202000', '#', 'shop/20150311154729652//20150311154729_rDHX.jpg', '        关注山西卫视黄金剧场《金战》，扫描电视屏幕下方的二维码关注山西卫视官方微信平台，即可参与我们的砸金蛋中大奖活动。', '0', '        关注山西卫视官方微信进入砸金蛋活动，即送1次抽奖机会！山西卫视黄金剧场《金战》砸金蛋中大奖活动，参加砸金蛋，幸福砸出来！快来吧！\r\n', '1', '1', '-1', '1', '0.03', '0', '198', '-1', 'shop/20150311154729652//20150311154729_oxWF.jpg'), ('51', '《金战》砸蛋活动3.11b', '20150311203300', '20150311211400', '#', 'shop/20150311154851389//20150311154851_Lxex.jpg', '        关注山西卫视黄金剧场《金战》，扫描电视屏幕下方的二维码关注山西卫视官方微信平台，即可参与我们的砸金蛋中大奖活动。', '0', '        关注山西卫视官方微信进入砸金蛋活动，即送1次抽奖机会！山西卫视黄金剧场《金战》砸金蛋中大奖活动，参加砸金蛋，幸福砸出来！快来吧！', '1', '1', '-1', '1', '0.03', '0', '198', '-1', 'shop/20150311154851389//20150311154851_nlgn.jpg'), ('73', '3333', 'NaNNaNNaN00', 'NaNNaNNaN00', '', '', '', '0', '', '0', '0', '0', '0', '0', '0', '0', '0', ''), ('74', '呃呃呃', 'NaNNaNNaN00', 'NaNNaNNaN00', '', '', '', '0', '', '0', '0', '0', '0', '0', '0', '0', '0', '');
COMMIT;

-- ----------------------------
--  Table structure for `gd_lottery_item`
-- ----------------------------
DROP TABLE IF EXISTS `gd_lottery_item`;
CREATE TABLE `gd_lottery_item` (
  `lotteryId` int(10) NOT NULL,
  `itemId` int(10) NOT NULL AUTO_INCREMENT,
  `itemName` varchar(255) DEFAULT NULL,
  `itemDesc` varchar(1024) DEFAULT NULL,
  `itemType` int(2) DEFAULT NULL,
  `account` int(10) DEFAULT NULL,
  `odds` double DEFAULT NULL,
  `extension` varchar(255) DEFAULT NULL,
  `state` int(2) DEFAULT NULL,
  `remain` int(10) DEFAULT NULL,
  PRIMARY KEY (`itemId`),
  KEY `gd_lottery_item_idx2` (`state`),
  KEY `gd_lottery_item_idx1` (`lotteryId`) USING BTREE
) ENGINE=MyISAM AUTO_INCREMENT=196 DEFAULT CHARSET=utf8;

-- ----------------------------
--  Records of `gd_lottery_item`
-- ----------------------------
BEGIN;
INSERT INTO `gd_lottery_item` VALUES ('10', '43', '一等奖', '新紫晨清润2.5一箱（24罐）', '0', '10', '0', '', '0', '9'), ('8', '38', '幸运奖', '新紫晨清润2.5一箱（12罐）', '0', '15', '0', '', '0', '12'), ('8', '37', '二等奖', '蒙清罐头大礼包', '0', '10', '0', '', '0', '8'), ('4', '30', '幸运奖', '新紫晨清润2.5一箱（12罐）', '0', '1500', '0', '', '0', '0'), ('8', '36', '一等奖', '新紫晨清润2.5一箱（24罐）', '0', '10', '0', '', '0', '9'), ('4', '31', '一等奖', '新紫晨清润2.5一箱（24罐）', '0', '10', '0', '', '0', '0'), ('4', '32', '二等奖', '蒙清罐头大礼包', '0', '10', '0', '', '0', '0'), ('3', '35', '幸运奖', '新紫晨清润2.5一箱（12罐）', '0', '15', '0', '', '0', '0'), ('3', '34', '二等奖', '蒙清罐头大礼包', '0', '10', '0', '', '0', '0'), ('3', '33', '一等奖', '新紫晨清润2.5一箱24罐装', '0', '10', '0', '', '0', '0'), ('9', '39', '幸运奖', '新紫晨清润2.5一箱（12罐）', '0', '15', '0', '', '0', '3'), ('9', '40', '二等奖', '蒙清罐头大礼包', '0', '10', '0', '', '0', '1'), ('9', '41', '一等奖', '新紫晨清润2.5一箱（24罐）', '0', '10', '0', '', '0', '2'), ('10', '44', '二等奖', '蒙清罐头礼包', '0', '10', '0', '', '0', '10'), ('10', '45', '幸运奖', '新紫晨清润2.5一箱（12罐）', '0', '15', '0', '', '0', '15'), ('11', '46', '一等奖', '新紫晨清润2.5一箱（24罐）', '0', '10', '0', '', '0', '6'), ('11', '47', '二等奖', '蒙清罐头礼包', '0', '10', '0', '', '0', '7'), ('11', '48', '幸运奖', '新紫晨清润2.5一箱（12罐）', '0', '15', '0', '', '0', '12'), ('12', '49', '三阳开泰', '新紫晨清润2.5（3罐）', '0', '20', '0', '', '0', '19'), ('12', '50', '洋洋得意', '新紫晨清润2.5（2罐）', '0', '30', '0', '', '0', '26'), ('12', '51', '羊年大吉', '新紫晨清润2.5（1罐）', '0', '50', '0', '', '0', '45'), ('13', '52', '三阳开泰', '新紫晨清润2.5（3罐）', '0', '10', '0', '', '0', '0'), ('13', '53', '喜气洋洋', '新紫晨清润2.5（2罐）', '0', '10', '0', '', '0', '0'), ('13', '54', '羊年大吉', '新紫晨清润2.5（1罐）', '0', '80', '0', '', '0', '0'), ('14', '55', '一等奖', '新紫晨清润2.5一箱（24罐）', '0', '2', '0', '', '0', '0'), ('14', '56', '二等奖', '蒙清罐头礼包', '0', '4', '0', '', '0', '1'), ('14', '57', '幸运奖', '新紫晨清润2.5一箱（12罐）', '0', '6', '0', '', '0', '4'), ('15', '58', '一等奖', '新紫晨清润2.5一箱（24罐）', '0', '2', '0', '', '0', '1'), ('15', '59', '二等奖', '蒙清罐头礼包', '0', '4', '0', '', '0', '1'), ('15', '60', '幸运奖', '新紫晨清润2.5一箱（12罐）', '0', '6', '0', '', '0', '4'), ('16', '61', '一等奖', '新紫晨清润2.5一箱（24罐）', '0', '2', '0', '', '0', '0'), ('16', '62', '二等奖', '蒙清罐头礼包', '0', '4', '0', '', '0', '0'), ('16', '63', '幸运奖', '新紫晨清润2.5一箱（12罐）', '0', '6', '0', '', '0', '0'), ('17', '64', '一等奖', '新紫晨清润2.5一箱（24罐）', '0', '2', '0', '', '0', '0'), ('17', '65', '二等奖', '蒙清罐头礼包	', '0', '4', '0', '', '0', '0'), ('17', '66', '幸运奖', '新紫晨清润2.5一箱（12罐）', '0', '6', '0', '', '0', '1'), ('18', '67', '一等奖', '新紫晨清润2.5一箱（24罐）', '0', '2', '0', '', '0', '0'), ('18', '68', '二等奖', '蒙清罐头礼包', '0', '4', '0', '', '0', '0'), ('18', '69', '幸运奖', '新紫晨清润2.5一箱（12罐）', '0', '6', '0', '', '0', '0'), ('19', '70', '一等奖', '新紫晨清润2.5一箱（24罐）', '0', '10', '0', '', '0', '10'), ('19', '71', '二等奖', '蒙清罐头礼包', '0', '10', '0', '', '0', '10'), ('19', '72', '幸运奖', '新紫晨清润2.5一箱（12罐）', '0', '15', '0', '', '0', '15'), ('21', '73', '一等奖', '新紫晨清润2.5一箱（24罐）', '0', '10', '0', '', '0', '10'), ('21', '74', '二等奖', '蒙清罐头礼包', '0', '10', '0', '', '0', '10'), ('21', '75', '幸运奖', '新紫晨清润2.5一箱（12罐）', '0', '15', '0', '', '0', '15'), ('20', '76', '一等奖', '新紫晨清润2.5一箱（24罐）', '0', '2', '0', '', '0', '0'), ('20', '77', '二等奖', '蒙清罐头礼包', '0', '4', '0', '', '0', '0'), ('20', '78', '幸运奖', '新紫晨清润2.5一箱（12罐）', '0', '6', '0', '', '0', '0'), ('22', '79', '羊年大吉', '新紫晨清润2.5（1罐）', '0', '80', '0', '', '0', '80'), ('22', '80', '洋洋得意', '新紫晨清润2.5（2罐）', '0', '10', '0', '', '0', '10'), ('22', '81', '三阳开泰', '新紫晨清润2.5（3罐）', '0', '10', '0', '', '0', '10'), ('24', '82', '一等奖', '新紫晨清润2.5一箱（24罐）', '0', '2', '0', '', '0', '2'), ('24', '83', '二等奖', '蒙清罐头礼包', '0', '4', '0', '', '0', '4'), ('24', '84', '三等奖', '新紫晨清润2.5一箱（12罐）', '0', '6', '0', '', '0', '6'), ('23', '85', '一等奖', '新紫晨清润2.5一箱（24罐）', '0', '2', '0', '', '0', '0'), ('23', '86', '二等奖', '蒙清罐头礼包', '0', '4', '0', '', '0', '3'), ('23', '87', '三等奖', '新紫晨清润2.5一箱（12罐）', '0', '6', '0', '', '0', '0'), ('26', '88', '一等奖', '新紫晨清润2.5一箱（24罐）', '0', '2', '0', '', '0', '2'), ('26', '89', '二等奖', '蒙清罐头礼包', '0', '4', '0', '', '0', '4'), ('26', '90', '三等奖', '新紫晨清润2.5一箱（12罐）\r\n', '0', '6', '0', '', '0', '6'), ('27', '92', '一等奖', '新紫晨清润2.5一箱（24罐）', '0', '1', '0', '', '0', '0'), ('27', '93', '二等奖', '蒙清罐头礼包', '0', '2', '0', '', '0', '2'), ('27', '94', '三等奖', '新紫晨清润2.5一箱（12罐）', '0', '3', '0', '', '0', '2'), ('28', '95', '一等奖', '新紫晨清润2.5一箱（24罐）', '0', '1', '0', '', '0', '1'), ('28', '96', '二等奖', '蒙清罐头礼包', '0', '2', '0', '', '0', '1'), ('28', '97', '一等奖', '新紫晨清润2.5一箱（12罐）', '0', '3', '0', '', '0', '3'), ('29', '153', '一等奖', '新紫晨清润2.5一箱（24罐）', '0', '3', '0', '', '0', '3'), ('30', '99', '一等奖', '新紫晨清润2.5一箱（24罐）', '0', '1', '0', '', '0', '0'), ('30', '100', '二等奖', '蒙清罐头礼包', '0', '2', '0', '', '0', '2'), ('30', '101', '三等奖', '新紫晨清润2.5一箱（12罐）', '0', '3', '0', '', '0', '2'), ('31', '102', '一等奖', '新紫晨清润2.5一箱（24罐）', '0', '2', '0', '', '0', '0'), ('31', '103', '二等奖', '蒙清罐头礼包', '0', '4', '0', '', '0', '0'), ('31', '104', '三等奖', '新紫晨清润2.5一箱（12罐）', '0', '6', '0', '', '0', '6'), ('33', '105', '一等奖', '新紫晨清润2.5一箱（24罐）', '0', '1', '0', '', '0', '0'), ('33', '106', '二等奖', '蒙清罐头礼包', '0', '2', '0', '', '0', '1'), ('33', '107', '三等奖', '新紫晨清润2.5一箱（12罐）', '0', '3', '0', '', '0', '2'), ('32', '108', '一等奖', '新紫晨清润2.5一箱（24罐）', '0', '1', '0', '', '0', '0'), ('32', '109', '二等奖', '蒙清罐头礼包', '0', '2', '0', '', '0', '0'), ('32', '110', '三等奖', '新紫晨清润2.5一箱（12罐）', '0', '3', '0', '', '0', '0'), ('35', '111', '一等奖', '新紫晨清润2.5一箱（24罐）', '0', '1', '0', '', '0', '0'), ('35', '112', '二等奖', '蒙清罐头礼包', '0', '2', '0', '', '0', '2'), ('35', '113', '三等奖', '新紫晨清润2.5一箱（12罐）', '0', '3', '0', '', '0', '1'), ('34', '114', '一等奖', '新紫晨清润2.5一箱（24罐）', '0', '1', '0', '', '0', '0'), ('34', '115', '二等奖', '蒙清罐头礼包', '0', '2', '0', '', '0', '1'), ('34', '116', '三等奖', '新紫晨清润2.5一箱（12罐）', '0', '3', '0', '', '0', '1'), ('37', '117', '一等奖', '新紫晨清润2.5一箱（24罐）', '0', '1', '0', '', '0', '0'), ('37', '118', '二等奖', '蒙清罐头礼包', '0', '2', '0', '', '0', '1'), ('37', '119', '三等奖', '新紫晨清润2.5一箱（12罐）', '0', '3', '0', '', '0', '0'), ('36', '120', '一等奖', '新紫晨清润2.5一箱（24罐）', '0', '1', '0', '', '0', '0'), ('36', '121', '二等奖', '蒙清罐头礼包', '0', '2', '0', '', '0', '0'), ('36', '122', '三等奖', '新紫晨清润2.5一箱（12罐）', '0', '3', '0', '', '0', '1'), ('38', '123', '一等奖', '新紫晨清润2.5一箱（24罐）', '0', '1', '0', '', '0', '0'), ('38', '124', '二等奖', '蒙清罐头礼包', '0', '2', '0', '', '0', '0'), ('38', '125', '三等奖', '新紫晨清润2.5一箱（12罐）', '0', '3', '0', '', '0', '1'), ('39', '126', '一等奖', '新紫晨清润2.5一箱（24罐）', '0', '1', '0', '', '0', '0'), ('39', '127', '二等奖', '蒙清罐头礼包', '0', '2', '0', '', '0', '0'), ('39', '128', '三等奖', '新紫晨清润2.5一箱（12罐）\r\n', '0', '3', '0', '', '0', '1'), ('40', '129', '一等奖', '新紫晨清润2.5一箱（24罐）', '0', '1', '0', '', '0', '0'), ('40', '130', '二等奖', '蒙清罐头礼包', '0', '2', '0', '', '0', '0'), ('40', '131', '三等奖', '新紫晨清润2.5一箱（12罐）\r\n', '0', '3', '0', '', '0', '0'), ('41', '132', '一等奖', '新紫晨清润2.5一箱（24罐）', '0', '1', '0', '', '0', '0'), ('41', '133', '二等奖', '蒙清罐头礼包', '0', '2', '0', '', '0', '0'), ('41', '134', '三等奖', '新紫晨清润2.5一箱（12罐）', '0', '3', '0', '', '0', '1'), ('43', '135', '一等奖', '新紫晨清润2.5一箱（24罐）', '0', '1', '0', '', '0', '1'), ('43', '136', '二等奖', '蒙清罐头礼包', '0', '2', '0', '', '0', '2'), ('43', '137', '三等奖', '新紫晨清润2.5一箱（12罐）', '0', '3', '0', '', '0', '3'), ('42', '138', '一等奖', '新紫晨清润2.5一箱（24罐）', '0', '1', '0', '', '0', '1'), ('42', '139', '二等奖', '蒙清罐头礼包', '0', '2', '0', '', '0', '2'), ('42', '140', '三等奖', '新紫晨清润2.5一箱（12罐）', '0', '3', '0', '', '0', '3'), ('44', '141', '一等奖', '新紫晨清润2.5一箱（24罐）', '0', '1', '0', '', '0', '0'), ('44', '142', '二等奖', '蒙清罐头礼包', '0', '2', '0', '', '0', '0'), ('44', '143', '三等奖', '新紫晨清润2.5一箱（12罐）', '0', '3', '0', '', '0', '0'), ('45', '144', '一等奖', '新紫晨清润2.5一箱（24罐）', '0', '2', '0', '', '0', '0'), ('45', '145', '二等奖', '蒙清罐头礼包', '0', '4', '0', '', '0', '2'), ('45', '146', '三等奖', '新紫晨清润2.5一箱（12罐）', '0', '6', '0', '', '0', '3'), ('46', '147', '一等奖', '新紫晨清润2.5一箱（24罐）', '0', '1', '0', '', '0', '0'), ('46', '148', '二等奖', '蒙清罐头礼包', '0', '2', '0', '', '0', '0'), ('46', '149', '三等奖', '新紫晨清润2.5一箱（12罐）', '0', '3', '0', '', '0', '0'), ('47', '150', '一等奖', '新紫晨清润2.5一箱（24罐）', '0', '1', '0', '', '0', '0'), ('47', '151', '二等奖', '蒙清罐头礼包', '0', '2', '0', '', '0', '0'), ('47', '152', '三等奖', '新紫晨清润2.5一箱（12罐）', '0', '3', '0', '', '0', '0'), ('29', '154', '二等奖', '蒙清罐头礼包', '0', '3', '0', '', '0', '3'), ('29', '155', '三等奖', '新紫晨清润2.5一箱（12罐）', '0', '4', '0', '', '0', '3'), ('49', '156', '一等奖', '新紫晨清润2.5一箱（24罐）', '0', '1', '0', '', '0', '0'), ('49', '157', '二等奖', '蒙清罐头礼包', '0', '2', '0', '', '0', '1'), ('49', '158', '三等奖', '新紫晨清润2.5一箱（12罐）', '0', '3', '0', '', '0', '1'), ('48', '160', '一等奖', '新紫晨清润2.5一箱（24罐）', '0', '1', '0', '', '0', '0'), ('48', '161', '二等奖', '蒙清罐头礼包', '0', '2', '0', '', '0', '1'), ('48', '162', '三等奖', '新紫晨清润2.5一箱（12罐）\r\n', '0', '3', '0', '', '0', '1'), ('51', '163', '一等奖', '新紫晨清润2.5一箱（24罐', '0', '1', '0', '', '0', '0'), ('51', '164', '二等奖', '蒙清罐头礼包', '0', '2', '0', '', '0', '0'), ('51', '165', '三等奖', '新紫晨清润2.5一箱（12罐）', '0', '3', '0', '', '0', '0'), ('50', '166', '一等奖', '新紫晨清润2.5一箱（24罐）', '0', '1', '0', '', '0', '0'), ('50', '167', '二等奖', '蒙清罐头礼包', '0', '2', '0', '', '0', '0'), ('50', '168', '三等奖', '新紫晨清润2.5一箱（12罐）', '0', '3', '0', '', '0', '0'), ('0', '172', '', '', '0', '0', '0', null, '0', '0'), ('0', '171', 'bbbbbb', null, '0', '0', '0', null, '0', '0'), ('0', '173', '三等奖', '还是短发好看', '0', '123', '0', null, '0', '123'), ('0', '174', '222', '222', '0', '22', '0', null, '0', '22'), ('-1', '191', '测试1', '1', '0', '1', '0', null, '0', '1'), ('67', '192', '测试奖项2', '2', '0', '2', '0', null, '0', '2'), ('68', '193', '测试3', '3', '0', '3', '0', null, '0', '3'), ('68', '194', '432', '4234', '0', '234', '0', null, '0', '342'), ('68', '195', '44', '44', '0', '44', '0', null, '0', '44');
COMMIT;

-- ----------------------------
--  Table structure for `gd_lottery_user`
-- ----------------------------
DROP TABLE IF EXISTS `gd_lottery_user`;
CREATE TABLE `gd_lottery_user` (
  `id` int(10) unsigned NOT NULL AUTO_INCREMENT,
  `lotteryId` int(10) unsigned NOT NULL,
  `openid` varchar(255) NOT NULL,
  `createTime` varchar(14) DEFAULT NULL,
  `state` int(2) DEFAULT NULL,
  `itemId` int(10) unsigned DEFAULT NULL,
  `totalCnt` int(10) unsigned DEFAULT NULL,
  `isLuckyCnt` tinyint(1) DEFAULT NULL,
  PRIMARY KEY (`id`)
) ENGINE=MyISAM AUTO_INCREMENT=8793 DEFAULT CHARSET=utf8;



-- ----------------------------
--  Table structure for `gd_media`
-- ----------------------------
DROP TABLE IF EXISTS `gd_media`;
CREATE TABLE `gd_media` (
  `news_id` varchar(20) NOT NULL DEFAULT '0',
  `media_id` int(11) NOT NULL AUTO_INCREMENT,
  `title` varchar(500) DEFAULT NULL,
  `author` varchar(500) DEFAULT NULL,
  `img_url` varchar(1024) DEFAULT NULL,
  `content` text,
  `wx_media_id` varchar(500) DEFAULT NULL,
  `is_cover_pic` tinyint(1) DEFAULT '0' COMMENT '是否显示为封面',
  `source_url` varchar(500) DEFAULT NULL,
  `digest` varchar(2000) DEFAULT NULL,
  `media_type` varchar(20) DEFAULT NULL COMMENT '媒体类型',
  PRIMARY KEY (`news_id`,`media_id`)
) ENGINE=MyISAM DEFAULT CHARSET=utf8;

-- ----------------------------
--  Records of `gd_media`
-- ----------------------------
BEGIN;
INSERT INTO `gd_media` VALUES ('150509194356EPRYZCW', '1', null, null, '/wxadmin/upload/media/150512175218LAAUXIN.jpeg', null, null, '0', null, null, '5'), ('150509194448NUURAIG', '1', null, null, '/wxadmin/upload/media/150509194458KMUYHAV.mp3', null, 'hsPuUL-aal-agbYC2p_vMXlEkxQ3j1vzKy0HOapm9uTt4bFMyyFXKQOkBWGobE6m', '0', null, null, '3'), ('150509204726OYXMFKF', '1', null, null, '/wxadmin/upload/media/150512173007KTREKUJ.mp4', null, 'jbS2-GTDzfdE8UDChhv4rbw0KL6ZvG9AiEFZJ4uRZoZsz9JHqiQRsqHRWF82a3tf', '0', null, null, '4'), ('150512172219PMTBXJP', '1', '厦门长塑磁驱同步双拉薄膜填补国际高端尼龙薄膜市场空白', '长塑发布', '/wxadmin/upload/media/150512173323MFKTHCJ.jpeg', '<p style=\"text-align: left; text-indent: 2em;\"><span style=\"font-family: 微软雅黑; text-indent: 38px;\">近日，厦门长塑实业有限公司引进的世界最先进的磁悬浮线性电机同步拉伸尼龙生产线成功投产！</span></p><p style=\"text-align:center;text-indent:16px\"><img src=\"http://wxpay.zlgame.cn/wxadmin/ueditor/jsp/upload/image/20150512/1431425112253049823.jpg\" title=\"1431425112253049823.jpg\" alt=\"title_img.jpg\"/></p><p style=\"text-indent: 2em;\"><span style=\"font-size:16px;font-family:微软雅黑\">该项目实现了世界最先进的磁悬浮驱动技术在</span><span style=\"font-size:16px;font-family:微软雅黑\">BOPA</span><span style=\"font-size:16px;font-family:微软雅黑\">薄膜生产线上的首次使用，</span><span style=\"font-size:16px;font-family:微软雅黑\">由于设备的精密控制和调整的灵活性，生产的</span><span style=\"font-size:16px;font-family:微软雅黑\">BOPA</span><span style=\"font-size:16px;font-family:微软雅黑\">质量更稳定同时可以依照客户的需求定制个性化产品</span><span style=\"font-size:16px;font-family:微软雅黑\">，是重要的历史性突破！</span></p><p style=\"text-indent: 2em;\"><span style=\"font-size:16px;font-family:微软雅黑\">磁悬浮线性同步拉伸工艺的拉伸阶段每个链铗都由单独的线性电机控制，且拉伸比可调、轨道可调。磁悬浮线性电机同步拉伸工艺取以往分步拉伸法和机械同步拉伸法之长，制成的线性同步薄膜集机械强度好、延展性好与均衡性好等优点于一身，填补了国内外高端同步拉伸尼龙薄膜市场空白，市场前景非常广阔！</span></p><p style=\"margin: 2px 0px 0px; text-indent: 2em; line-height: 21px;\"><span style=\"font-family:微软雅黑\">作为全球最大的</span><span style=\"font-family:微软雅黑\">BOPA</span><span style=\"font-family:微软雅黑\">双向拉伸尼龙薄膜生产商，厦门长塑实业有限公司经过多年发展与积淀，整合全球先进资源与技术不断创新，致力于实现</span><span style=\"font-family:微软雅黑\">“</span><span style=\"font-family: 微软雅黑\">成为世界级绿色生活材料的引领者</span><span style=\"font-family:微软雅黑\">”</span><span style=\"font-family:微软雅黑\">的企业愿景。</span></p><p style=\"margin-top:2px;margin-right:0;margin-bottom:0;margin-left:0;margin-bottom:0;text-indent:32px;line-height:21px\"><span style=\"font-family:微软雅黑\">&nbsp;</span></p><p style=\"text-indent:32px\"><span style=\"font-size:16px;font-family:微软雅黑\">&nbsp;</span></p><p style=\"text-indent: 2em;\"><a name=\"_GoBack\"></a><span style=\"font-size:16px;font-family:微软雅黑\">磁驱动线性同步生产线的成功投产，标志着长塑实业带着世界最先进的技术，站在了</span><span style=\"font-size:16px;font-family:微软雅黑\">BOPA</span><span style=\"font-size:16px;font-family:微软雅黑\">膜行业的前端，并由此全面打开产品格局，充分展现了行业引领者的风范。</span></p><p style=\"text-indent: 2em;\"><span style=\"font-size:16px;font-family:微软雅黑\">“</span><span style=\"font-size:16px;font-family:微软雅黑\">每一次汗水和泪水是故事背后的精彩，每一次激情和梦想正是对肯定的渴望。</span><span style=\"font-size:16px;font-family:微软雅黑\">”</span><span style=\"font-size:16px;font-family:微软雅黑\">长塑领导人在磁悬浮线性电机同步生产线投产庆功晚宴上如是说：</span><span style=\"font-size:16px;font-family:微软雅黑\">“</span><span style=\"font-size:16px;font-family:微软雅黑\">终点是另一个高度的起点！</span><span style=\"font-size:16px;font-family:微软雅黑\">”</span><span style=\"font-size:16px;font-family:微软雅黑\">我们期盼以长塑为代表的国内</span><span style=\"font-size:16px;font-family:微软雅黑\">BOPA</span><span style=\"font-size:16px;font-family:微软雅黑\">薄膜制造企业抓住国家</span><span style=\"font-size:16px;font-family:微软雅黑\">“</span><span style=\"font-size:16px;font-family:微软雅黑\">一带一路</span><span style=\"font-size:16px;font-family:微软雅黑\">”</span><span style=\"font-size:16px;font-family:微软雅黑\">战略大力推进的大好历史机遇</span><span style=\"font-size:16px;font-family:微软雅黑\">，用百分百的拼搏和创新</span><span style=\"font-size:16px;font-family:微软雅黑\">,</span><span style=\"font-size:16px;font-family:微软雅黑\">为中国</span><span style=\"font-size:16px;font-family:微软雅黑\">BOPA</span><span style=\"font-size:16px;font-family:微软雅黑\">薄膜事业的发展做出应有贡献，带来更多跨越性飞跃。</span></p><p>&nbsp;</p><p><br/></p>', '8KRrlpYMUhwIqWbRScI_SClbSYCRN0II-j7gmuRQ_BkoLh8UDimsf7Mo0Gdmn3-6', '0', '', '近日，厦门长塑实业有限公司引进的世界最先进的磁悬浮线性电机同步拉伸尼龙生产线成功投产！', '1');
COMMIT;

-- ----------------------------
--  Table structure for `gd_news`
-- ----------------------------
DROP TABLE IF EXISTS `gd_news`;
CREATE TABLE `gd_news` (
  `news_id` varchar(20) NOT NULL,
  `type` varchar(4) DEFAULT NULL,
  `wx_account_id` int(11) DEFAULT NULL COMMENT '关联微信公众号',
  `wx_media_id` varchar(64) DEFAULT NULL COMMENT '上传后微信返回的媒体ID',
  `create_time` varchar(32) DEFAULT NULL,
  `description` varchar(255) DEFAULT NULL COMMENT '多图文描述',
  PRIMARY KEY (`news_id`)
) ENGINE=MyISAM AUTO_INCREMENT=35 DEFAULT CHARSET=utf8;

-- ----------------------------
--  Records of `gd_news`
-- ----------------------------
BEGIN;
INSERT INTO `gd_news` VALUES ('150428115918AMDYNSE', '2', '0', '', '1430193558', '您好，欢迎进入此微信平台. \n            --- 长塑之膜，世界之模。'), ('150428115638CTUXNLT', '2', '0', '', '1430193398', '测试文本消息'), ('150512172219PMTBXJP', '1', '0', '', '1431510233', '对外新闻稿'), ('150509194356EPRYZCW', '5', '0', '', '1431171836', '测试单图消息'), ('150509194448NUURAIG', '3', '0', '', '1431171938', '测试音频消息'), ('150509204726OYXMFKF', '4', '0', '', '1431425738', '测试视频');
COMMIT;

-- ----------------------------
--  Table structure for `gd_privilege`
-- ----------------------------
DROP TABLE IF EXISTS `gd_privilege`;
CREATE TABLE `gd_privilege` (
  `prv_id` tinyint(3) unsigned NOT NULL AUTO_INCREMENT,
  `prv_digest` varchar(30) NOT NULL COMMENT '特权名称，简要描述',
  `min_rank` int(4) unsigned NOT NULL DEFAULT '1',
  `max_rank` int(4) unsigned NOT NULL DEFAULT '1',
  `prv_desc` varchar(256) NOT NULL DEFAULT '' COMMENT '特权描述',
  PRIMARY KEY (`prv_id`)
) ENGINE=MyISAM AUTO_INCREMENT=3 DEFAULT CHARSET=utf8;

-- ----------------------------
--  Records of `gd_privilege`
-- ----------------------------
BEGIN;
INSERT INTO `gd_privilege` VALUES ('1', '频道节目点播', '1', '5', '所有频道近期节目可以任意点播收听'), ('2', '频道节目收藏', '1', '5', '可以在收听频道节目过程中对节目进行收藏，并能在媒体页面中点击“收藏”来收听您的收藏列表中的近期节目。');
COMMIT;

-- ----------------------------
--  Table structure for `gd_program`
-- ----------------------------
DROP TABLE IF EXISTS `gd_program`;
CREATE TABLE `gd_program` (
  `pid` bigint(11) NOT NULL DEFAULT '0',
  `rid` bigint(11) NOT NULL DEFAULT '0',
  `pname` varchar(50) DEFAULT NULL,
  `start` varchar(6) DEFAULT NULL,
  `end` varchar(6) DEFAULT NULL,
  PRIMARY KEY (`pid`,`rid`)
) ENGINE=MyISAM DEFAULT CHARSET=utf8;

-- ----------------------------
--  Records of `gd_program`
-- ----------------------------
BEGIN;
INSERT INTO `gd_program` VALUES ('1', '1', '738第一报道', '060000', '063000'), ('100', '7', '老年聊天室', '120000', '130000'), ('101', '7', '大案纪实', '160000', '163000'), ('102', '7', '青雪故事', '220000', '230000'), ('103', '7', '心理健康门诊', '213000', '220000'), ('114', '9', '母爱时光', '080000', '090000'), ('117', '9', '青春之声', '120000', '130000'), ('12', '1', '全省新闻联播', '180000', '183000'), ('126', '1', '转播中央台《新闻和报纸摘要》节目', '063000', '070000'), ('127', '1', '生活空间', '100000', '120000'), ('128', '1', '咖啡语茶', '133000', '163000'), ('129', '1', '转播吉林卫视《吉林新闻联播》', '183000', '185500'), ('13', '1', '晓声长谈', '200000', '220000'), ('130', '1', '收听指南+广告', '185500', '190000'), ('131', '1', '生活风向标', '190000', '200000'), ('132', '1', '相约好时光', '223000', '233000'), ('136', '1', '清晨漫步', '050000', '060000'), ('139', '2', '1038车天下（重播）', '013000', '023000'), ('140', '2', '有理走天下（重播）', '023000', '033000'), ('141', '3', '早安927', '050000', '053000'), ('142', '3', '健康在线 （专题广告时段）', '053000', '073000'), ('144', '3', '音乐播不停', '000000', '050000'), ('165', '6', '结婚帮帮团', '090000', '094000'), ('168', '6', '约会班主任', '200000', '210000'), ('171', '7', '健康晨曲', '043000', '050000'), ('172', '7', '健康专题', '182000', '190000'), ('173', '7', '热播新书', '070000', '073000'), ('174', '7', '经典书场', '080000', '083000'), ('175', '7', '古今传奇', '093000', '103000'), ('176', '7', '武侠群英会', '143000', '150000'), ('179', '7', '官场笔记', '190000', '210000'), ('18', '2', '1038早间书场', '043000', '053000'), ('180', '7', '星空剧场', '230000', '000000'), ('19', '2', '在清华听演讲', '000000', '003000'), ('2', '1', '738早新闻', '070000', '074000'), ('20', '2', 'CNR《新闻和报纸摘要》', '063000', '070000'), ('207', '5', '健康新主张', '050000', '070000'), ('208', '2', '快乐加油站', '033000', '043000'), ('213', '7', '品戏听歌', '110000', '113000'), ('22', '2', '畅行早高峰', '070000', '080000'), ('23', '2', '疯狂的匣子', '080000', '090000'), ('230', '8', '环游资讯90分', '070000', '083000'), ('239', '8', '小说连播', '130000', '150000'), ('242', '8', '1033快乐到家', '180000', '190000'), ('243', '8', '吃喝玩乐大搜索', '110000', '120000'), ('249', '8', '惊悚故事', '200000', '220000'), ('25', '2', '有理走天下', '090000', '103000'), ('253', '8', '快乐杂货铺[早]', '043000', '053000'), ('254', '8', '快乐杂货铺[首播]', '100000', '110000'), ('256', '8', '快乐杂货铺[晚]', '190000', '200000'), ('258', '2', '老梁观世界', '053000', '060000'), ('262', '2', '军情解码', '003000', '013000'), ('268', '1', '首席说事', '120000', '123000'), ('269', '1', '午夜有说道', '233000', '010000'), ('27', '2', '1038车天下', '103000', '120000'), ('271', '1', '晓声长谈 精致版', '123000', '133000'), ('274', '9', '咱们都是东北人', '170000', '180000'), ('275', '9', '我的故事我的歌', '110000', '120000'), ('283', '9', '欢乐正前方', '090000', '100000'), ('291', '5', '976爱生活', '080000', '083000'), ('292', '5', '健康新主张8:30', '083000', '093000'), ('293', '5', '慧养生 会健康', '093000', '103000'), ('294', '5', '健康新主张10：30', '103000', '113000'), ('295', '5', '健康新主张13:00', '130000', '143000'), ('296', '5', '“丫”蛋炒“范”', '143000', '160000'), ('297', '5', '健康新主张16：00', '160000', '180000'), ('298', '5', '好戏开唱', '180000', '190000'), ('299', '5', '健康新主张19：00', '190000', '210000'), ('3', '1', '政风行风热线', '074000', '082000'), ('300', '5', '歌中岁月', '210000', '220000'), ('301', '5', '健康新主张00：00', '000000', '043000'), ('305', '7', '谜案追踪', '163000', '170000'), ('308', '7', '大案纪实（重播）21：00——21：30', '210000', '213000'), ('31', '2', '好人帮', '130000', '140000'), ('310', '2', '晓欢说真的', '190000', '200000'), ('311', '2', '天王盖地虎', '160000', '170000'), ('313', '2', '晓龙晓雪真有乐', '120000', '130000'), ('314', '2', '1038微天下', '060000', '063000'), ('315', '4', '新财富时间', '153000', '160000'), ('317', '4', '生活好帮手', '140000', '143000'), ('318', '4', '健康广场05:00', '050000', '070000'), ('319', '4', '健康广场00:00', '000000', '043000'), ('32', '2', '有理走天下（下午版）', '140000', '150000'), ('321', '4', '健康广场08:30', '083000', '093000'), ('322', '4', '健康广场20:00', '200000', '210000'), ('323', '4', '健康广场19:00', '190000', '200000'), ('324', '4', '经广书场18:00', '180000', '190000'), ('325', '4', '健康广场16:00', '160000', '170000'), ('326', '4', '健康广场14:30', '143000', '153000'), ('327', '4', '健康广场13:00', '130000', '140000'), ('328', '4', '健康广场10:30', '103000', '113000'), ('329', '6', '文艺节目', '043000', '053000'), ('330', '6', '今晚超级秀', '210000', '220000'), ('331', '6', '我要健康', '140000', '150000'), ('332', '6', '晚上去哪儿', '150000', '160000'), ('338', '8', '养生时间', '000000', '043000'), ('34', '2', 'DANCE节奏', '150000', '160000'), ('340', '8', '智慧WiFi', '060000', '070000'), ('342', '8', '听游天下', '090000', '100000'), ('344', '8', '走南闯北爆笑茶馆', '170000', '180000'), ('345', '8', '美女护驾', '160000', '170000'), ('346', '8', '城市探路者', '120000', '130000'), ('347', '8', '坦率的罗盘', '150000', '160000'), ('349', '8', 'Fly In Music', '083000', '090000'), ('357', '6', '一童心理援助时间', '230000', '000000'), ('358', '8', '读史有学问', '053000', '060000'), ('367', '8', '小说连播[晚间版]', '220000', '000000'), ('369', '9', '谁能上头条', '180000', '190000'), ('37', '2', '畅行晚高峰', '170000', '180000'), ('370', '9', '一品江山', '070000', '080000'), ('382', '9', '雷鸣拍案经典书场', '203000', '213000'), ('383', '9', '旭东故事汇', '100000', '110000'), ('384', '9', '旭东故事汇重播', '013000', '040000'), ('39', '2', '娱乐道道道', '180000', '190000'), ('390', '4', '经广书场17:30', '173000', '190000'), ('395', '7', '回家吃饭', '180000', '182000'), ('396', '4', '子夜玫瑰', '230000', '000030'), ('397', '2', '慢慢慢生活', '230000', '000000'), ('398', '5', '“茜”女夜惊魂', '220000', '230000'), ('399', '5', '“清”晨起“莱”', '043000', '050000'), ('40', '2', '兄弟连', '200000', '220000'), ('401', '9', '晓欢说真的', '150000', '160000'), ('402', '9', '旭东故事汇（晚间版）', '193000', '203000'), ('403', '9', '转播《新闻联播》', '190000', '193000'), ('404', '9', '青雪故事', '233000', '013000'), ('405', '1', '738午夜书场', '233000', '050000'), ('406', '1', '吉林之声', '082000', '091000'), ('408', '1', '土豆也是菜', '220000', '223000'), ('409', '1', '咯嘎三人行', '171000', '180000'), ('41', '2', '佳娴的声音', '220000', '230000'), ('414', '9', '人人都爱80后', '213000', '233000'), ('415', '9', '雷鸣拍案经典书场（早间版）', '040000', '060000'), ('416', '9', '963群英会（重播）', '060000', '070000'), ('420', '9', '963历史书场', '130000', '150000'), ('421', '9', '963群英会', '160000', '170000'), ('44', '3', '音乐在路上', '073000', '090000'), ('45', '3', '音乐下一站', '090000', '103000'), ('46', '3', '一路山水一路歌', '103000', '120000'), ('47', '3', '音乐麦田', '120000', '140000'), ('48', '3', '电台情歌', '140000', '160000'), ('49', '3', '音乐大道东', '160000', '180000'), ('50', '3', '音乐地下铁', '180000', '193000'), ('51', '3', '歌行天下', '193000', '210000'), ('52', '3', '音乐27度', '210000', '223000'), ('53', '3', '音乐工场', '223000', '000000'), ('59', '4', '953新闻早报', '070000', '080000'), ('60', '4', '国平开讲', '080000', '083000'), ('61', '4', '非常时尚', '093000', '103000'), ('62', '4', '经广书场', '210000', '230000'), ('64', '4', '完全娱乐', '170000', '173000'), ('65', '4', '早安吉林', '043000', '050000'), ('66', '5', '12582移动信息村', '070000', '080000'), ('70', '5', '976城乡资讯联播', '113000', '120000'), ('71', '5', '12316新农村热线', '120000', '130000'), ('76', '5', '星星点灯', '230000', '000000'), ('78', '6', '雷鸣拍案', '060000', '070000'), ('79', '6', '直播都市', '070000', '080000'), ('80', '6', '轱辘轱辘转起来', '080000', '090000'), ('81', '6', '大可调解', '190000', '200000'), ('83', '6', '大回小回', '094000', '110000'), ('85', '6', '美食娱乐大赢家', '110000', '113000'), ('87', '6', '大可说了', '113000', '130000'), ('88', '6', '雷鸣拍案（午间版）', '130000', '140000'), ('92', '6', '美食娱乐大赢家（下午版）', '160000', '173000'), ('94', '6', '雷鸣有话说', '173000', '190000'), ('98', '6', '音乐晚点名', '220000', '230000');
COMMIT;

-- ----------------------------
--  Table structure for `gd_program_favorite`
-- ----------------------------
DROP TABLE IF EXISTS `gd_program_favorite`;
CREATE TABLE `gd_program_favorite` (
  `rid` int(11) NOT NULL DEFAULT '0',
  `pid` int(11) NOT NULL DEFAULT '0',
  `openid` varchar(255) NOT NULL DEFAULT '',
  `create_time` varchar(14) DEFAULT NULL,
  PRIMARY KEY (`rid`,`pid`,`openid`),
  KEY `gd_prgm_fav_idx1` (`openid`),
  KEY `gd_prgm_fav_idx2` (`rid`),
  KEY `gd_prgm_fav_idx3` (`pid`)
) ENGINE=MyISAM DEFAULT CHARSET=utf8;

-- ----------------------------
--  Records of `gd_program_favorite`
-- ----------------------------
BEGIN;
INSERT INTO `gd_program_favorite` VALUES ('5', '399', 'null', '20141024135256'), ('5', '66', 'null', '20141024135759'), ('7', '213', 'xxx', '20141024141618'), ('7', '171', 'xxx', '20141024141625'), ('7', '395', 'xxx', '20141024141656'), ('5', '0', 'null', '20141031154408'), ('6', '79', 'xxx', '20141027144906'), ('7', '0', 'xxx', '20141027155605'), ('6', '0', 'null', '20141031162102'), ('2', '262', 'null', '20141031185129'), ('1', '1', 'null', '20141103135426'), ('5', '399', 'o5iYiuOhinucskvPaR4cWXUgaecs', '20141031175636'), ('1', '1', 'o5iYiuJC7By4KdZ__jL00i5rb1SE', '20141202114449'), ('2', '19', 'null', '20141103142243'), ('2', '262', 'o5iYiuOhinucskvPaR4cWXUgaecs', '20141103145706'), ('1', '1', 'o5iYiuOhinucskvPaR4cWXUgaecs', '20141106104236'), ('2', '19', 'o5iYiuOhinucskvPaR4cWXUgaecs', '20141106110904'), ('2', '208', 'o5iYiuOhinucskvPaR4cWXUgaecs', '20141106113102'), ('1', '3', 'o5iYiuJC7By4KdZ__jL00i5rb1SE', '20141202114503'), ('1', '3', 'o5iYiuH7B_yekHBLtbZM-g6JD0kw', '20141128142532'), ('6', '78', 'o5iYiuG9y5gyA0QLPWyYv7uMSDjE', '20141129222209'), ('4', '65', 'o5iYiuG9y5gyA0QLPWyYv7uMSDjE', '20141129222457'), ('1', '268', 'o5iYiuLSRrsgOGWglSJMTNaUpFWg', '20141117153700'), ('1', '2', 'o5iYiuMPodG2zmaKVcNd0WgvUBPU', '20141118094147'), ('1', '2', 'o5iYiuJC7By4KdZ__jL00i5rb1SE', '20141202114457'), ('1', '409', 'o5iYiuJC7By4KdZ__jL00i5rb1SE', '20141202114508'), ('2', '262', 'o5iYiuJC7By4KdZ__jL00i5rb1SE', '20141202114539'), ('1', '3', 'oEVifjojkrPZ74ifTeabZBKO3UIw', '20141204155826'), ('1', '1', 'oEVifjnYlB1i-Y9INkdqCoTkjxP8', '20141210162945'), ('6', '83', 'oEVifjvo34Wrf0YrG3S2rfEoQgRU', '20141210164904'), ('1', '13', 'oEVifjvo34Wrf0YrG3S2rfEoQgRU', '20141210165003');
COMMIT;

-- ----------------------------
--  Table structure for `gd_publish`
-- ----------------------------
DROP TABLE IF EXISTS `gd_publish`;
CREATE TABLE `gd_publish` (
  `id` varchar(50) NOT NULL DEFAULT '',
  `title` varchar(50) DEFAULT NULL,
  `message` varchar(2000) DEFAULT NULL,
  `iscurrent` int(1) DEFAULT NULL,
  `createTime` varchar(20) DEFAULT NULL,
  `type` int(11) DEFAULT NULL,
  `orderIndex` int(11) DEFAULT NULL,
  PRIMARY KEY (`id`),
  KEY `idx_publish` (`iscurrent`)
) ENGINE=MyISAM DEFAULT CHARSET=utf8;

-- ----------------------------
--  Records of `gd_publish`
-- ----------------------------
BEGIN;
INSERT INTO `gd_publish` VALUES ('1', null, '公告', '0', '2013-04-24 17:20:02', '1', null), ('2', null, '公告2', '0', '2013-04-24 17:20:02', '1', null), ('36556022-f182-4cb6-bec3-3ad0143256b4', null, '测试22测试22测试22测试22测试22测试22测试22测试22测试22测试22测试22测试22测试22测试22测试22测试22测试22测试22测试22测试22测试22测试22测试22测试22测试22测试22', '0', '2013-04-24 17:20:02', '1', null), ('37df05ec-4d76-4789-a1ad-03208a07c936', null, '测试44测试44测试44测试44测试44测试44测试44测试44测试44测试44测试44测试44测试44测试44测试44测试44测试44', '0', '2013-04-24 17:20:02', '1', null), ('50ebe580-2962-4586-8fbf-105708553b87', null, '33333', '0', '2013-04-24 17:20:02', '1', null), ('a5274e60-d0a3-42da-bd08-23349d0c2c2e', null, 'wreererer', '0', '2013-04-24 17:20:02', '1', null), ('cae68de8-3698-4789-b0b5-6f4eaa9804c2', '充值特权', '充值特权#公告内容1#公告内容2', '0', '2013-08-29 11:24:29', '4', '4'), ('803eadda-10e4-4e57-86f6-d97660bb6ec2', '官方信息', '官方信息#公告内容1#公告内容2', '1', '2013-04-27 20:35:53', '3', '3'), ('6c1f1095-38b6-4c56-960d-2797a0b724c2', '系统公告', '系统公告测试#系统公告测试#系统公告测试#系统公告测试#系统公告测试#系统公告测试#系统公告测试#系统公告测试#系统公告测试#系统公告测试#系统公告测试#系统公告测试#系统公告测试#系统公告测试#系统公告测试#系统公告测试#系统公告测试#系统公告测试#', '0', '2013-04-28 17:39:11', '1', null), ('a22648e4-961c-4982-8ed5-7e584d492ecb', '最新活动', '最新活动#公告内容1#公告内容2#公告内容2#公告内容2#公告内容2#公告内容2#公告内容2#公告内容2#公告内容2#公告内容2#公告内容2#公告内容2#公告内容2#公告内容2#公告内容2#公告内容2#公告内容2#公告内容2#公告内容2#公告内容2#公告内容2#公告内容2#公告内容2#公告内容2#公告内容2', '0', '2013-07-12 10:17:41', '2', '1'), ('48865284-2ff7-45fa-ba49-fb28db204ddc', '系统公告', '公告内容#公告内容1#公告内容2', '0', '2013-04-27 19:30:22', '1', '2'), ('ffd8bf6a-c3a8-413a-a754-8b73b4aad4af', '4', '【活动】钱庄银两反馈活动##活动时间：2013年8月29日至2013年9月4日#充值时间：每天00:00至24:00#奖励发放时间：客服人员将在活动结束后次日发放。#活动内容：还在为每天钱庄的银两而尴尬吗，钱庄老板特别运来一大#批银两来回馈给玩家。钱庄老板将根据每天用户充值的情况来发放额外奖#励的银两。活动规则：玩家在活动时间内参与活动，每天充值达到100元即可获#得奖励银两的资格。充值的金额越高，则可以获得更高的银两奖励，每天#仅限领取一次奖励，不限定充值金额。##参与资格：#任意等级的玩家。##银两奖励：#充值满100元，额外奖励400万银两。#充值满200元，额外奖励600万银两。#充值满300元，额外奖励800万银两。#充值满400元，额外奖励1000万银两。#充值满500元，额外奖励1500万银两。#充值满600元，额外奖励2000万银两。#充值满700元，额外奖励2500万银两。#充值满800元，额外奖励3000万银两。#充值满900元，额外奖励3500万银两。#充值满1000元，额外奖励4000万银两。##本次活动的最终解释权归龙腾三国官方所有。\r\n\r\n\r\n', '0', '2013-08-29 11:28:30', '4', '4'), ('ce26a845-4913-4b8c-84bf-4a04bf816959', '系统公告', '系统公告测试', '0', '2013-06-04 18:31:11', '1', '1'), ('6a0685cd-a77d-41f6-af11-a9a66e949021', '系统公告', '6月5日停机维护公告#\r\n为进一步提高游戏品质，《龙腾三国》将于6月5日XX：00—XX：00#对全区进行停机维护，更新游戏版本，整个维护时间预计为6小时。#\r\n☆停机时间☆：#\r\n6月5日22：00-6月6日04：00#\r\n☆更新内容☆：#\r\n1.增加财付通手机直充功能#\r\n2.增加了城池修改个人签名功能#\r\n3.增加将领顿悟系统#\r\n4.特殊副本开启#\r\n5.优化服务器质量#\r\n☆停机补偿☆：#\r\n每位用户在此次维护后可获得50礼券#\r\n#\r\n如果在维护期间无法完成维护相关事宜，开机时间将继续顺延，为此#给您带来的不便，我们深表歉意。同时，也希望您能够理解与配合我#们的工作。在更新等待期间，欢迎您加入官方QQ群：184971389参与#讨论更新内容。#\r\n请大家相互转告，维护前提早下线以免造成不必要的损失，谢谢！', '0', '2013-06-04 18:42:41', '1', '1'), ('92d8eddb-97fb-4626-ab1b-2161cebb993c', '111', '111', '0', '2013-07-26 14:39:18', '1', '1'), ('3673a713-9fc5-4803-9479-3a8821c9d2ac', '最新活动', '【活动】三国阵营威望大赛##\r\n\r\n活动时间：2013年7月12日00:00至2013年7月31日21：00##\r\n\r\n活动内容：三国纷乱，为得天下征战纷纷，群雄并聚威望台开始了一#场血雨腥风的争夺大赛。#\r\n\r\n活动参与条件：#\r\n1.任意等级的玩家。##\r\n\r\n活动规则：活动期间内可以通过挑战别国玩家获得威望，活动结束时#将统计出威望前一百名的玩家。在威望前一百名的玩家中，吴，蜀#，魏三个国家阵营，哪一方在威望排行榜前一百名的玩家数量最多，#即为获胜国家，威望排行在前一百名的且为获胜国家成员的玩家即可#获得丰厚礼券奖励。奖励在活动结束之后，第二个工作天统一发放。#\r\n\r\n获胜阵营奖励：礼券500#', '0', '2013-07-12 10:22:31', '2', '2'), ('c739ff52-e9c2-4d2f-b11b-b90e78c9f55c', '最新活动', '【活动】三国阵营威望大赛##活动时间：2013年7月12日00:00至2013年7月31日21：00##活动内容：三国纷乱，为得天下征战纷纷，群雄并聚威望台开始了一#场血雨腥风的争夺大赛。##活动参与条件：#1.任意等级的玩家。##活动规则：活动期间内可以通过挑战别国玩家获得威望，活动结束时#将统计出威望前一百名的玩家。在威望前一百名的玩家中，吴，蜀#，魏三个国家阵营，哪一方在威望排行榜前一百名的玩家数量最多，#即为获胜国家，威望排行在前一百名的且为获胜国家成员的玩家即可#获得丰厚礼券奖励。奖励在活动结束之后，第二个工作天统一发放。#获胜阵营奖励：礼券500#\r\n', '0', '2013-07-12 10:26:03', '2', '2'), ('b065695f-ed0a-4663-b657-02c0d521f73e', '最新活动', '【活动】三国阵营威望大赛##活动时间：2013年7月12日00:00至2013年7月31日21：00##活动内容：三国纷乱，为得天下征战纷纷，群雄并聚威望台开始了一#场血雨腥风的争夺大赛。##活动参与条件：#1.任意等级的玩家。##活动规则：活动期间内可以通过挑战别国玩家获得威望，活动结束时#将统计出威望前一百名的玩家。在威望前一百名的玩家中，吴，蜀，#魏三个国家阵营，哪一方在威望排行榜前一百名的玩家数量最多，即#为获胜国家，威望排行在前一百名的且为获胜国家成员的玩家即可获#得丰厚礼券奖励。奖励在活动结束之后，第二个工作天统一发放。##获胜阵营奖励：礼券500#\r\n', '0', '2013-07-12 10:31:49', '2', '2'), ('c8e8c322-9721-4e8b-9f1e-a02f303895f1', '最新活动', '【活动】三国大乐透##活动内容：玩转三国大乐透“31选7”开始了，奖池里面累计着丰厚的#银两。想要在这个乱世中来一次华丽的逆转吗？赶紧来参加活动吧。##投注时间：每周一，周三，周五，周日00:00至20:00。#发放时间：开奖后次日10点发放奖励#活动时间：2013年7月11日—2013年7月31日#参与条件：#任意等级的玩家。#每投一注扣除玩家两百万银两（玩家身上银两不足时，不参与活动#）。#活动规则: 每周一，三，五，日，以体彩31选7开奖号码为中奖号码#（包含特别号码），投注时间内玩家在游戏中将以书信的形式发给#客服，投注的时间结束后进行统计，并扣除投注的银两。##特等奖：7个号码全部中。#一等奖：6个号码。#二等奖：5个号码。#三等奖：4个号码。##活动奖励：#特等奖：一亿银两+奖池银两（玩家投注金额）#一等奖：5000万银两#二等奖：2000万银两#三等奖：1000万银两##上一期奖池累计：0#上一期开奖号码：#\r\n【活动】三国阵营威望大赛##活动时间：2013年7月12日00:00至2013年7月31日21：00##活动内容：三国纷乱，为得天下征战纷纷，群雄并聚威望台开始了一#场血雨腥风的争夺大赛。##活动参与条件：#1.任意等级的玩家。##活动规则：活动期间内可以通过挑战别国玩家获得威望，活动结束时#将统计出威望前一百名的玩家。在威望前一百名的玩家中，吴，蜀，#魏三个国家阵营，哪一方在威望排行榜前一百名的玩家数量最多，即#为获胜国家，威望排行在前一百名的且为获胜国家成员的玩家即可获#得丰厚礼券奖励。奖励在活动结束之后，第二个工作天统一发放。##获胜阵营奖励：礼券500#\r\n', '0', '2013-07-12 10:33:36', '2', '2'), ('cade666a-01c7-4a63-803a-2c895b39248d', '最新活动', '【活动】三国大乐透##活动内容：玩转三国大乐透“31选7”开始了，奖池里面累计着丰厚的#银两。想要在这个乱世中来一次华丽的逆转吗？赶紧来参加活动吧。##投注时间：每周一，周三，周五，周日00:00至20:00。#发放时间：开奖后次日10点发放奖励#活动时间：2013年7月11日—2013年7月31日#参与条件：#任意等级的玩家。#每投一注扣除玩家两百万银两（玩家身上银两不足时，不参与活动#）。#活动规则: 每周一，三，五，日，以体彩31选7开奖号码为中奖号码#（包含特别号码），投注时间内玩家在游戏中将以书信的形式发给#客服，投注的时间结束后进行统计，并扣除投注的银两。##特等奖：7个号码全部中。#一等奖：6个号码。#二等奖：5个号码。#三等奖：4个号码。##活动奖励：#特等奖：一亿银两+奖池银两（玩家投注金额）#一等奖：5000万银两#二等奖：2000万银两#三等奖：1000万银两##上一期奖池累计：0#上一期开奖号码：##\r\n【活动】三国阵营威望大赛##活动时间：2013年7月12日00:00至2013年7月31日21：00##活动内容：三国纷乱，为得天下征战纷纷，群雄并聚威望台开始了一#场血雨腥风的争夺大赛。##活动参与条件：#1.任意等级的玩家。##活动规则：活动期间内可以通过挑战别国玩家获得威望，活动结束时#将统计出威望前一百名的玩家。在威望前一百名的玩家中，吴，蜀，#魏三个国家阵营，哪一方在威望排行榜前一百名的玩家数量最多，即#为获胜国家，威望排行在前一百名的且为获胜国家成员的玩家即可获#得丰厚礼券奖励。奖励在活动结束之后，第二个工作天统一发放。##获胜阵营奖励：礼券500#\r\n', '0', '2013-07-26 15:12:30', '2', '2'), ('f0efad2b-4186-4025-8790-c4eee043a845', '1', '【活动】暑期充值大礼包##\r\n\r\n活动时间：2013年7月24日00:00至2013年7月28日24：00##\r\n\r\n活动内容：炎炎暑假，龙腾三国的充值玩家在充值过程中，除了可以#领取VIP特权礼包，还可以获取到额外赠送的装备,还有可以免#费赠送金色武将。##\r\n\r\n活动规则：活动时间内累计充值满500元的用户，即可参与活动。充值#元宝越多的玩家更可以获得更高属性的装备和金色武将，活动#结束后的三个工作天发放奖励，有任何疑惑可以来咨询客服人员。##\r\n\r\n参与资格：##\r\n任意等级的玩家。##\r\n充值满500元。##\r\n\r\n奖励：#\r\n★500元礼包：#\r\n90级紫色装备（6件部位，不包括狮心符）：暴击80，反击，30，减伤10#\r\n金色武将：陈宫，华佗。（如果玩家有此武将，系统随机赠送金色武将）#\r\n银两：3000万#\r\n★1000元礼包：#\r\n90级紫色装备（6件部位，不包括狮心符）：暴击100，反击，40，减伤20#\r\n金色武将：华佗，陈宫，羊祜。（如果玩家有此武将，系统随机赠送金色武将）#\r\n银两：4000万#\r\n★1500元礼包：#\r\n90级紫色装备（6件部位，不包括狮心符）：暴击120，反击，50，减伤30#\r\n金色武将：华佗，陈宫，羊祜，张宝。（如果玩家有此武将，系统随机赠送金色武将）#\r\n银两：5000万#\r\n★2500元礼包：#\r\n90级紫色装备（6件部位，不包括狮心符）：暴击160，反击，30，减伤40#\r\n金色武将：华佗，陈宫，羊祜，貂蝉，张宝。（如果玩家有此武将，系统随机赠送金色武将）#\r\n银两：7000万#\r\n★5000元礼包：#\r\n90级紫色装备（7件部位）：暴击210，反击，60，减伤50#\r\n金色武将：华佗，陈宫，羊祜，貂蝉，吕布，张宝。（如果玩家有此武将，系统随机赠送金色武将）#\r\n银两：一亿#\r\n\r\n\r\n', '0', '2013-07-26 14:40:32', '1', '1'), ('13dea8c9-3a1c-40bf-8787-b5a282f13389', '1', '【活动】暑期充值大礼包##\r\n\r\n活动时间：2013年7月24日00:00至2013年7月28日24：00##\r\n\r\n活动内容：炎炎暑假，龙腾三国的充值玩家在充值过程中，除了可以#领取VIP特权礼包，还可以获取到额外赠送的装备,还有可以免#费赠送金色武将。##\r\n\r\n活动规则：活动时间内累计充值满500元的用户，即可参与活动。充值#元宝越多的玩家更可以获得更高属性的装备和金色武将，活动#结束后的三个工作天发放奖励，有任何疑惑可以来咨询客服人员。##\r\n\r\n参与资格：#\r\n任意等级的玩家。#\r\n充值满500元。#\r\n\r\n奖励：#\r\n★500元礼包：#\r\n90级紫色装备（6件部位，不包括狮心符）：暴击80，反击，30，减伤10#\r\n金色武将：陈宫，华佗。（如果玩家有此武将，系统随机赠送金色武将）#\r\n银两：3000万#\r\n★1000元礼包：#\r\n90级紫色装备（6件部位，不包括狮心符）：暴击100，反击，40，减伤20#\r\n金色武将：华佗，陈宫，羊祜。（如果玩家有此武将，系统随机赠送金色武将）#\r\n银两：4000万#\r\n★1500元礼包：#\r\n90级紫色装备（6件部位，不包括狮心符）：暴击120，反击，50，减伤30#\r\n金色武将：华佗，陈宫，羊祜，张宝。（如果玩家有此武将，系统随机赠送金色武将）#\r\n银两：5000万#\r\n★2500元礼包：#\r\n90级紫色装备（6件部位，不包括狮心符）：暴击160，反击，30，减伤40#\r\n金色武将：华佗，陈宫，羊祜，貂蝉，张宝。（如果玩家有此武将，系统随机赠送金色武将）#\r\n银两：7000万#\r\n★5000元礼包：#\r\n90级紫色装备（7件部位）：暴击210，反击，60，减伤50#\r\n金色武将：华佗，陈宫，羊祜，貂蝉，吕布，张宝。（如果玩家有此武将，系统随机赠送金色武将）#\r\n银两：一亿#\r\n\r\n\r\n', '0', '2013-07-26 14:45:21', '1', '1'), ('57af9e00-fdfd-4480-9f69-dec7b16f4d59', '1', '【活动】暑期充值大礼包##\r\n\r\n活动时间：2013年7月24日00:00至2013年7月28日24：00##\r\n\r\n活动内容：炎炎暑假，龙腾三国的充值玩家在充值过程中，除了可以#领取VIP特权礼包，还可以获取到额外赠送的装备和金色武将。##\r\n\r\n活动规则：活动时间内累计充值满500元的用户，即可参与活动。充#值元宝越多的玩家更可以获得更高属性的装备和金色武将，活动结束后的#三个工作天发放奖励，有任何疑惑可以来咨询客服人员。##\r\n参与资格：#\r\n任意等级的玩家。#\r\n充值满500元。#\r\n奖励：#\r\n★500元礼包：#\r\n90级紫装（6件部位不包括狮心符）：暴击80，反击，30，减伤10#\r\n金色武将：陈宫，华佗。（如果玩家有此武将，系统随机赠送#金色武将）#\r\n银两：3000万#\r\n★1000元礼包：#\r\n90级紫装（6件部位不包括狮心符）：暴击100，反击，40，减伤20#\r\n金色武将：华佗，陈宫，羊祜。（如果玩家有此武将，系统随#机赠送金色武将）#\r\n银两：4000万#\r\n★1500元礼包：#\r\n90级紫装（6件部位不包括狮心符）：暴击120，反击，50，减伤30#\r\n金色武将：华佗，陈宫，羊祜，张宝。（如果玩家有此武将，#系统随机赠送金色武将）#\r\n银两：5000万#\r\n★2500元礼包：#\r\n90级紫装（6件部位不包括狮心符）：暴击160，反击，30，减伤40#\r\n金色武将：华佗，陈宫，羊祜，貂蝉，张宝。（如果玩家有此#武将，系统随机赠送金色武将）#\r\n银两：7000万#\r\n★5000元礼包：#\r\n90级紫装（7件部位）：暴击210，反击，60，减伤50#\r\n金色武将：华佗，陈宫，羊祜，貂蝉，吕布，张宝。（如果玩#家有此武将，系统随机赠送金色武将）#\r\n银两：一亿#\r\n\r\n\r\n', '0', '2013-07-26 14:46:35', '1', '1'), ('7f3ba574-c531-44dd-b14a-d4896f54dce6', '1', '【活动】暑期充值大礼包##\r\n\r\n活动时间：2013年7月24日00:00至2013年7月28日24：00##\r\n\r\n活动内容：炎炎暑假，龙腾三国的充值玩家在充值过程中，除了可以#领取VIP特权礼包，还可以获取到额外赠送的装备和金色武将。##\r\n\r\n活动规则：活动时间内累计充值满500元的用户，即可参与活动。充#值元宝越多的玩家更可以获得更高属性的装备和金色武将，活动结束后的#三个工作天发放奖励，有任何疑惑可以来咨询客服人员。##\r\n参与资格：#\r\n任意等级的玩家。#\r\n充值满500元。##\r\n\r\n奖励：#\r\n★500元礼包：#\r\n90级紫装（6件部位不包括狮心符）：暴击80，反击，30，减伤10#\r\n金色武将：陈宫，华佗。（如果玩家有此武将，系统随机赠送#金色武将）#\r\n银两：3000万##\r\n★1000元礼包：#\r\n90级紫装（6件部位不包括狮心符）：暴击100，反击，40，减伤20#\r\n金色武将：华佗，陈宫，羊祜。（如果玩家有此武将，系统随#机赠送金色武将）#\r\n银两：4000万##\r\n★1500元礼包：#\r\n90级紫装（6件部位不包括狮心符）：暴击120，反击，50，减伤30#\r\n金色武将：华佗，陈宫，羊祜，张宝。（如果玩家有此武将，#系统随机赠送金色武将）#\r\n银两：5000万##\r\n★2500元礼包：#\r\n90级紫装（6件部位不包括狮心符）：暴击160，反击，30，减伤40#\r\n金色武将：华佗，陈宫，羊祜，貂蝉，张宝。（如果玩家有此#武将，系统随机赠送金色武将）#\r\n银两：7000万##\r\n★5000元礼包：#\r\n90级紫装（7件部位）：暴击210，反击，60，减伤50#\r\n金色武将：华佗，陈宫，羊祜，貂蝉，吕布，张宝。（如果玩#家有此武将，系统随机赠送金色武将）#\r\n银两：1亿#', '0', '2013-07-26 14:49:57', '1', '1'), ('31ca2b9b-af95-4f03-90f3-965e5c94fa20', '1', '【活动】暑期充值大礼包##\r\n活动时间：2013年7月24日00:00至2013年7月28日24：00##\r\n活动内容：炎炎暑假，龙腾三国的充值玩家在充值过程中，除了可以#领取VIP特权礼包，还可以获取到额外赠送的装备和金色武将。##\r\n活动规则：活动时间内累计充值满500元的用户，即可参与活动。充#值元宝越多的玩家更可以获得更高属性的装备和金色武将，活动结束后的#三个工作天发放奖励，有任何疑惑可以来咨询客服人员。##\r\n参与资格：#\r\n任意等级的玩家。#\r\n充值满500元。##\r\n奖励：#\r\n★500元礼包：#\r\n90级紫装（6件部位不包括狮心符）：暴击80，反击，30，减伤10#\r\n金色武将：陈宫，华佗。（如果玩家有此武将，系统随机赠送金色#武将）#\r\n银两：3000万##\r\n★1000元礼包：#\r\n90级紫装（6件部位不包括狮心符）：暴击100，反击，40，减伤20#\r\n金色武将：华佗，陈宫，羊祜。（如果玩家有此武将，系统随机赠送#金色武将）#\r\n银两：4000万##\r\n★1500元礼包：#\r\n90级紫装（6件部位不包括狮心符）：暴击120，反击，50，减伤30#\r\n金色武将：华佗，陈宫，羊祜，张宝。（如果玩家有此武将，系统随机#赠送金色武将）#\r\n银两：5000万##\r\n★2500元礼包：#\r\n90级紫装（6件部位不包括狮心符）：暴击160，反击，30，减伤40#\r\n金色武将：华佗，陈宫，羊祜，貂蝉，张宝。（如果玩家有此武将，#系统随机赠送金色武将）#\r\n银两：7000万##\r\n★5000元礼包：#\r\n90级紫装（7件部位）：暴击210，反击，60，减伤50#\r\n金色武将：华佗，陈宫，羊祜，貂蝉，吕布，张宝。（如果玩家有此#武将，系统随机赠送金色武将）#\r\n银两：1亿#', '0', '2013-07-26 14:51:31', '1', '1'), ('6df0df15-3076-467c-9c73-ef7fa0f0f0fa', '1', '【活动】暑期充值大礼包##\r\n活动时间：2013年7月24日00:00至2013年7月28日24：00##\r\n活动内容：炎炎暑假，龙腾三国的充值玩家在充值过程中，除了可以#领取VIP特权礼包，还可以获取到额外赠送的装备和金色武将。##\r\n活动规则：活动时间内累计充值满500元的用户，即可参与活动。充#值元宝越多的玩家更可以获得更高属性的装备和金色武将，活动结束#后的三个工作天发放奖励，有任何疑惑可以来咨询客服人员。##\r\n参与资格：#\r\n任意等级的玩家。#\r\n充值满500元。##\r\n充值可领取礼包奖励：##\r\n★500元礼包：#\r\n90级紫装（6件部位不包括狮心符）：暴击80，反击，30，减伤10#\r\n金色武将：陈宫，华佗。（如果玩家有此武将，系统随机赠送金色#武将）#\r\n银两：3000万##\r\n★1000元礼包：#\r\n90级紫装（6件部位不包括狮心符）：暴击100，反击，40，减伤20#\r\n金色武将：华佗，陈宫，羊祜。（如果玩家有此武将，系统随机赠送#金色武将）#\r\n银两：4000万##\r\n★1500元礼包：#\r\n90级紫装（6件部位不包括狮心符）：暴击120，反击，50，减伤30#\r\n金色武将：华佗，陈宫，羊祜，张宝。（如果玩家有此武将，系统随机#赠送金色武将）#\r\n银两：5000万##\r\n★2500元礼包：#\r\n90级紫装（6件部位不包括狮心符）：暴击160，反击，30，减伤40#\r\n金色武将：华佗，陈宫，羊祜，貂蝉，张宝。（如果玩家有此武将，#系统随机赠送金色武将）#\r\n银两：7000万##\r\n★5000元礼包：#\r\n90级紫装（7件部位）：暴击210，反击，60，减伤50#\r\n金色武将：华佗，陈宫，羊祜，貂蝉，吕布，张宝。（如果玩家有此#武将，系统随机赠送金色武将）#\r\n银两：1亿#\r\n\r\n\r\n', '0', '2013-07-26 15:11:30', '1', '1'), ('2e291816-ce6a-42b2-ad4b-67d36f3eefc1', '1', '【活动】暑期充值大礼包##\r\n活动时间：2013年7月24日00:00至2013年7月28日24：00##\r\n活动内容：炎炎暑假，龙腾三国的充值玩家在充值过程中，除了可以#领取VIP特权礼包，还可以获取到额外赠送的装备和金色武将。##\r\n活动规则：活动时间内累计充值满500元的用户，即可参与活动。充#值元宝越多的玩家更可以获得更高属性的装备和金色武将，活动结束#后的三个工作天发放奖励，有任何疑惑可以来咨询客服人员。##\r\n参与资格：#\r\n任意等级的玩家。#\r\n充值满500元。##\r\n充值可领取礼包奖励：##\r\n★500元礼包：#\r\n90级紫装（6件部位不包括狮心符）：暴击80，反击，30，减伤10#\r\n金色武将：陈宫，华佗。（如果玩家有此武将，系统随机赠送金色#武将）#\r\n银两：3000万##\r\n★1000元礼包：#\r\n90级紫装（6件部位不包括狮心符）：暴击100，反击，40，减伤20#\r\n金色武将：华佗，陈宫，羊祜。（如果玩家有此武将，系统随机赠送#金色武将）#\r\n银两：4000万##\r\n★1500元礼包：#\r\n90级紫装（6件部位不包括狮心符）：暴击120，反击，50，减伤30#\r\n金色武将：华佗，陈宫，羊祜，张宝。（如果玩家有此武将，系统随#机赠送金色武将）#\r\n银两：5000万##\r\n★2500元礼包：#\r\n90级紫装（6件部位不包括狮心符）：暴击160，反击，30，减伤40#\r\n金色武将：华佗，陈宫，羊祜，貂蝉，张宝。（如果玩家有此武将，系统随#机赠送金色武将）#\r\n银两：7000万##\r\n★5000元礼包：#\r\n90级紫装（7件部位）：暴击210，反击，60，减伤50#\r\n金色武将：华佗，陈宫，羊祜，貂蝉，吕布，张宝。（如果玩家有此#武将，系统随机赠送金色武将）#\r\n银两：1亿#\r\n', '0', '2013-08-14 15:54:05', '1', '1'), ('41b18c8c-ba50-4c86-96ef-d583dfeedb63', '2', '【活动】暑期充值大礼包##\r\n活动时间：2013年7月24日00:00至2013年7月28日24：00##\r\n活动内容：炎炎暑假，龙腾三国的充值玩家在充值过程中，除了可以#领取VIP特权礼包，还可以获取到额外赠送的装备和金色武将。##\r\n活动规则：活动时间内累计充值满500元的用户，即可参与活动。充#值元宝越多的玩家更可以获得更高属性的装备和金色武将，活动结束#后的三个工作天发放奖励，有任何疑惑可以来咨询客服人员。##\r\n参与资格：#\r\n任意等级的玩家。#\r\n充值满500元。##\r\n充值可领取礼包奖励：##\r\n★500元礼包：#\r\n90级紫装（6件部位不包括狮心符）：暴击80，反击，30，减伤10#\r\n金色武将：陈宫，华佗。（如果玩家有此武将，系统随机赠送金色#武将）#\r\n银两：3000万##\r\n★1000元礼包：#\r\n90级紫装（6件部位不包括狮心符）：暴击100，反击，40，减伤20#\r\n金色武将：华佗，陈宫，羊祜。（如果玩家有此武将，系统随机赠送#金色武将）#\r\n银两：4000万##\r\n★1500元礼包：#\r\n90级紫装（6件部位不包括狮心符）：暴击120，反击，50，减伤30#\r\n金色武将：华佗，陈宫，羊祜，张宝。（如果玩家有此武将，系统随#机赠送金色武将）#\r\n银两：5000万##\r\n★2500元礼包：#\r\n90级紫装（6件部位不包括狮心符）：暴击160，反击，30，减伤40#\r\n金色武将：华佗，陈宫，羊祜，貂蝉，张宝。（如果玩家有此武将，系统#随机赠送金色武将）#\r\n银两：7000万##\r\n★5000元礼包：#\r\n90级紫装（7件部位）：暴击210，反击，60，减伤50#\r\n金色武将：华佗，陈宫，羊祜，貂蝉，吕布，张宝。（如果玩家有此#武将，系统随机赠送金色武将）#\r\n银两：1亿#', '0', '2013-07-26 15:13:30', '2', '2'), ('03dbc1a4-02c0-45d8-9ffd-bf1442fbe517', '2', '【活动】暑期充值大礼包##\r\n活动时间：2013年7月24日00:00至2013年7月28日24：00##\r\n活动内容：炎炎暑假，龙腾三国的充值玩家在充值过程中，除了可以#领取VIP特权礼包，还可以获取到额外赠送的装备和金色武将。##\r\n活动规则：活动时间内累计充值满500元的用户，即可参与活动。充#值元宝越多的玩家更可以获得更高属性的装备和金色武将，活动结束#后的三个工作天发放奖励，有任何疑惑可以来咨询客服人员。##\r\n参与资格：#\r\n任意等级的玩家。#\r\n充值满500元。##\r\n充值可领取礼包奖励：##\r\n★500元礼包：#\r\n90级紫装（6件部位不包括狮心符）：暴击80，反击，30，减伤10#\r\n金色武将：陈宫，华佗。（如果玩家有此武将，系统随机赠送金色#武将）#\r\n银两：3000万##\r\n★1000元礼包：#\r\n90级紫装（6件部位不包括狮心符）：暴击100，反击，40，减伤20#\r\n金色武将：华佗，陈宫，羊祜。（如果玩家有此武将，系统随机赠送#金色武将）#\r\n银两：4000万##\r\n★1500元礼包：#\r\n90级紫装（6件部位不包括狮心符）：暴击120，反击，50，减伤30#\r\n金色武将：华佗，陈宫，羊祜，张宝。（如果玩家有此武将，系统随#机赠送金色武将）#\r\n银两：5000万##\r\n★2500元礼包：#\r\n90级紫装（6件部位不包括狮心符）：暴击160，反击，30，减伤40#\r\n金色武将：华佗，陈宫，羊祜，貂蝉，张宝。（如果玩家有此武将，#系统随机赠送金色武将）#\r\n银两：7000万##\r\n★5000元礼包：#\r\n90级紫装（7件部位）：暴击210，反击，60，减伤50#\r\n金色武将：华佗，陈宫，羊祜，貂蝉，吕布，张宝。（如果玩家有此#武将，系统随机赠送金色武将）#\r\n银两：1亿#\r\n', '0', '2013-08-14 16:08:01', '2', '2'), ('9c5c9f3f-036c-4c68-b041-e8516aab1e8b', '1', '【活动】铁匠铺银两竞拍神兵##活动时间：2013年8月15日至2013年8月22日#竞拍时间：每天00:00至22:00#装备发放时间：客服人员将在竞拍结束后次日发放装备。##活动内容：龙腾三国铁匠铺老板最近打造了一批神兵，每个服务器每天仅限拍卖3把80级紫色装备半月枪，3把90级紫色装备方天画戟，每一件装备属性都各不相同##活动规则：#1、活动时间内，竞拍时间内玩家在游戏中以书信的形式发给客服，系统将扣除银两300万作为参与资格，重复发送同样邮件的玩家将取消参与资格。#2、竞拍的时间结束后系统进行统计，玩家身上银两不足时，系统视为该玩家弃权。竞拍价格最高的3位玩家扣除竞拍的银两赢得拍卖。#3、玩家可以在次日领取到竞拍的装备，并查看竞拍成功的玩家名单。（书信范例：90级紫色装备方天画戟1件，竞拍价格2001万）。##参与资格：#任意等级的玩家。##竞拍武器：#第一名：80级装备半月枪属性：暴击90，反击70，减伤10 （底价：银两2000万）#第二名：80级装备半月枪属性：暴击70，反击60，减伤10 （底价：银两2000万）#第三名：80级装备半月枪属性：暴击60，反击50，减伤10 （底价：银两2000万）##第一名：90级装备方天画戟属性：暴击90，反击70，减伤10（底价：银两3000万）#第二名：90级装备方天画戟属性：暴击80，反击60，减伤10（底价：银两3000万）#第三名：90级装备方天画戟属性：暴击70，反击50，减伤10（底价：银两3000万）##上一场竞拍成功玩家名单：\r\n', '0', '2013-08-14 15:54:49', '1', '1'), ('3e6f4085-d441-4e40-97e4-070eec796986', '1', '【活动】铁匠铺银两竞拍神兵##活动时间：2013年8月15日至2013年8月22日#竞拍时间：每天00:00至22:00#装备发放时间：客服人员将在竞拍结束后次日发放装备。##活动内容：龙腾三国铁匠铺老板最近打造了一批神兵，每个服务器每天仅限拍卖3把80级紫色装备半月枪，3把90级紫色装备方天画戟，每一件装备属性都各不相同##活动规则：#1、活动时间内，竞拍时间内玩家在游戏中以书信的形式发给客服，系统将扣除银两300万作为参与资格，重复发送同样邮件的玩家将取消参与资格。#2、竞拍的时间结束后系统进行统计，玩家身上银两不足时，系统视为该玩家弃权。竞拍价格最高的3位玩家扣除竞拍的银两赢得拍卖。#3、玩家可以在次日领取到竞拍的装备，并查看竞拍成功的玩家名单。（书信范例：90级紫色装备方天画戟1件，竞拍价格2001万）。##参与资格：#任意等级的玩家。##竞拍武器：#第一名：80级装备半月枪属性：暴击90，反击70，减伤10 （底价：银两2000万）#第二名：80级装备半月枪属性：暴击70，反击60，减伤10 （底价：银两2000万）#第三名：80级装备半月枪属性：暴击60，反击50，减伤10 （底价：银两2000万）##第一名：90级装备方天画戟属性：暴击90，反击70，减伤10（底价：银两3000万）#第二名：90级装备方天画戟属性：暴击80，反击60，减伤10（底价：银两3000万）#第三名：90级装备方天画戟属性：暴击70，反击50，减伤10（底价：银两3000万）##上一场竞拍成功玩家名单：\r\n', '0', '2013-08-14 15:59:06', '1', '1'), ('5f711396-705d-4d86-a422-d77a7af1de77', '1', '【活动】铁匠铺银两竞拍神兵##活动时间：2013年8月15日至2013年8月22日#竞拍时间：每天00:00至22:00#装备发放时间：客服人员将在竞拍结束后次日发放装备。##活动内容：龙腾三国铁匠铺老板最近打造了一批神兵，每个服务器每#天仅限拍卖3把80级紫色装备半月枪，3把90级紫色装备方天画戟，每一件装备属性都各不相同##活动规则：#1、活动时间内，竞拍时间内玩家在游戏中以书信的形式发给客服，系#统将扣除银两300万作为参与资格，重复发送同样邮件的玩家将取消参与资格。#2、竞拍的时间结束后系统进行统计，玩家身上银两不足时，系统视为#该玩家弃权。竞拍价格最高的3位玩家扣除竞拍的银两赢得拍卖。#3、玩家可以在次日领取到竞拍的装备，并查看竞拍成功的玩家名单。#（书信范例：90级紫色装备方天画戟1件，竞拍价格2001万）。##参与资格：#任意等级的玩家。##竞拍武器：#第一名：80级装备半月枪属性：暴击90，反击70，减伤10 （底价：银两2000万）#第二名：80级装备半月枪属性：暴击70，反击60，减伤10 （底价：银两2000万）#第三名：80级装备半月枪属性：暴击60，反击50，减伤10 （底价：银两2000万）##第一名：90级装备方天画戟属性：暴击90，反击70，减伤10（底价：银两3000万）#第二名：90级装备方天画戟属性：暴击80，反击60，减伤10（底价：银两3000万）#第三名：90级装备方天画戟属性：暴击70，反击50，减伤10（底价：银两3000万）##上一场竞拍成功玩家名单：\r\n', '0', '2013-08-14 16:03:42', '1', '1'), ('a2c05b53-d46b-4155-8ed5-5759b57c197e', '1', '【活动】铁匠铺银两竞拍神兵##活动时间：2013年8月15日至2013年8月22日#竞拍时间：每天00:00至22:00#装备发放时间：客服人员将在竞拍结束后次日发放装备。##活动内容：龙腾三国铁匠铺老板最近打造了一批神兵，每个服务器每#天仅限拍卖3把80级紫色装备半月枪，3把90级紫色装备方天画戟，每#一件装备属性都各不相同##活动规则：#1、活动时间内，竞拍时间内玩家在游戏中以书信的形式发给客服，系#统将扣除银两300万作为参与资格，重复发送同样邮件的玩家将取消参#与资格。#2、竞拍的时间结束后系统进行统计，玩家身上银两不足时，系统视为#该玩家弃权。竞拍价格最高的3位玩家扣除竞拍的银两赢得拍卖。#3、玩家可以在次日领取到竞拍的装备，并查看竞拍成功的玩家名单。#（书信范例：90级紫色装备方天画戟1件，竞拍价格2001万）。##参与资格：#任意等级的玩家。##竞拍武器：#第一名：80级装备半月枪属性：暴击90，反击70，减伤10 （底价：银#两2000万）#第二名：80级装备半月枪属性：暴击70，反击60，减伤10 （底价：银#两2000万）#第三名：80级装备半月枪属性：暴击60，反击50，减伤10 （底价：银#两2000万）##第一名：90级装备方天画戟属性：暴击90，反击70，减伤10（底价：#银两3000万）#第二名：90级装备方天画戟属性：暴击80，反击60，减伤10（底价：#银两3000万）#第三名：90级装备方天画戟属性：暴击70，反击50，减伤10（底价：#银两3000万）##上一场竞拍成功玩家名单：\r\n', '0', '2013-09-05 10:06:33', '1', '1'), ('544f54d8-e572-43e8-8c3a-69409a63f59e', '2', '【活动】VIP特价礼包##\r\n\r\n活动时间：2013年8月14日00:00至2013年8月21日24：00\r\n#活动奖励：银两由客服人员在次日发放，装备在活动结束后统一发放。\r\n\r\n##活动内容：在这个乱世三国中，拥有超强的战斗时是必不可少的，而你还在对装备和银两一筹莫展吗，赶紧来参加活动吧。\r\n\r\n##活动规则：活动时间充值的用户，每天充值满100元即可获得银两奖励，奖励在充值后次日发放。在活动结束后，VIP5以上充值满15000元宝的玩家再奖励一套90级的高属性装备和金色武将。\r\n\r\n##参与条件：\r\n#任意等级的玩家\r\n#充值满100元用户\r\n \r\n##每天充值银两奖励：\r\n    #奖励银两=VIP等级×2000000\r\n\r\n##活动结束后装备奖励：\r\n#VIP10：3次顿武将吕布，任意90级紫色装备1套7件，暴击300，反击，200，减伤50。\r\n#VIP9： 1次顿武将华佗，任意90级紫色装备1套7件，暴击160，反击，100，减伤40。\r\n#VIP8：任意金色武将4名，任意90级紫色装备一套7件，暴击120，反击，80，减伤30。\r\n#VIP7：任意金色武将3名，任意90级紫色装备一套7件，暴击100，反击，60，减伤20。\r\n#VIP6：任意金色武将2名，任意90级紫色装备一套7件，暴击80，反击，50，减伤10。\r\n#VIP5：任意金色武将1名，任意90级紫色装备一套7件，暴击60，反击，50，减伤10。\r\n', '0', '2013-08-14 16:11:18', '2', '2'), ('9456d2c9-f003-4123-91d5-6ebe866c9673', '2', '【活动】VIP特价礼包##活动时间：2013年8月14日00:00至2013年8月21日24：00\r\n#活动奖励：银两由客服人员在次日发放，装备在活动结束后统一发放。\r\n\r\n##活动内容：在这个乱世三国中，拥有超强的战斗时是必不可少的，而#你还在对装备和银两一筹莫展吗，赶紧来参加活动吧。\r\n\r\n##活动规则：活动时间充值的用户，每天充值满100元即可获得银两奖励#，奖励在充值后次日发放。在活动结束后，VIP5以上充值满15000元宝的玩家再奖励一套90级的高属性装备和金色武将。\r\n\r\n##参与条件：\r\n#任意等级的玩家\r\n#充值满100元用户\r\n \r\n##每天充值银两奖励：\r\n    #奖励银两=VIP等级×2000000\r\n\r\n##活动结束后装备奖励：\r\n#VIP10：3次顿武将吕布，任意90级紫色装备1套7件，暴击300，反击#，200，减伤50。\r\n#VIP9： 1次顿武将华佗，任意90级紫色装备1套7件，暴击160，反击#，100，减伤40。\r\n#VIP8：任意金色武将4名，任意90级紫色装备一套7件，暴击120，反击#，80，减伤30。\r\n#VIP7：任意金色武将3名，任意90级紫色装备一套7件，暴击100，反击#，60，减伤20。\r\n#VIP6：任意金色武将2名，任意90级紫色装备一套7件，暴击80，反击#，50，减伤10。\r\n#VIP5：任意金色武将1名，任意90级紫色装备一套7件，暴击60，反击#，50，减伤10。\r\n', '0', '2013-08-14 16:12:48', '2', '2'), ('ebf581fa-7085-4b7b-88b3-01fc6d4f61cb', '2', '【活动】VIP特价礼包##活动时间：2013年8月14日00:00至2013年8月21日24：00\r\n##活动奖励：银两由客服人员在次日发放，装备在活动结束后统一发放。\r\n\r\n##活动内容：在这个乱世三国中，拥有超强的战斗时是必不可少的，而#你还在对装备和银两一筹莫展吗，赶紧来参加活动吧。\r\n\r\n##活动规则：活动时间充值的用户，每天充值满100元即可获得银两奖励#，奖励在充值后次日发放。在活动结束后，VIP5以上充值满15000元#宝的玩家再奖励一套90级的高属性装备和金色武将。\r\n\r\n##参与条件：\r\n#任意等级的玩家\r\n#充值满100元用户\r\n \r\n##每天充值银两奖励：\r\n    #奖励银两=VIP等级×2000000\r\n\r\n##活动结束后装备奖励：\r\n#VIP10：3次顿武将吕布，任意90级紫色装备1套7件，暴击300，反击#，200，减伤50。\r\n#VIP9： 1次顿武将华佗，任意90级紫色装备1套7件，暴击160，反击#，100，减伤40。\r\n#VIP8：任意金色武将4名，任意90级紫色装备一套7件，暴击120，反#击，80，减伤30。\r\n#VIP7：任意金色武将3名，任意90级紫色装备一套7件，暴击100，反#击，60，减伤20。\r\n#VIP6：任意金色武将2名，任意90级紫色装备一套7件，暴击80，反击#，50，减伤10。\r\n#VIP5：任意金色武将1名，任意90级紫色装备一套7件，暴击60，反击#，50，减伤10。\r\n', '0', '2013-08-20 16:08:49', '2', '2'), ('25ac00ba-dea4-45d4-934e-652dc7a888a7', '2', '2', '0', '2013-08-29 11:04:38', '2', '2'), ('7deae2ed-30dc-49a5-998c-5dc5df67f38a', '2', '【活动】90级紫色装备-乌骓马##活动时间：2013年8月29日至2013年9月2日#竞拍时间：每天00:00至22:00#装备发放时间：客服人员将在竞拍结束后次日发放装备。#活动内容：龙腾三国神秘商人最近打从西域带来一批战马，每个服#务器每天仅限拍卖3只紫色的高属性战马，价高者得哟，赶快来参与吧。#活动规则：##1、活动时间内，竞拍时间内玩家在游戏中以书信的形式发给#客服，系统将扣除银两300万作为参与资格，重复发送同样邮件的玩家将#取消参与资格。#2、竞拍的时间结束后系统进行统计，玩家身上银两不足时，#系统视为该玩家弃权，并扣除参与银两。竞拍价格最高的3位玩家扣除竞#拍的银两赢得拍卖。#3、玩家可以在次日领取到竞拍的装备，并查看竞拍成功的玩#家名单。（书信范例：90级紫色乌骓马1件，竞拍价格2001万）。#参与资格：#任意等级的玩家。#竞拍武器：# 第一名：90级装备乌骓马属性：暴击120，反击100，减伤20（底#价：银两3000万）#第二名：90级装备乌骓马属性：暴击100，反击80，减伤15（底#价：银两3000万）#第三名：90级装备乌骓马属性：暴击70，反击60，减伤10（底#价：银两3000万）#上一场竞拍成功玩家名单：##【活动】三国群雄智力赛##活动时间：2013年8月29日至2013年9月2日#参与时间: 活动期间内每日晚20:30-20:45#活动内容：三国争霸,风起云涌,谁能技高一筹，用智慧获得海量银两。#活动规则：活动时间内,客服系统将随机提出游戏趣味问题，玩家在游#戏中将正确的答案以书信的形式发给客服，次日系统将给予回答正#确的玩家发放奖励。##活动奖励：#奖励银两=答对的题目×50万银两。##本次活动的最终解释权归龙腾三国官方所有。#', '0', '2013-08-29 11:18:28', '2', '2'), ('29850a5b-1935-4529-836e-b9fe685a44ad', '2', '【活动】90级紫色装备-乌骓马##活动时间：2013年8月29日至2013年9月2日#竞拍时间：每天00:00至22:00#装备发放时间：客服人员将在竞拍结束后次日发放装备。#活动内容：龙腾三国神秘商人最近打从西域带来一批战马，每个服务#器每天仅限拍卖3只紫色的高属性战马，价高者得哟，赶快来参与吧。##活动规则：#1、活动时间内，竞拍时间内玩家在游戏中以书信的形式发给客服，系#统将扣除银两300万作为参与资格，重复发送同样邮件的玩家将取消参#与资格。#2、竞拍的时间结束后系统进行统计，玩家身上银两不足时，系统视为#该玩家弃权，并扣除参与银两。竞拍价格最高的3位玩家扣除竞拍的银两#赢得拍卖。#3、玩家可以在次日领取到竞拍的装备，并查看竞拍成功的玩家名单。#（书信范例：90级紫色乌骓马1件，竞拍价格2001万）。#参与资格：#任意等级的玩家。#竞拍装备：# 第一名：90级装备乌骓马属性：暴击120，反击100，减伤20（底#价：银两3000万）#第二名：90级装备乌骓马属性：暴击100，反击80，减伤15（底#价：银两3000万）#第三名：90级装备乌骓马属性：暴击70，反击60，减伤10（底#价：银两3000万）#上一场竞拍成功玩家名单：##【活动】三国群雄智力赛##活动时间：2013年8月29日至2013年9月2日#参与时间: 活动期间内每日晚20:30-20:45##活动内容：三国争霸,风起云涌,谁能技高一筹，用智慧获得海量银两。#活动规则：活动时间内,客服系统将随机提出游戏趣味问题，玩家在游#戏中将正确的答案以书信的形式发给客服，次日系统将给予回答正确#的玩家发放奖励。##活动奖励：#奖励银两=答对的题目×50万银两。##本次活动的最终解释权归龙腾三国官方所有。#', '0', '2013-09-10 14:07:25', '2', '2'), ('2af3bc83-d649-4b32-96bb-a54fc75c0a40', '4', '【活动】钱庄银两反馈活动##活动时间：2013年8月29日至2013年9月4日##充值时间：每天00:00至24:00##奖励发放时间：客服人员将在活动结束后次日发放。#活动内容：还在为每天钱庄的银两而尴尬吗，钱庄老板特别运来一大#批银两来回馈给玩家。钱庄老板将根据每天用户充值的情况来发放额#外奖励的银两。##活动规则：玩家在活动时间内参与活动，每天充值达到100元即可获#得奖励银两的资格。充值的金额越高，则可以获得更高的银两奖励，每天#仅限领取一次奖励，不限定充值金额。##参与资格：#任意等级的玩家。##银两奖励：#充值满100元，额外奖励400万银两。#充值满200元，额外奖励600万银两。#充值满300元，额外奖励800万银两。#充值满400元，额外奖励1000万银两。#充值满500元，额外奖励1500万银两。#充值满600元，额外奖励2000万银两。#充值满700元，额外奖励2500万银两。#充值满800元，额外奖励3000万银两。#充值满900元，额外奖励3500万银两。#充值满1000元，额外奖励4000万银两。##本次活动的最终解释权归龙腾三国官方所有。\r\n\r\n\r\n', '0', '2013-08-29 11:38:24', '4', '4'), ('fc84b621-e0ee-4385-97d5-f2734c2ffb40', '4', '【活动】钱庄银两反馈活动##活动时间：2013年8月29日至2013年9月4日##充值时间：每天00:00至24:00##奖励发放时间：客服人员将在活动结束后次日发放。##活动内容：还在为每天钱庄的银两而尴尬吗，钱庄老板特别运来一大#批银两来回馈给玩家。钱庄老板将根据每天用户充值的情况来发放额#外奖励的银两。##活动规则：玩家在活动时间内参与活动，每天充值达到100元即可获#得奖励银两的资格。充值的金额越高，则可以获得更高的银两奖励，每#天仅限领取一次奖励，不限定充值金额。##参与资格：#任意等级的玩家。##银两奖励：#充值满100元，额外奖励400万银两。#充值满200元，额外奖励600万银两。#充值满300元，额外奖励800万银两。#充值满400元，额外奖励1000万银两。#充值满500元，额外奖励1500万银两。#充值满600元，额外奖励2000万银两。#充值满700元，额外奖励2500万银两。#充值满800元，额外奖励3000万银两。#充值满900元，额外奖励3500万银两。#充值满1000元，额外奖励4000万银两。##本次活动的最终解释权归龙腾三国官方所有。\r\n\r\n\r\n', '0', '2013-08-29 11:39:43', '4', '4'), ('8e5bad8a-4fa1-4bd0-83fe-e1e80d83e36d', '4', '【活动】钱庄银两反馈活动##活动时间：2013年8月29日至2013年9月4日##充值时间：每天00:00至24:00##奖励发放时间：客服人员将在活动结束后次日发放。##活动内容：还在为每天钱庄的银两而尴尬吗，钱庄老板特别运来一大#批银两来回馈给玩家。钱庄老板将根据每天用户充值的情况来发放额#外奖励的银两。##活动规则：玩家在活动时间内参与活动，每天充值达到100元即可获#得奖励银两的资格。充值的金额越高，则可以获得更高的银两奖励，没每天仅限领取一次奖励，不限定充值金额。##参与资格：#任意等级的玩家。##银两奖励：#充值满100元，额外奖励400万银两。#充值满200元，额外奖励600万银两。#充值满300元，额外奖励800万银两。#充值满400元，额外奖励1000万银两。#充值满500元，额外奖励1500万银两。#充值满600元，额外奖励2000万银两。#充值满700元，额外奖励2500万银两。#充值满800元，额外奖励3000万银两。#充值满900元，额外奖励3500万银两。#充值满1000元，额外奖励4000万银两。##本次活动的最终解释权归龙腾三国官方所有。\r\n\r\n\r\n', '0', '2013-08-29 11:42:41', '4', '4'), ('be850837-557b-492f-bc4a-902d87f643d4', '4', '【活动】钱庄银两反馈活动##活动时间：2013年8月29日至2013年9月4日##充值时间：每天00:00至24:00##奖励发放时间：客服人员将在活动结束后次日发放。##活动内容：还在为每天钱庄的银两而尴尬吗，钱庄老板特别运来一大#批银两来回馈给玩家。钱庄老板将根据每天用户充值的情况来发放额#外奖励的银两。##活动规则：玩家在活动时间内参与活动，每天充值达到100元即可获#得奖励银两的资格。充值的金额越高，则可以获得更高的银两奖励，#没每天仅限领取一次奖励，不限定充值金额。##参与资格：#任意等级的玩家。##银两奖励：#充值满100元，额外奖励400万银两。#充值满200元，额外奖励600万银两。#充值满300元，额外奖励800万银两。#充值满400元，额外奖励1000万银两。#充值满500元，额外奖励1500万银两。#充值满600元，额外奖励2000万银两。#充值满700元，额外奖励2500万银两。#充值满800元，额外奖励3000万银两。#充值满900元，额外奖励3500万银两。#充值满1000元，额外奖励4000万银两。##本次活动的最终解释权归龙腾三国官方所有。\r\n', '0', '2013-08-29 11:43:48', '4', '4'), ('43ec702e-645d-47fd-9cf9-9d98f6734831', '4', '【活动】钱庄银两反馈活动##活动时间：2013年8月29日至2013年9月4日##充值时间：每天00:00至24:00##奖励发放时间：客服人员将在活动结束后次日发放。##活动内容：还在为每天钱庄的银两而尴尬吗，钱庄老板特别运来一大#批银两来回馈给玩家。钱庄老板将根据每天用户充值的情况来发放额#外奖励的银两。##活动规则：玩家在活动时间内参与活动，每天充值达到100元即可获#得奖励银两的资格。充值的金额越高，则可以获得更高的银两奖励，#没每天仅限领取一次奖励，不限定充值金额。##参与资格：#任意等级的玩家。##银两奖励：#充值满100元，额外奖励400万银两。#充值满200元，额外奖励600万银两。#充值满300元，额外奖励800万银两。#充值满400元，额外奖励1000万银两。#充值满500元，额外奖励1500万银两。#充值满600元，额外奖励2000万银两。#充值满700元，额外奖励2500万银两。#充值满800元，额外奖励3000万银两。#充值满900元，额外奖励3500万银两。#充值满1000元，额外奖励4000万银两。##本次活动的最终解释权归龙腾三国官方所有。\r\n\r\n\r\n', '0', '2013-08-29 11:45:46', '4', '4'), ('f65f871e-8190-4232-86e0-a933d00838df', '4', '【活动】钱庄银两反馈活动##活动时间：2013年8月29日至2013年9月4日##充值时间：每天00:00至24:00##奖励发放时间：客服人员将在活动结束后次日发放。##活动内容：还在为每天钱庄的银两而尴尬吗，钱庄老板特别运来一大#批银两来回馈给玩家。钱庄老板将根据每天用户充值的情况来发放额#外奖励的银两。##活动规则：玩家在活动时间内参与活动，每天充值达到100元即可获#得奖励银两的资格。充值的金额越高，则可以获得更高的银两奖励，#每天仅限领取一次奖励，不限定充值金额。##参与资格：#任意等级的玩家。##银两奖励：#充值满100元，额外奖励400万银两。#充值满200元，额外奖励600万银两。#充值满300元，额外奖励800万银两。#充值满400元，额外奖励1000万银两。#充值满500元，额外奖励1500万银两。#充值满600元，额外奖励2000万银两。#充值满700元，额外奖励2500万银两。#充值满800元，额外奖励3000万银两。#充值满900元，额外奖励3500万银两。#充值满1000元，额外奖励4000万银两。##本次活动的最终解释权归龙腾三国官方所有。\r\n\r\n\r\n', '0', '2013-09-11 11:25:50', '4', '4'), ('81a007a2-de5a-41d2-9494-bef223fda195', '系统公告', '【系统公告】##\r\n各位玩家，于2013年9月5日下午2点整龙腾三国将进行第一期的版本更新，#届时请在线的玩家下线暂等5分钟。##\r\n更新内容如下：\r\n1、增加游戏地带和手机桌面添加快捷登陆，领取礼券奖励。##\r\n\r\n2、解决游戏玩家粮仓爆满的问题，修改士兵和粮草的兑换比例为3:1。##\r\n\r\n3、更新简洁的显示画面,银两，粮食，士兵数量超过万时精确到万#，没有超过万则精确到具体数量。##\r\n\r\n4、调整了战役和公告的位置放置右上角。##\r\n\r\n5、建筑升级，可以直接点击建筑物，会显示出升级按钮和建筑详情。##\r\n\r\n6、顿悟后武将攻击和防御提升数值的展示，顿悟的攻击伤害和防御加#成数值提升。##\r\n\r\n一顿武将：攻击，防御成长20%#\r\n二顿武将：攻击，防御成长40%#\r\n三顿武将：攻击，防御成长60%#\r\n\r\n7、修改了更加简洁的新手引导让新玩家更加容易上手。##\r\n\r\n8、更新了VIP每日登陆礼包，随着VIP礼包提高可以获得更多的奖励。#\r\n奖励内容：#\r\nVIP1：银两 20万，军令4个#\r\nVIP2：银两 40万，军令6个#\r\nVIP3：银两 60万，军令8个#\r\nVIP4：银两 80万，军令10个#\r\nVIP5：银两 100万，军令12个#\r\nVIP6：银两 120万，军令14个#\r\nVIP7：银两 140万，军令16个#\r\nVIP8：银两 160万，军令18个#\r\nVIP9：银两 180万，军令20个#\r\nVIP10：银两 200万，军令30个##\r\n\r\n9、修改的主界面聊天的显示。##\r\n\r\n10、更加清晰的优化主城美工的显示内容。##', '0', '2013-09-05 10:08:29', '1', '1'), ('7f5aafca-9770-46d0-b5e9-3b03762734d2', '系统公告', '【系统公告】##\r\n各位玩家，于2013年9月5日下午2点整龙腾三国将进行第一期的版本#更新，届时请在线的玩家下线暂等5分钟。##\r\n更新内容如下：##\r\n1.增加游戏地带和手机桌面添加快捷登陆，领取礼#券奖励。##\r\n\r\n2.解决游戏玩家粮仓爆满的问题，修改士兵和粮草的兑换比例为3:1。##\r\n\r\n3.更新简洁的显示画面,银两，粮食，士兵数量超过万时精确到万#，没有超过万则精确到具体数量。##\r\n\r\n4.调整了战役和公告的位置放置右上角。##\r\n\r\n5.建筑升级，可以直接点击建筑物，会显示出升级按钮和建筑详情。##\r\n\r\n6.顿悟后武将攻击和防御提升数值的展示，顿悟的攻击伤害和防御加#成数值提升。##\r\n\r\n一顿武将：攻击，防御成长20%#\r\n二顿武将：攻击，防御成长40%#\r\n三顿武将：攻击，防御成长60%#\r\n\r\n7.修改了更加简洁的新手引导让新玩家更加容易上手。##\r\n\r\n8.更新了VIP每日登陆礼包，随着VIP礼包提高可以获得更多的奖励。#\r\n奖励内容：#\r\nVIP1：银两 20万，军令4个#\r\nVIP2：银两 40万，军令6个#\r\nVIP3：银两 60万，军令8个#\r\nVIP4：银两 80万，军令10个#\r\nVIP5：银两 100万，军令12个#\r\nVIP6：银两 120万，军令14个#\r\nVIP7：银两 140万，军令16个#\r\nVIP8：银两 160万，军令18个#\r\nVIP9：银两 180万，军令20个#\r\nVIP10：银两 200万，军令30个##\r\n\r\n9.修改的主界面聊天的显示。##\r\n\r\n10.更加清晰的优化主城美工的显示内容。##', '0', '2013-09-05 10:11:32', '1', '1'), ('ddd9a7cd-d343-4125-8b35-b437bbb8eecf', '系统公告', '【系统公告】##\r\n各位玩家，于2013年9月5日下午2点整龙腾三国将进行第一期的版本#更新，届时请在线的玩家下线暂等5分钟。##\r\n更新内容如下：##\r\n1.增加游戏地带和手机桌面添加快捷登陆，领取礼券奖励。##\r\n\r\n2.解决游戏玩家粮仓爆满的问题，修改士兵和粮草的兑换比例为3:1。##\r\n\r\n3.更新简洁的显示画面,银两，粮食，士兵数量超过万时精确到万，#没有超过万则精确到具体数量。##\r\n\r\n4.调整了战役和公告的位置放置右上角。##\r\n\r\n5.建筑升级，可以直接点击建筑物，会显示出升级按钮和建筑详情。##\r\n\r\n6.顿悟后武将攻击和防御提升数值的展示，顿悟的攻击伤害和防御加#成数值提升。##\r\n\r\n一顿武将：攻击，防御成长20%#\r\n二顿武将：攻击，防御成长40%#\r\n三顿武将：攻击，防御成长60%##\r\n\r\n7.修改了更加简洁的新手引导让新玩家更加容易上手。##\r\n\r\n8.更新了VIP每日登陆礼包，随着VIP礼包提高可以获得更多的奖励。#\r\n每日奖励内容：#\r\nVIP1：银两 20万，军令4个#\r\nVIP2：银两 40万，军令6个#\r\nVIP3：银两 60万，军令8个#\r\nVIP4：银两 80万，军令10个#\r\nVIP5：银两 100万，军令12个#\r\nVIP6：银两 120万，军令14个#\r\nVIP7：银两 140万，军令16个#\r\nVIP8：银两 160万，军令18个#\r\nVIP9：银两 180万，军令20个#\r\nVIP10：银两 200万，军令30个##\r\n\r\n9.修改的主界面聊天的显示。##\r\n\r\n10.更加清晰的优化主城美工的显示内容。##', '0', '2013-09-05 10:17:33', '1', '1'), ('fadd99e7-f60e-4174-9d27-b93cc84f2a1e', '系统公告', '【系统公告】##各位玩家，于2013年9月5日下午2点整龙腾三国将进行第一期的版本#更新，届时请在线的玩家下线暂等5分钟。##更新内容如下：##1.增加游戏地带和手机桌面添加快捷登陆，领取礼券奖励。##2.解决游戏玩家粮仓爆满的问题，修改士兵和粮草的兑换比例为3:1。##3.更新简洁的显示画面,银两，粮食，士兵数量超过万时精确到万，#没有超过万则精确到具体数量。##4.调整了战役和公告的位置放置右上角。##5.建筑升级，可以直接点击建筑物，会显示出升级按钮和建筑详情。##6.顿悟后武将攻击和防御提升数值的展示，顿悟的攻击伤害和防御加#成数值提升。##一顿武将：攻击，防御成长20%#二顿武将：攻击，防御成长40%#三顿武将：攻击，防御成长60%##7.修改了更加简洁的新手引导让新玩家更加容易上手。##8.更新了VIP每日登陆礼包，随着VIP礼包提高可以获得更多的奖励。#每日奖励内容：#VIP1：银两 20万，军令4个#VIP2：银两 40万，军令6个#VIP3：银两 60万，军令8个#VIP4：银两 80万，军令10个#VIP5：银两 100万，军令12个#VIP6：银两 120万，军令14个#VIP7：银两 140万，军令16个#VIP8：银两 160万，军令18个#VIP9：银两 180万，军令20个#VIP10：银两 200万，军令30个##9.修改的主界面聊天的显示。##10.更加清晰的优化主城美工的显示内容。##（注：版本更新最终解释权归官方所有，具体更新内容请以更新公告为准。）', '0', '2013-09-05 10:19:34', '1', '1'), ('17c48721-b14e-4098-9ecc-399f27f2775d', '1', '【系统公告】##各位玩家，于2013年9月5日下午2点整龙腾三国将进行第一期的版本#更新，届时请在线的玩家下线暂等5分钟。##更新内容如下：##1.增加游戏地带和手机桌面添加快捷登陆，领取礼券奖励。##2.解决游戏玩家粮仓爆满的问题，修改士兵和粮草的兑换比例为3:1。##3.更新简洁的显示画面,银两，粮食，士兵数量超过万时精确到万，没#有超过万则精确到具体数量。##4.调整了战役和公告的位置放置右上角。##5.建筑升级，可以直接点击建筑物，会显示出升级按钮和建筑详情。##6.顿悟后武将攻击和防御提升数值的展示，顿悟的攻击伤害和防御加#成数值提升。##一顿武将：攻击，防御成长20%#二顿武将：攻击，防御成长40%#三顿武将：攻击，防御成长60%##7.修改了更加简洁的新手引导让新玩家更加容易上手。##8.更新了VIP每日登陆礼包，随着VIP礼包提高可以获得更多的奖励。#每日奖励内容：#VIP1：银两 20万，军令4个#VIP2：银两 40万，军令6个#VIP3：银两 60万，军令8个#VIP4：银两 80万，军令10个#VIP5：银两 100万，军令12个#VIP6：银两 120万，军令14个#VIP7：银两 140万，军令16个#VIP8：银两 160万，军令18个#VIP9：银两 180万，军令20个#VIP10：银两 200万，军令30个##9.修改的主界面聊天的显示。##10.更加清晰的优化主城美工的显示内容。##（版本更新最终解释权归官方所有，具体更新内容请以更新公告为准）', '1', '2013-09-05 10:19:34', '1', '1'), ('af72b6d2-eab0-4290-8cd4-219c2cad7573', '最新活动', '【活动】新版本返利：100%充值返还##\r\n\r\n活动时间：2013年9月10日00:00至2013年 9月16日24：00#\r\n返利时间：活动结束后统一返还#\r\n\r\n活动内容：更新完成后将对所有玩家进行充值返利，充值的更新排行#每天更新一次，活动结束后统一发放奖励。##\r\n\r\n活动参与条件：#\r\n    1、任意等级的玩家#\r\n\r\n活动规则：在活动期间内，充值的玩家返还15%的元宝数量，根据充值#的金额不同返还的金额也不一样。最高返还的金额100%，充#值结束后，最高充值3名玩家按名次获得紫色装备一件。##\r\n\r\n返利明细：#\r\n 100-1000元  返利15%#\r\n 1001-2000元 返利25%#\r\n 2001-3000元 返利35%#\r\n 4001-5000元 返利45%#\r\n 5001元以上  返利100%##\r\n\r\n装备奖励：#\r\n第一名：软猬甲 暴击120 反击 180 减伤 60#\r\n第二名：软猬甲 暴击110 反击 150 减伤 55#\r\n第三名：软猬甲 暴击100 反击 150 减伤 50##\r\n\r\n\r\n本次活动的最终解释权归龙腾三国官方所有。\r\n', '0', '2013-09-10 14:14:54', '2', '2'), ('13b9d74c-aed8-41d2-aa88-68a2cefdcdb0', '最新活动', '【活动】新版本返利：100%充值返还##活动时间：2013年9月10日00:00至2013年 9月16日24：00#返利时间：活动结束后统一返还#活动内容：更新完成后将对所有玩家进行充值返利，充值的更新排行#每天更新一次，活动结束后统一发放奖励。##活动参与条件：#1、任意等级的玩家#活动规则：在活动期间内，充值的玩家返还15%的元宝数量，根据充#值的金额不同返还的金额也不一样。最高返还的金额100%，充值结束#后，最高充值3名玩家按名次获得紫色装备一件。##返利明细：#100-1000元  返利15%#1001-2000元 返利25%#2001-3000元 返利35%#4001-5000元 返利45%#5001元以上  返利100%##装备奖励：#第一名：软猬甲 暴击120 反击 180 减伤 60#第二名：软猬甲 暴击110 反击 150 减伤 55#第三名：软猬甲 暴击100 反击 150 减伤 50##本次活动的最终解释权归龙腾三国官方所有。\r\n', '0', '2013-09-10 14:16:39', '2', '2'), ('58276231-e22a-4bc7-bac8-1dc1fdfa5290', '最新活动', '【活动】新版本返利：100%充值返还##活动时间：2013年9月10日00:00至2013年 9月16日24：00#返利时间：活动结束后统一返还#活动内容：更新完成后将对所有玩家进行充值返利，充值的更新排行#每天更新一次，活动结束后统一发放奖励。##活动参与条件：#1、任意等级的玩家##活动规则：在活动期间内，充值的玩家返还15%的元宝数量，根据充#值的金额不同返还的金额也不一样。最高返还的金额100%，充值结束#后，最高充值3名玩家按名次获得紫色装备一件。##返利明细：#100-1000元  返利15%#1001-2000元 返利25%#2001-3000元 返利35%#4001-5000元 返利45%#5001元以上  返利100%##装备奖励：#第一名：软猬甲 暴击120 反击 180 减伤 60#第二名：软猬甲 暴击110 反击 150 减伤 55#第三名：软猬甲 暴击100 反击 150 减伤 50##本次活动的最终解释权归龙腾三国官方所有。\r\n', '1', '2013-09-10 14:16:39', '2', '2'), ('2b6d42f5-e3d7-488b-9134-06f5c04e5f67', '排行榜', '【排行榜】##9月10号到9月16日的充值活动中，每次充值将累计到对应的积分#一元=10积分，积分最高的玩家在活动结束后将获得高属性的装备和#巨额的银两。##截止9月10号充值名次：#第一名：国务卿 2000积分#第二名：梁韵丹 1500积分#第三名：红牛1000积分##奖励：#第一名：软猬甲 暴击120 反击 180 减伤 60  银两10000万# 第二名：软猬甲 暴击110 反击 150 减伤 55  银两8000万#  第三名：软猬甲 暴击100 反击 150 减伤 50  银两5000万##本次活动的最终解释权归龙腾三国官方所有。', '0', '2013-09-11 11:26:43', '4', '4'), ('f7354b74-4abb-448d-a643-dadb906ad7eb', '排行榜', '【排行榜】##9月10号到9月16日的充值活动中，每次充值将累计到对应的积分1元#=10积分，积分最高的玩家在活动结束后将获得高属性的装备和#巨额的银两。##截止9月10号充值名次：#第一名：国务卿 2000积分#第二名：梁韵丹 1500积分#第三名：红牛1000积分##奖励：#第一名：软猬甲 暴击120 反击 180 减伤 60  银两10000万# 第二名：软猬甲 暴击110 反击 150 减伤 55  银两8000万#  第三名：软猬甲 暴击100 反击 150 减伤 50  银两5000万##本次活动的最终解释权归龙腾三国官方所有。', '0', '2013-09-11 11:28:27', '4', '4'), ('97fa5848-e499-491d-bdd8-59fefd60d2ae', '排行榜', '【排行榜】##9月10号到9月16日的充值活动中，每次充值将累计到对应的积分1元#=10积分，积分最高的玩家在活动结束后将获得高属性的装备和巨额的#银两。##截止9月10号充值名次：#第一名：国务卿 2000积分#第二名：梁韵丹 1500积分#第三名：红牛1000积分##奖励：#第一名：软猬甲 暴击120 反击 180 减伤 60  银两10000万# 第二名：软猬甲 暴击110 反击 150 减伤 55  银两8000万#  第三名：软猬甲 暴击100 反击 150 减伤 50  银两5000万##本次活动的最终解释权归龙腾三国官方所有。', '0', '2013-09-11 11:29:43', '4', '4'), ('49484f79-9cbb-4e12-9ce5-69f6a015a61a', '排行榜', '【排行榜】##9月10号到9月16日的充值活动中，每次充值将累计到对应的积分1元#=10积分，积分最高的玩家在活动结束后将获得高属性的装备和巨额的#银两。##截止9月10号充值名次：#第一名：国务卿 2000积分#第二名：梁韵丹 1500积分#第三名：红牛1000积分##奖励：#第一名：软猬甲 暴击120 反击 180 减伤 60  银两10000万#第二名：软猬甲 暴击110 反击 150 减伤 55  银两8000万#第三名：软猬甲 暴击100 反击 150 减伤 50  银两5000万##本次活动的最终解释权归龙腾三国官方所有。', '0', '2013-09-11 11:30:18', '4', '4'), ('df944451-f9e9-461a-8b0b-1ae6454e7d08', '排行榜', '【排行榜】##9月10号到9月16日的充值活动中，每次充值将累计到对应的积分1元#=10积分，积分最高的玩家在活动结束后将获得高属性的装备和巨额的#银两。##截止9月10号充值名次：#第一名：国务卿 2000积分#第二名：梁韵丹 1500积分#第三名：红牛1000积分##奖励：#第一名：软猬甲 暴击120 反击 180 减伤 60  银两10000万#第二名：软猬甲 暴击110 反击 150 减伤 55  银两8000万#第三名：软猬甲 暴击100 反击 150 减伤 50  银两5000万##本次活动的最终解释权归龙腾三国官方所有。', '1', '2013-09-11 11:30:18', '4', '4');
COMMIT;

-- ----------------------------
--  Table structure for `gd_question`
-- ----------------------------
DROP TABLE IF EXISTS `gd_question`;
CREATE TABLE `gd_question` (
  `topicId` int(11) NOT NULL DEFAULT '0',
  `questionId` int(11) NOT NULL AUTO_INCREMENT,
  `description` varchar(255) DEFAULT NULL,
  `type` int(2) DEFAULT NULL,
  `createTime` varchar(14) DEFAULT NULL,
  PRIMARY KEY (`questionId`),
  KEY `question_idx_1` (`topicId`),
  KEY `question_idx_2` (`topicId`,`questionId`)
) ENGINE=MyISAM AUTO_INCREMENT=82 DEFAULT CHARSET=utf8;

-- ----------------------------
--  Records of `gd_question`
-- ----------------------------
BEGIN;
INSERT INTO `gd_question` VALUES ('128', '72', '一.希望看到的节目类型', '0', '20150623175638'), ('137', '79', '你最喜欢的主持人', '0', '20150624151312'), ('128', '73', '二.最想看到谁主持这个节目', '0', '20150521171639'), ('131', '74', '问题一', '0', '20150529150941'), ('132', '75', '问题4', '0', '20150529151121'), ('132', '76', '问题一', '0', '20150529162229'), ('132', '77', '问题二', '0', '20150529162956'), ('132', '78', '问题三', '1', '20150529164438'), ('139', '80', '喜欢哪位主持人', '0', '20150625175301'), ('136', '81', '问题一', '0', '20150624165230');
COMMIT;

-- ----------------------------
--  Table structure for `gd_question_answer`
-- ----------------------------
DROP TABLE IF EXISTS `gd_question_answer`;
CREATE TABLE `gd_question_answer` (
  `topicId` int(11) NOT NULL DEFAULT '0',
  `questionId` int(11) NOT NULL,
  `answerId` int(11) NOT NULL AUTO_INCREMENT,
  `description` varchar(255) DEFAULT NULL,
  `imgUrl` varchar(1024) DEFAULT NULL,
  `note1` varchar(1024) DEFAULT NULL,
  `note2` varchar(1024) DEFAULT NULL,
  PRIMARY KEY (`topicId`,`questionId`,`answerId`),
  KEY `question_answer_idx_1` (`topicId`,`questionId`),
  KEY `question_answer_idx_2` (`topicId`)
) ENGINE=MyISAM DEFAULT CHARSET=utf8;

-- ----------------------------
--  Records of `gd_question_answer`
-- ----------------------------
BEGIN;
INSERT INTO `gd_question_answer` VALUES ('128', '73', '1', '郝周', '', '123', null), ('128', '73', '2', '张琪', '', '3123', null), ('128', '73', '3', '芸萱', '', null, null), ('128', '73', '4', '郝舟', '', null, null), ('131', '74', '1', '选项一', '', null, null), ('131', '74', '2', '选项二', '', null, null), ('132', '75', '1', '选项一', '', null, null), ('132', '75', '2', '选项二', '', null, null), ('132', '78', '1', 'aaaaa', '111', null, null), ('132', '78', '2', 'bbbbb', '222', null, null), ('132', '78', '3', 'ccccc', '3333', null, null), ('128', '72', '1', '真人秀类娱乐节目', '/wxadmin/upload/article/150623175626PZDYSWM.jpeg', '真人秀类娱乐节目真人秀类娱乐节目真人秀类娱乐节目真人秀类娱乐节目真人秀类娱乐节目真人秀类娱乐节目真人秀类娱乐节目真人秀类娱乐节目', '/wxadmin/upload/article/150623165739EOFMFSM.mp3'), ('128', '72', '2', '选秀类歌舞节目', '', null, null), ('128', '72', '3', '积极向上综艺节目', '', null, null), ('137', '79', '1', '赵云', '', null, null), ('137', '79', '2', '诸葛', '', null, null), ('139', '80', '1', '赵云', '', '犬瘟热温柔温柔瓦特去特委托犬瘟热温柔温柔瓦特去特委托犬瘟热温柔温柔瓦特去特委托犬瘟热温柔温柔瓦特去特委托', '/wxadmin/upload/article/150625175148GIWXKID.mp3'), ('136', '81', '1', '选项一', '', null, null), ('136', '81', '2', '选项二', '', null, null), ('139', '80', '2', '诸葛', '', null, null);
COMMIT;

-- ----------------------------
--  Table structure for `gd_question_topic`
-- ----------------------------
DROP TABLE IF EXISTS `gd_question_topic`;
CREATE TABLE `gd_question_topic` (
  `topicId` int(11) NOT NULL AUTO_INCREMENT,
  `topic` varchar(255) DEFAULT NULL,
  `description` varchar(500) DEFAULT NULL,
  `type` int(2) DEFAULT NULL,
  `needUserInfo` varchar(10) DEFAULT NULL,
  `startTime` varchar(14) DEFAULT NULL,
  `endTime` varchar(14) DEFAULT NULL,
  `status` int(2) DEFAULT NULL,
  `style` int(10) DEFAULT NULL,
  PRIMARY KEY (`topicId`),
  UNIQUE KEY `uni_topic` (`topic`) USING BTREE,
  KEY `wxgd_idx_1` (`topicId`)
) ENGINE=MyISAM AUTO_INCREMENT=142 DEFAULT CHARSET=utf8;

-- ----------------------------
--  Records of `gd_question_topic`
-- ----------------------------
BEGIN;
INSERT INTO `gd_question_topic` VALUES ('136', '234234', '234234', '0', '[1,0,0,0]', '20150624150700', '20150624150700', '0', '0'), ('137', '123', '12312', '1', '[1,0,0,0]', '20150624151200', '20150624151200', '0', '1'), ('139', '三国主持人选拔', '三国主持人选拔', '1', '[0,0,0,0]', '20150624152600', '20150624152600', '0', '1'), ('128', '投票活动', '最近山西卫视期望做一档新节目，针对在黄金八点档，观众喜欢看什么节目这个问题，期待大家投票', '1', '[1,0,0,1]', '20150521112900', '20150604113400', '0', '0'), ('141', '请问请问', 'q\'we', '1', '[1,0,0,0]', '20150624165500', '20150624165500', '0', '1');
COMMIT;

-- ----------------------------
--  Table structure for `gd_question_user`
-- ----------------------------
DROP TABLE IF EXISTS `gd_question_user`;
CREATE TABLE `gd_question_user` (
  `topicId` int(11) NOT NULL DEFAULT '0',
  `openid` varchar(255) NOT NULL DEFAULT '',
  `name` varchar(255) DEFAULT NULL,
  `phone` varchar(50) DEFAULT NULL,
  `sex` varchar(10) DEFAULT NULL,
  `address` varchar(1024) DEFAULT NULL,
  `createTime` varchar(14) DEFAULT NULL,
  PRIMARY KEY (`topicId`,`openid`),
  KEY `question_user_info_idx_1` (`topicId`),
  KEY `question_user_info_idx_2` (`topicId`,`openid`)
) ENGINE=MyISAM DEFAULT CHARSET=utf8;

-- ----------------------------
--  Records of `gd_question_user`
-- ----------------------------
BEGIN;
INSERT INTO `gd_question_user` VALUES ('139', 'badboy', '', '', '', '', '20150624063907'), ('139', 'badboy1', '', '', '', '', '20150624064202'), ('139', 'badboy11', '', '', '', '', '20150625012424'), ('137', 'badboy11', '', '', '', '', '20150625021647'), ('128', 'badboy11', '', '', '', '', '20150625021740'), ('139', 'badboy111', '', '', '', '', '20150625023032'), ('139', 'badboy1111', '', '', '', '', '20150625023139'), ('139', 'badboy11121', '', '', '', '', '20150625023225'), ('136', 'badboy11121', '', '', '', '', '20150625023304'), ('139', 'badboy1112', '', '', '', '', '20150625023915'), ('136', 'badboy1112', '', '', '', '', '20150625024149'), ('136', 'badboy21112', '123131', '', '', '', '20150625024642'), ('139', 'badboy21112', '1111', '22222', '', '', '20150625024832'), ('139', 'badboy21112d', 'www', 'www', '', '', '20150625025821'), ('139', 'badboy2dd', 'www', 'ww', '', '', '20150625030203'), ('139', 'badboy2dd11', '333', '333', '', '', '20150625030221'), ('139', 'badboy2dd112', '', '', '', '', '20150625030359'), ('139', 'badboy2dd112w3', '', '', '', '', '20150625030614'), ('139', 'badboy2ddxxw3', '', '', '', '', '20150625031057'), ('139', 'badboy2ssss', '', '', '', '', '20150625031326'), ('139', 'badboy2ssseeeees', '', '', '', '', '20150625031347'), ('139', 'badboy2ssseeeeess', '', '', '', '', '20150625031406'), ('139', 'badboy2sssessseeeess', '', '', '', '', '20150625031556'), ('139', 'badboy2sssessssssseeeess', '', '', '', '', '20150625031624'), ('139', 'badboy1sssessssssseeeess', '', '', '', '', '20150625031817'), ('139', 'badboydsssessssssseeeess', '', '', '', '', '20150625031851'), ('139', 'badboydsssesssswssseeeess', '', '', '', '', '20150625053727'), ('139', 'badboydsssesssess', '', '', '', '', '20150626115923');
COMMIT;

-- ----------------------------
--  Table structure for `gd_question_user_answer`
-- ----------------------------
DROP TABLE IF EXISTS `gd_question_user_answer`;
CREATE TABLE `gd_question_user_answer` (
  `topicId` int(11) NOT NULL DEFAULT '0',
  `openid` varchar(255) NOT NULL DEFAULT '',
  `questionId` int(11) NOT NULL DEFAULT '0',
  `answerId` int(3) NOT NULL DEFAULT '0',
  `postText` varchar(255) DEFAULT NULL,
  PRIMARY KEY (`topicId`,`openid`,`questionId`,`answerId`),
  KEY `question_user_answer_idx_1` (`topicId`,`openid`)
) ENGINE=MyISAM DEFAULT CHARSET=utf8;

-- ----------------------------
--  Records of `gd_question_user_answer`
-- ----------------------------
BEGIN;
INSERT INTO `gd_question_user_answer` VALUES ('13', 'o5iYiuNZR5WQr5zzhZANj5LiN0R8', '15', '1', ''), ('13', 'o5iYiuNZR5WQr5zzhZANj5LiN0R8', '16', '1', ''), ('13', 'o5iYiuNZR5WQr5zzhZANj5LiN0R8', '16', '4', ''), ('13', 'o5iYiuNZR5WQr5zzhZANj5LiN0R8', '16', '5', ''), ('13', 'o5iYiuNZR5WQr5zzhZANj5LiN0R8', '18', '0', 'gfdf\n'), ('16', 'o5iYiuNZR5WQr5zzhZANj5LiN0R8', '20', '1', ''), ('15', 'o5iYiuCrvl7K0BMum3jgJ5UhQ2Us', '19', '1', ''), ('14', 'o5iYiuNZR5WQr5zzhZANj5LiN0R8', '17', '1', ''), ('13', 'o5iYiuNlXnK0iN8CXzw14OwFBCgM', '16', '2', ''), ('13', 'o5iYiuNlXnK0iN8CXzw14OwFBCgM', '16', '1', ''), ('13', 'o5iYiuNlXnK0iN8CXzw14OwFBCgM', '15', '3', ''), ('13', 'o5iYiuG9y5gyA0QLPWyYv7uMSDjE', '16', '1', ''), ('13', 'o5iYiuG9y5gyA0QLPWyYv7uMSDjE', '15', '5', ''), ('15', 'o5iYiuG9y5gyA0QLPWyYv7uMSDjE', '19', '2', ''), ('14', 'o5iYiuG9y5gyA0QLPWyYv7uMSDjE', '17', '1', ''), ('14', 'null', '17', '1', ''), ('15', 'o5iYiuMLbCmH1Ug5BeFx2QOtaanA', '19', '3', ''), ('15', 'o5iYiuMPxOsgIGCh-L1y8IjieSgw', '19', '1', ''), ('15', 'oEVifjmsEd2JEa_JfuU0tGwQQHvM', '19', '1', ''), ('13', 'oEVifjmsEd2JEa_JfuU0tGwQQHvM', '15', '2', ''), ('13', 'oEVifjmsEd2JEa_JfuU0tGwQQHvM', '16', '1', ''), ('13', 'oEVifjmsEd2JEa_JfuU0tGwQQHvM', '16', '2', ''), ('14', 'oEVifjkfaqkOOOWmtrraIkD4QDak', '17', '1', ''), ('15', 'oEVifjuahOL12z4P42l1TT3BeFKQ', '19', '1', ''), ('14', 'oEVifjmw9H1YCJEUK2qRBc6LF1FA', '17', '1', ''), ('13', 'oEVifjojkrPZ74ifTeabZBKO3UIw', '15', '1', ''), ('13', 'oEVifjojkrPZ74ifTeabZBKO3UIw', '16', '1', ''), ('14', 'oEVifjojkrPZ74ifTeabZBKO3UIw', '17', '1', ''), ('15', 'oEVifjojkrPZ74ifTeabZBKO3UIw', '19', '2', ''), ('15', 'oEVifjnYlB1i-Y9INkdqCoTkjxP8', '19', '2', ''), ('14', 'oEVifjnYlB1i-Y9INkdqCoTkjxP8', '17', '2', ''), ('13', 'oEVifjnYlB1i-Y9INkdqCoTkjxP8', '15', '2', ''), ('13', 'oEVifjnYlB1i-Y9INkdqCoTkjxP8', '16', '1', ''), ('14', 'oEVifjrnV0yIrA8cIJqLCZ_LVMmY', '17', '1', ''), ('15', 'oEVifjg2xLA9SrFYURvC0E4sF7zs', '19', '3', ''), ('15', 'oEVifjsivKMC15E8wwExHVNIIhlY', '19', '1', ''), ('15', 'oEVifjjePgbEDWwWiDnCdnQKiXB0', '19', '1', ''), ('13', 'xxx', '15', '1', ''), ('13', 'xxx', '16', '1', ''), ('13', 'o00u3t5Ag46SHrbC0O9ZQQPZFeSQ', '15', '4', ''), ('13', 'o00u3t5Ag46SHrbC0O9ZQQPZFeSQ', '16', '1', ''), ('13', 'o00u3t8jWjE_Ku1SvrnqCDErME58', '15', '3', ''), ('13', 'o00u3t8jWjE_Ku1SvrnqCDErME58', '16', '1', ''), ('13', 'o00u3t8jWjE_Ku1SvrnqCDErME58', '16', '3', ''), ('22', 'xx', '26', '1', ''), ('22', 'xx', '27', '1', ''), ('22', 'xxxx', '26', '1', ''), ('22', 'xxxx', '27', '1', ''), ('22', 'xxxxx', '26', '1', ''), ('22', 'xxxxx', '27', '1', ''), ('22', 'xxxxxx', '26', '1', ''), ('22', 'xxxxxx', '27', '1', ''), ('22', 'xxxxxxx', '26', '1', ''), ('22', 'xxxxxxx', '27', '1', ''), ('22', 'xxxxxxxx', '26', '1', ''), ('22', 'xxxxxxxx', '27', '1', ''), ('22', 'xxxxxxxxx', '26', '1', ''), ('22', 'xxxxxxxxx', '27', '1', ''), ('22', 'xxxxxxxxxx', '26', '1', ''), ('22', 'xxxxxxxxxx', '27', '1', ''), ('22', 'x', '26', '1', ''), ('22', 'x', '27', '1', ''), ('22', 'xxxxxxxxxxxx', '26', '1', ''), ('22', 'xxxxxxxxxxxx', '27', '1', ''), ('22', 'xxxxxxxxxxxxxx', '26', '1', ''), ('22', 'xxxxxxxxxxxxxx', '27', '1', ''), ('22', 'xxxxxxxxxxxxxxx', '26', '1', ''), ('22', 'xxxxxxxxxxxxxxx', '27', '1', ''), ('22', 'xxxxxxxxxxxxxxxx', '26', '1', ''), ('22', 'xxxxxxxxxxxxxxxx', '27', '1', ''), ('22', 'xxxxxxxxxxxxxxxxx', '26', '1', ''), ('22', 'xxxxxxxxxxxxxxxxx', '27', '1', ''), ('22', 'xxxxxxxxxxxxxxxxxx', '26', '1', ''), ('22', 'xxxxxxxxxxxxxxxxxx', '27', '1', ''), ('22', 'xxxxxxxxxxxxxxxxxxx', '26', '1', ''), ('22', 'xxxxxxxxxxxxxxxxxxx', '26', '2', ''), ('22', 'xxxxxxxxxxxxxxxxxxx', '27', '3', ''), ('22', 'xxxxxxxxxxxxxxxxxxxx', '26', '1', ''), ('22', 'xxxxxxxxxxxxxxxxxxxx', '26', '2', ''), ('22', 'xxxxxxxxxxxxxxxxxxxx', '26', '3', ''), ('22', 'xxxxxxxxxxxxxxxxxxxx', '27', '4', ''), ('22', 'xxxxxxxxxxxxxxxxxxxxx', '26', '3', ''), ('22', 'xxxxxxxxxxxxxxxxxxxxx', '27', '4', ''), ('22', 'xxxxxxxxxxxxxxxxxxxxxx', '26', '2', ''), ('22', 'xxxxxxxxxxxxxxxxxxxxxx', '27', '2', ''), ('22', 'o5iYiuG9y5gyA0QLPWyYv7uMSDjE', '26', '1', ''), ('22', 'o5iYiuG9y5gyA0QLPWyYv7uMSDjE', '27', '1', ''), ('22', '', '26', '1', ''), ('22', '', '27', '1', ''), ('139', 'badboy', '80', '1', ''), ('139', 'badboy1', '80', '1', ''), ('139', 'badboy11', '80', '1', ''), ('137', 'badboy11', '79', '0', ''), ('128', 'badboy11', '72', '1', ''), ('128', 'badboy11', '73', '1', ''), ('139', 'badboy111', '80', '0', ''), ('139', 'badboy1111', '80', '0', ''), ('139', 'badboy11121', '80', '0', ''), ('136', 'badboy11121', '81', '2', ''), ('139', 'badboy1112', '80', '2', ''), ('136', 'badboy1112', '81', '2', ''), ('136', 'badboy21112', '81', '2', ''), ('139', 'badboy21112', '80', '2', ''), ('139', 'badboy21112d', '80', '2', ''), ('139', 'badboy2dd', '80', '2', ''), ('139', 'badboy2dd11', '80', '2', ''), ('139', 'badboy2dd112', '80', '2', ''), ('139', 'badboy2dd112w3', '80', '2', ''), ('139', 'badboy2ddxxw3', '80', '2', ''), ('139', 'badboy2ssss', '80', '2', ''), ('139', 'badboy2ssseeeees', '80', '2', ''), ('139', 'badboy2ssseeeeess', '80', '1', ''), ('139', 'badboy2sssessseeeess', '80', '1', ''), ('139', 'badboy2sssessssssseeeess', '80', '1', ''), ('139', 'badboy1sssessssssseeeess', '80', '1', ''), ('139', 'badboydsssessssssseeeess', '80', '1', ''), ('139', 'badboydsssesssess', '80', '2', '');
COMMIT;

-- ----------------------------
--  Table structure for `gd_stat_live`
-- ----------------------------
DROP TABLE IF EXISTS `gd_stat_live`;
CREATE TABLE `gd_stat_live` (
  `rid` int(11) NOT NULL DEFAULT '0',
  `stat_time` varchar(50) NOT NULL DEFAULT '',
  `cnt` int(11) DEFAULT NULL,
  PRIMARY KEY (`rid`,`stat_time`)
) ENGINE=MyISAM DEFAULT CHARSET=utf8;

-- ----------------------------
--  Records of `gd_stat_live`
-- ----------------------------
BEGIN;
INSERT INTO `gd_stat_live` VALUES ('6', '201409241438', '2'), ('6', '201409241448', '1'), ('6', '201409241453', '1'), ('5', '201409241456', '1'), ('6', '201409241500', '2'), ('6', '201409241501', '1'), ('6', '201409241508', '1'), ('5', '201409241509', '1'), ('6', '201409241510', '1'), ('5', '201409241528', '1'), ('6', '201409241615', '1'), ('5', '201409241616', '1'), ('8', '201409241634', '1'), ('6', '201409241635', '1'), ('8', '201409241635', '2'), ('6', '201409241636', '2'), ('6', '201409241638', '1'), ('6', '201409241639', '1'), ('6', '201409241640', '1'), ('6', '201409241656', '1'), ('6', '201409241657', '1'), ('6', '201409241701', '1'), ('6', '201409241829', '1'), ('6', '201409241839', '1'), ('6', '201409241907', '2'), ('6', '201409241908', '2'), ('6', '201409241909', '1'), ('8', '201409241909', '1'), ('2', '201409251031', '1'), ('6', '201409251032', '1'), ('6', '201409251033', '1'), ('5', '201409251034', '1'), ('2', '201409251036', '1'), ('8', '201409251038', '1'), ('8', '201409251044', '1'), ('5', '201409251045', '1'), ('6', '201409251046', '1'), ('6', '201409251059', '2'), ('7', '201409251100', '1'), ('6', '201409251100', '1'), ('6', '201409251102', '2'), ('6', '201409251107', '1'), ('9', '201409251357', '2'), ('2', '201409251358', '1'), ('9', '201409251419', '1'), ('3', '201409251440', '1'), ('3', '201409251441', '1'), ('6', '201409251442', '1'), ('3', '201409251447', '1'), ('6', '201409251505', '2'), ('6', '201409251506', '1'), ('6', '201409251508', '1'), ('6', '201409251513', '1'), ('6', '201409251540', '2'), ('5', '201409251540', '1'), ('6', '201409251541', '1'), ('7', '201409251542', '1'), ('6', '201409251542', '1'), ('3', '201409251543', '1'), ('6', '201409260053', '1'), ('8', '201409260920', '1'), ('9', '201409260921', '1'), ('2', '201409260922', '1'), ('6', '201409260940', '1'), ('6', '201409260941', '2'), ('6', '201409260944', '1'), ('6', '201409260950', '1'), ('6', '201409261038', '1'), ('6', '201409261143', '1'), ('5', '201409261144', '1'), ('6', '201409261152', '1'), ('2', '201409261151', '2'), ('6', '201409261153', '3'), ('6', '201409261156', '1'), ('5', '201409261156', '1'), ('3', '201409261158', '1'), ('6', '201409261158', '1'), ('5', '201409261158', '2'), ('2', '201409261157', '1'), ('6', '201409261157', '5'), ('5', '201409261157', '1'), ('1', '201409261159', '1'), ('6', '201409261159', '1'), ('9', '201409261159', '1'), ('8', '201409261159', '3'), ('2', '201409261200', '1'), ('8', '201409261200', '3'), ('3', '201409261201', '1'), ('3', '201409261202', '1'), ('1', '201409261203', '1'), ('8', '201409261229', '1'), ('6', '201409261209', '1'), ('8', '201409261230', '2'), ('8', '201409261231', '2'), ('9', '201409261232', '1'), ('9', '201409261233', '2'), ('8', '201409261244', '2'), ('8', '201409261245', '1'), ('8', '201409261249', '2'), ('8', '201409261250', '1'), ('6', '201409261333', '1'), ('8', '201409271644', '1'), ('5', '201409281225', '3'), ('6', '201409281226', '1'), ('6', '201409281227', '1'), ('6', '201409281458', '1'), ('6', '201409281655', '1'), ('2', '201409281656', '1'), ('8', '201409281656', '1'), ('3', '201409290347', '1'), ('6', '201409291427', '1'), ('1', '201409291429', '1'), ('6', '201409291429', '1'), ('1', '201409291441', '2'), ('1', '201409291442', '1'), ('9', '201409291607', '1'), ('9', '201409301001', '1'), ('0', '201409301348', '1'), ('0', '201409301408', '1'), ('5', '201409301447', '1'), ('5', '201409301450', '1'), ('0', '201409301550', '1'), ('5', '201409301619', '1'), ('2', '201409301621', '1'), ('6', '201409301704', '1'), ('6', '201409301718', '1'), ('1', '201409301730', '1'), ('5', '201409302227', '1'), ('6', '201409302230', '1'), ('6', '201410051438', '1'), ('6', '201410051442', '1'), ('7', '201410061103', '1'), ('6', '201410061208', '1'), ('5', '201410061209', '1'), ('5', '201410061211', '1'), ('8', '201410061214', '1'), ('6', '201410061215', '1'), ('6', '201410061216', '1'), ('5', '201410061220', '1'), ('6', '201410061217', '1'), ('7', '201410061221', '1'), ('8', '201410061228', '2'), ('5', '201410061230', '1'), ('5', '201410061231', '1'), ('5', '201410061233', '1'), ('8', '201410061233', '1'), ('6', '201410061235', '2'), ('5', '201410061236', '3'), ('1', '201410061237', '1'), ('1', '201410061239', '1'), ('5', '201410061241', '1'), ('5', '201410061245', '1'), ('8', '201410061245', '1'), ('8', '201410061246', '2'), ('7', '201410061249', '1'), ('8', '201410061252', '2'), ('6', '201410061253', '2'), ('5', '201410061254', '1'), ('5', '201410061255', '1'), ('6', '201410061256', '1'), ('5', '201410061256', '2'), ('5', '201410061258', '3'), ('8', '201410061259', '1'), ('2', '201410061301', '2'), ('3', '201410061302', '1'), ('3', '201410061303', '1'), ('2', '201410061304', '2'), ('2', '201410061306', '1'), ('9', '201410061307', '2'), ('9', '201410061308', '1'), ('9', '201410061309', '1'), ('9', '201410061311', '1'), ('9', '201410061313', '1'), ('9', '201410061314', '1'), ('9', '201410061317', '1'), ('9', '201410061318', '1'), ('9', '201410061319', '1'), ('9', '201410061321', '1'), ('6', '201410061722', '3'), ('6', '201410071411', '1'), ('6', '201410071611', '1'), ('2', '201410071613', '1'), ('2', '201410071719', '1'), ('5', '201410071854', '1'), ('5', '201410071856', '2'), ('9', '201410071856', '1'), ('6', '201410071859', '1'), ('5', '201410071902', '1'), ('3', '201410071903', '2'), ('3', '201410071907', '1'), ('6', '201410071913', '1'), ('6', '201410071914', '2'), ('9', '201410071914', '1'), ('6', '201410071915', '1'), ('9', '201410071915', '1'), ('6', '201410071916', '3'), ('6', '201410071918', '1'), ('6', '201410071917', '2'), ('6', '201410071919', '2'), ('6', '201410071933', '1'), ('2', '201410071942', '1'), ('9', '201410071958', '2'), ('6', '201410072011', '1'), ('6', '201410081327', '1'), ('6', '201410081330', '1'), ('6', '201410081332', '1'), ('6', '201410081333', '2'), ('6', '201410081334', '4'), ('6', '201410081337', '1'), ('6', '201410081338', '2'), ('6', '201410081345', '1'), ('6', '201410081346', '1'), ('6', '201410081356', '3'), ('6', '201410081357', '1'), ('6', '201410081358', '1'), ('6', '201410081359', '1'), ('6', '201410081401', '3'), ('6', '201410081402', '1'), ('7', '201410081405', '1'), ('6', '201410081530', '1'), ('6', '201410081532', '1'), ('6', '201410081533', '1'), ('6', '201410081536', '1'), ('6', '201410081537', '1'), ('6', '201410081541', '1'), ('6', '201410081547', '2'), ('6', '201410081549', '1'), ('6', '201410081551', '1'), ('6', '201410081553', '3'), ('6', '201410081554', '2'), ('6', '201410081555', '1'), ('6', '201410081556', '1'), ('6', '201410081557', '4'), ('6', '201410081558', '1'), ('6', '201410081559', '1'), ('6', '201410081600', '3'), ('6', '201410081602', '2'), ('6', '201410081604', '2'), ('6', '201410081606', '1'), ('6', '201410081712', '1'), ('6', '201410081714', '1'), ('6', '201410081715', '2'), ('6', '201410081716', '1'), ('6', '201410081717', '2'), ('6', '201410081718', '1'), ('6', '201410081719', '1'), ('6', '201410081720', '1'), ('6', '201410081722', '2'), ('6', '201410081723', '2'), ('6', '201410081726', '1'), ('6', '201410081725', '1'), ('6', '201410081727', '1'), ('6', '201410081728', '2'), ('6', '201410081733', '3'), ('6', '201410081734', '2'), ('7', '201410081735', '1'), ('6', '201410081735', '1'), ('7', '201410081736', '3'), ('7', '201410081737', '5'), ('7', '201410081738', '4'), ('8', '201410081740', '1'), ('7', '201410081739', '1'), ('5', '201410081739', '1'), ('8', '201410081741', '2'), ('2', '201410081749', '1'), ('2', '201410081751', '1'), ('2', '201410081752', '1'), ('5', '201410081753', '1'), ('6', '201410081754', '1'), ('6', '201410081755', '3'), ('8', '201410081755', '1'), ('6', '201410081756', '3'), ('8', '201410081756', '1'), ('6', '201410081757', '2'), ('6', '201410081758', '1'), ('6', '201410081759', '3'), ('6', '201410081800', '3'), ('6', '201410081801', '3'), ('1', '201410081807', '2'), ('1', '201410081808', '1'), ('1', '201410081809', '1'), ('1', '201410081810', '2'), ('1', '201410081811', '1'), ('6', '201410081811', '1'), ('1', '201410081812', '1'), ('6', '201410081813', '1'), ('1', '201410081814', '1'), ('6', '201410081814', '1'), ('1', '201410081817', '1'), ('7', '201410081820', '1'), ('1', '201410081819', '2'), ('6', '201410081819', '1'), ('1', '201410081821', '1'), ('7', '201410081821', '3'), ('6', '201410081821', '2'), ('1', '201410081826', '1'), ('6', '201410081826', '2'), ('6', '201410081828', '1'), ('6', '201410081832', '2'), ('6', '201410081830', '1'), ('6', '201410081833', '2'), ('3', '201410081834', '2'), ('5', '201410081838', '1'), ('3', '201410081840', '2'), ('3', '201410081841', '1'), ('3', '201410081842', '2'), ('5', '201410081842', '1'), ('9', '201410081842', '1'), ('9', '201410081843', '1'), ('6', '201410082003', '1'), ('6', '201410081955', '1'), ('6', '201410082004', '2'), ('9', '201410082004', '1'), ('6', '201410082006', '1'), ('6', '201410082005', '1'), ('6', '201410082007', '1'), ('7', '201410082008', '1'), ('7', '201410082009', '1'), ('6', '201410082009', '1'), ('8', '201410082009', '1'), ('6', '201410082013', '1'), ('6', '201410082015', '1'), ('6', '201410082116', '1'), ('3', '201410090108', '1'), ('1', '201410090108', '1'), ('9', '201410090136', '1'), ('0', '201410090219', '2'), ('5', '201410090940', '1'), ('8', '201410090942', '1'), ('6', '201410090944', '1'), ('3', '201410091124', '1'), ('6', '201410091124', '3'), ('7', '201410091125', '1'), ('6', '201410091125', '3'), ('3', '201410091126', '2'), ('6', '201410091126', '1'), ('2', '201410091350', '1'), ('7', '201410091352', '1'), ('0', '201410091406', '1'), ('2', '201410091414', '1'), ('1', '201410091415', '1'), ('2', '201410091429', '1'), ('6', '201410091521', '1'), ('6', '201410091558', '1'), ('6', '201410091659', '1'), ('6', '201410091735', '1'), ('6', '201410091737', '1'), ('6', '201410091738', '1'), ('3', '201410091744', '1'), ('6', '201410091744', '1'), ('7', '201410091809', '1'), ('6', '201410091809', '2'), ('6', '201410092111', '1'), ('6', '201410092112', '1'), ('5', '201410092113', '2'), ('6', '201410092114', '1'), ('6', '201410092115', '1'), ('5', '201410092115', '1'), ('6', '201410092122', '1'), ('6', '201410092118', '2'), ('6', '201410092123', '2'), ('6', '201410092125', '1'), ('6', '201410092124', '2'), ('6', '201410092126', '6'), ('6', '201410092127', '4'), ('6', '201410092128', '1'), ('6', '201410092129', '3'), ('6', '201410092130', '3'), ('2', '201410092131', '3'), ('1', '201410092131', '3'), ('1', '201410092132', '2'), ('1', '201410092133', '1'), ('9', '201410092135', '1'), ('5', '201410092137', '1'), ('3', '201410092146', '2'), ('3', '201410092148', '1'), ('9', '201410092148', '1'), ('1', '201410092149', '2'), ('1', '201410092150', '2'), ('6', '201410092150', '1'), ('6', '201410092151', '1'), ('5', '201410092151', '1'), ('6', '201410092153', '1'), ('6', '201410092231', '3'), ('1', '201410092232', '2'), ('6', '201410092232', '3'), ('3', '201410092233', '1'), ('6', '201410092233', '1'), ('5', '201410092233', '1'), ('9', '201410092233', '1'), ('3', '201410092234', '1'), ('7', '201410092234', '1'), ('6', '201410092234', '2'), ('6', '201410092302', '2'), ('6', '201410092303', '1'), ('6', '201410092310', '2'), ('5', '201410092310', '1'), ('6', '201410092311', '8'), ('6', '201410092312', '3'), ('6', '201410092313', '4'), ('6', '201410092314', '2'), ('1', '201410092315', '2'), ('6', '201410092315', '3'), ('9', '201410092315', '3'), ('3', '201410092316', '2'), ('1', '201410092316', '1'), ('4', '201410092316', '1'), ('6', '201410092319', '2'), ('6', '201410092322', '2'), ('5', '201410092322', '1'), ('3', '201410092324', '1'), ('7', '201410092324', '1'), ('3', '201410092323', '1'), ('6', '201410092323', '2'), ('5', '201410092323', '2'), ('3', '201410092325', '3'), ('7', '201410092325', '1'), ('4', '201410092325', '1'), ('4', '201410092326', '2'), ('7', '201410092327', '1'), ('5', '201410092327', '1'), ('4', '201410092327', '1'), ('4', '201410092328', '1'), ('8', '201410092328', '1'), ('3', '201410092329', '1'), ('7', '201410092329', '1'), ('4', '201410092329', '1'), ('3', '201410092330', '1'), ('7', '201410092331', '1'), ('5', '201410092331', '1'), ('9', '201410101247', '1'), ('3', '201410100406', '1'), ('6', '201410101248', '2'), ('6', '201410101249', '1'), ('1', '201410101316', '1'), ('1', '201410101317', '1'), ('1', '201410101319', '1'), ('2', '201410101327', '1'), ('6', '201410101546', '1'), ('8', '201410101549', '1'), ('2', '201410101550', '2'), ('8', '201410101550', '2'), ('2', '201410101552', '1'), ('0', '201410101726', '1'), ('0', '201410101759', '1'), ('6', '201410101911', '1'), ('6', '201410111206', '1'), ('6', '201410111444', '1'), ('1', '201410111448', '1'), ('8', '201410111448', '1'), ('5', '201410111451', '1'), ('5', '201410111452', '1'), ('5', '201410111453', '2'), ('5', '201410111612', '1'), ('5', '201410111614', '1'), ('8', '201410111626', '1'), ('0', '201410111659', '1'), ('6', '201410111704', '1'), ('7', '201410111757', '1'), ('1', '201410111759', '1'), ('7', '201410111801', '1'), ('6', '201410111813', '1'), ('6', '201410111817', '1'), ('6', '201410111818', '1'), ('6', '201410111822', '1'), ('5', '201410111822', '1'), ('6', '201410111821', '2'), ('6', '201410111823', '1'), ('5', '201410111823', '1'), ('8', '201410111823', '1'), ('3', '201410111824', '1'), ('8', '201410111824', '1'), ('6', '201410111827', '1'), ('6', '201410111828', '1'), ('6', '201410111830', '1'), ('3', '201410111833', '1'), ('1', '201410111832', '2'), ('1', '201410111834', '3'), ('9', '201410111834', '1'), ('1', '201410111837', '1'), ('8', '201410111839', '1'), ('9', '201410111841', '1'), ('7', '201410111902', '1'), ('6', '201410111940', '1'), ('0', '201410111951', '1'), ('6', '201410111954', '1'), ('8', '201410130951', '1'), ('7', '201410130952', '1'), ('6', '201410131639', '1'), ('6', '201410131644', '1'), ('7', '201410131701', '1'), ('6', '201410131701', '1'), ('5', '201410131701', '1'), ('8', '201410131701', '1'), ('6', '201410131702', '2'), ('5', '201410131702', '2'), ('3', '201410131704', '1'), ('5', '201410131704', '2'), ('9', '201410131704', '1'), ('8', '201410131704', '1'), ('4', '201410131705', '1'), ('6', '201410131710', '1'), ('9', '201410131711', '1'), ('9', '201410131712', '1'), ('9', '201410131751', '2'), ('0', '201410131832', '1'), ('1', '201410131835', '1'), ('7', '201410131835', '1'), ('0', '201410131853', '1'), ('6', '201410132225', '1'), ('5', '201410132228', '1'), ('6', '201410141017', '1'), ('6', '201410141018', '1'), ('8', '201410141019', '1'), ('8', '201410141020', '1'), ('2', '201410141021', '1'), ('6', '201410141057', '1'), ('6', '201410141058', '1'), ('8', '201410141058', '1'), ('2', '201410141059', '2'), ('8', '201410141059', '2'), ('2', '201410141100', '2'), ('6', '201410141100', '1'), ('8', '201410141100', '1'), ('6', '201410141247', '3'), ('5', '201410141247', '2'), ('5', '201410141249', '1'), ('7', '201410141251', '1'), ('6', '201410141251', '1'), ('5', '201410141251', '1'), ('6', '201410141250', '1'), ('7', '201410141252', '1'), ('6', '201410141252', '1'), ('8', '201410141252', '2'), ('3', '201410141253', '1'), ('2', '201410141253', '1'), ('1', '201410141253', '1'), ('7', '201410141253', '1'), ('6', '201410141329', '1'), ('6', '201410141330', '1'), ('6', '201410141331', '1'), ('6', '201410141336', '1'), ('6', '201410141343', '1'), ('6', '201410141345', '1'), ('6', '201410141346', '2'), ('6', '201410141347', '1'), ('3', '201410141351', '1'), ('1', '201410141352', '1'), ('2', '201410141357', '3'), ('8', '201410141357', '2'), ('6', '201410141356', '2'), ('5', '201410141356', '1'), ('3', '201410141358', '2'), ('2', '201410141358', '1'), ('1', '201410141358', '1'), ('9', '201410141358', '2'), ('4', '201410141359', '2'), ('2', '201410141513', '2'), ('6', '201410141513', '1'), ('3', '201410141521', '1'), ('3', '201410141523', '1'), ('3', '201410141524', '1'), ('6', '201410141549', '1'), ('0', '201410141525', '1'), ('7', '201410141550', '1'), ('5', '201410141550', '1'), ('8', '201410141550', '1'), ('6', '201410141618', '1'), ('6', '201410141619', '2'), ('7', '201410141620', '1'), ('7', '201410141621', '1'), ('6', '201410141747', '1'), ('0', '201410141729', '1'), ('6', '201410141750', '1'), ('8', '201410141748', '1'), ('3', '201410141751', '1'), ('2', '201410141751', '1'), ('7', '201410141751', '1'), ('6', '201410141751', '1'), ('9', '201410141751', '1'), ('8', '201410141751', '1'), ('6', '201410141752', '3'), ('4', '201410141752', '1'), ('6', '201410141813', '1'), ('3', '201410141814', '1'), ('7', '201410141814', '1'), ('6', '201410141814', '2'), ('5', '201410141814', '1'), ('6', '201410142104', '1'), ('5', '201410142104', '1'), ('2', '201410142106', '1'), ('9', '201410142106', '1'), ('6', '201410151535', '1'), ('0', '201410151705', '1'), ('0', '201410151736', '1'), ('2', '201410161622', '1'), ('6', '201410162015', '1'), ('8', '201410161623', '1'), ('6', '201410171148', '1'), ('2', '201410162016', '2'), ('6', '201410171149', '1'), ('2', '201410171311', '1'), ('2', '201410180040', '1'), ('6', '201410181131', '1'), ('6', '201410211248', '1'), ('6', '201410211305', '2'), ('7', '201410211306', '1'), ('6', '201410211306', '1'), ('6', '201410211307', '1'), ('2', '201410211308', '1'), ('7', '201410211308', '1'), ('6', '201410211813', '1'), ('0', '201410211848', '1'), ('0', '201410211903', '1'), ('6', '201410231519', '1'), ('5', '201410231734', '1'), ('6', '201410241125', '1'), ('7', '201410241126', '1'), ('6', '201410241127', '1'), ('0', '201410241151', '2');
COMMIT;

-- ----------------------------
--  Table structure for `gd_stat_program`
-- ----------------------------
DROP TABLE IF EXISTS `gd_stat_program`;
CREATE TABLE `gd_stat_program` (
  `rid` int(11) NOT NULL DEFAULT '0',
  `pid` int(11) NOT NULL DEFAULT '0',
  `program_time` varchar(8) NOT NULL DEFAULT '',
  `stat_time` varchar(12) NOT NULL DEFAULT '',
  `cnt` int(11) DEFAULT NULL,
  PRIMARY KEY (`rid`,`pid`,`program_time`,`stat_time`)
) ENGINE=MyISAM DEFAULT CHARSET=utf8;

-- ----------------------------
--  Records of `gd_stat_program`
-- ----------------------------
BEGIN;
INSERT INTO `gd_stat_program` VALUES ('0', '0', '20140101', '201409241810', '0'), ('0', '0', '20140101', '201409241815', '0'), ('6', '0', '00000000', '201409241819', '0'), ('0', '0', '20140101', '201409241816', '0'), ('0', '0', '00000000', '201409241817', '0'), ('0', '0', '20140101', '201409241817', '0'), ('6', '79', '20140924', '201409241825', '0'), ('6', '78', '20140924', '201409241830', '1'), ('6', '78', '20140924', '201409241834', '1'), ('0', '0', '20140101', '201409241839', '1'), ('6', '78', '20140924', '201409241840', '1'), ('6', '79', '20140924', '201409241843', '1'), ('6', '79', '20140924', '201409241844', '1'), ('6', '79', '20140924', '201409241845', '1'), ('6', '79', '20140924', '201409241848', '2'), ('6', '79', '20140924', '201409241849', '1'), ('6', '79', '20140924', '201409241850', '1'), ('6', '79', '20140924', '201409241851', '3'), ('6', '79', '20140924', '201409241853', '1'), ('6', '79', '20140924', '201409241854', '1'), ('6', '79', '20140924', '201409241855', '2'), ('6', '79', '20140924', '201409241856', '2'), ('6', '79', '20140924', '201409241857', '2'), ('6', '79', '20140924', '201409241858', '1'), ('6', '79', '20140924', '201409241859', '1'), ('6', '79', '20140924', '201409241900', '1'), ('6', '79', '20140924', '201409241901', '1'), ('6', '79', '20140924', '201409241902', '1'), ('6', '79', '20140924', '201409241903', '1'), ('6', '78', '20140924', '201409241906', '1'), ('7', '171', '20140924', '201409241907', '1'), ('5', '291', '20140925', '201409251350', '1'), ('6', '79', '20140925', '201409251355', '1'), ('6', '80', '20140925', '201409251355', '1'), ('6', '79', '20140925', '201409251357', '1'), ('5', '66', '20140925', '201409251357', '1'), ('6', '83', '20140925', '201409251359', '1'), ('7', '100', '20140925', '201409251403', '1'), ('8', '230', '20140925', '201409251415', '1'), ('7', '171', '20140925', '201409251407', '1'), ('8', '230', '20140925', '201409251416', '1'), ('8', '230', '20140925', '201409251417', '2'), ('8', '230', '20140925', '201409251426', '1'), ('6', '79', '20140925', '201409251434', '1'), ('6', '79', '20140925', '201409251435', '1'), ('6', '80', '20140925', '201409251435', '1'), ('6', '80', '20140925', '201409251437', '1'), ('5', '399', '20140925', '201409251450', '1'), ('6', '0', '00000000', '201409251452', '1'), ('6', '78', '20140924', '201409251507', '1'), ('6', '78', '20140925', '201409251507', '1'), ('6', '78', '20140924', '201409251508', '4'), ('6', '78', '20140925', '201409251509', '1'), ('6', '78', '20140925', '201409251511', '1'), ('6', '78', '20140925', '201409251513', '1'), ('5', '399', '20140925', '201409251544', '1'), ('6', '78', '20140925', '201409260053', '1'), ('6', '78', '20140925', '201409260056', '2'), ('6', '78', '20140925', '201409260101', '1'), ('3', '144', '20140926', '201409260925', '1'), ('3', '141', '20140926', '201409260925', '2'), ('3', '44', '20140926', '201409260925', '2'), ('3', '141', '20140926', '201409260924', '1'), ('3', '141', '20140926', '201409260926', '1'), ('3', '44', '20140926', '201409260926', '1'), ('3', '44', '20140925', '201409260926', '1'), ('6', '79', '20140926', '201409260944', '1'), ('6', '78', '20140926', '201409260945', '4'), ('6', '78', '20140926', '201409260946', '1'), ('6', '78', '20140926', '201409261150', '1'), ('6', '78', '20140926', '201409261151', '1'), ('6', '78', '20140926', '201409261154', '3'), ('6', '78', '20140926', '201409261152', '1'), ('4', '59', '20140925', '201409261206', '1'), ('6', '78', '20140925', '201409261155', '1'), ('6', '79', '20140926', '201409261155', '2'), ('5', '66', '20140926', '201409261155', '1'), ('4', '61', '20140926', '201409261207', '2'), ('5', '399', '20140926', '201409261210', '1'), ('6', '78', '20140926', '201409261336', '1'), ('6', '78', '20140926', '201409261402', '1'), ('6', '78', '20140926', '201409261337', '1'), ('6', '78', '20140926', '201409261403', '1'), ('5', '399', '20140926', '201409261750', '1'), ('6', '79', '20140928', '201409280955', '2'), ('0', '0', '20140101', '201409281244', '1'), ('5', '399', '20140929', '201409291315', '1'), ('5', '399', '20140929', '201409291320', '1'), ('6', '78', '20140929', '201409291330', '12'), ('6', '78', '20140929', '201409291331', '1'), ('6', '78', '20140929', '201409291332', '5'), ('6', '78', '20140929', '201409291335', '1'), ('6', '78', '20140929', '201409291337', '5'), ('6', '78', '20140929', '201409291338', '2'), ('6', '78', '20140929', '201409291339', '2'), ('5', '399', '20140929', '201409291339', '4'), ('5', '399', '20140929', '201409291640', '1'), ('5', '399', '20140929', '201409291658', '1'), ('7', '171', '20140929', '201409291700', '1'), ('7', '213', '20140929', '201409291700', '1'), ('7', '101', '20140929', '201409291702', '1'), ('7', '213', '20140929', '201409291702', '3'), ('7', '213', '20140929', '201409291704', '1'), ('7', '213', '20140929', '201409291705', '1'), ('7', '213', '20140929', '201409291708', '1'), ('7', '213', '20140929', '201409291711', '1'), ('7', '213', '20140929', '201409291712', '2'), ('7', '213', '20140929', '201409291720', '1'), ('7', '213', '20140929', '201409291721', '1'), ('7', '213', '20140929', '201409291727', '1'), ('7', '213', '20140929', '201409291731', '2'), ('7', '213', '20140929', '201409291732', '1'), ('2', '19', '20140928', '201409292020', '2'), ('7', '213', '20140929', '201409292031', '1'), ('7', '171', '20140929', '201409292103', '2'), ('5', '399', '20140930', '201409301418', '1'), ('5', '291', '20140930', '201409301419', '1'), ('5', '399', '20140930', '201409301447', '1'), ('0', '0', '20140101', '201409301455', '1'), ('5', '399', '20140929', '201409301622', '1'), ('6', '79', '20140930', '201409301704', '3'), ('6', '78', '20140930', '201409301704', '1'), ('6', '78', '20140929', '201409301705', '1'), ('6', '79', '20140930', '201409301705', '1'), ('6', '331', '20140929', '201409301705', '1'), ('6', '78', '20140930', '201409301705', '1'), ('5', '66', '20140929', '201409301707', '1'), ('6', '87', '20140930', '201409301708', '1'), ('5', '66', '20140930', '201409301710', '1'), ('5', '71', '20140930', '201409301710', '1'), ('8', '230', '20140930', '201409302228', '1'), ('5', '66', '20140929', '201409301718', '2'), ('8', '358', '20140929', '201409302229', '1'), ('6', '78', '20140930', '201409302234', '1'), ('9', '411', '20141001', '201410012221', '1'), ('6', '79', '20141005', '201410051444', '2'), ('6', '78', '20141006', '201410061103', '2'), ('6', '78', '20141006', '201410061213', '1'), ('6', '78', '20141006', '201410061214', '1'), ('6', '78', '20141006', '201410061724', '1'), ('5', '399', '20141006', '201410061724', '1'), ('8', '342', '20141006', '201410061724', '2'), ('5', '293', '20141007', '201410071246', '1'), ('5', '399', '20141006', '201410061725', '2'), ('5', '291', '20141007', '201410071413', '1'), ('5', '399', '20141007', '201410071413', '1'), ('5', '293', '20141007', '201410071247', '1'), ('5', '291', '20141007', '201410071247', '1'), ('5', '66', '20141007', '201410071247', '1'), ('5', '71', '20141007', '201410071414', '1'), ('5', '399', '20141007', '201410071827', '1'), ('5', '296', '20141007', '201410071827', '1'), ('7', '213', '20141007', '201410071830', '3'), ('6', '78', '20141006', '201410071847', '2'), ('6', '78', '20141006', '201410071848', '1'), ('5', '66', '20141007', '201410071849', '2'), ('5', '66', '20141007', '201410071850', '1'), ('2', '37', '20141007', '201410072000', '1'), ('5', '399', '20141008', '201410081458', '1'), ('5', '399', '20141008', '201410081459', '1'), ('5', '399', '20141008', '201410081503', '1'), ('5', '399', '20141008', '201410081504', '1'), ('5', '399', '20141008', '201410081507', '2'), ('5', '399', '20141008', '201410081508', '1'), ('5', '399', '20141008', '201410081510', '1'), ('5', '399', '20141008', '201410081511', '1'), ('5', '399', '20141008', '201410081517', '3'), ('5', '399', '20141008', '201410081518', '1'), ('5', '399', '20141008', '201410081521', '3'), ('5', '399', '20141008', '201410081523', '1'), ('5', '399', '20141008', '201410081524', '1'), ('5', '399', '20141008', '201410081525', '2'), ('5', '399', '20141008', '201410081526', '3'), ('5', '399', '20141008', '201410081527', '3'), ('5', '399', '20141008', '201410081530', '2'), ('6', '78', '20141008', '201410081837', '1'), ('7', '171', '20141008', '201410082010', '1'), ('0', '0', '00000000', '201410081909', '1'), ('7', '171', '20141008', '201410082011', '1'), ('7', '171', '20141008', '201410082012', '1'), ('7', '171', '20141008', '201410082018', '2'), ('7', '171', '20141008', '201410082020', '1'), ('7', '171', '20141008', '201410082022', '1'), ('7', '171', '20141008', '201410082021', '2'), ('7', '171', '20141008', '201410082023', '2'), ('7', '171', '20141008', '201410082232', '1'), ('4', '396', '20141008', '201410090136', '1'), ('9', '413', '20141009', '201410090945', '1'), ('9', '401', '20141008', '201410090945', '1'), ('9', '413', '20141009', '201410090946', '1'), ('9', '411', '20141009', '201410090946', '2'), ('9', '413', '20141009', '201410090947', '1'), ('9', '411', '20141009', '201410090947', '1'), ('9', '412', '20141009', '201410090947', '1'), ('9', '201', '20141009', '201410090948', '1'), ('1', '13', '20141008', '201410091353', '1'), ('1', '13', '20141008', '201410091356', '1'), ('5', '399', '20141009', '201410091403', '1'), ('6', '78', '20141009', '201410091413', '1'), ('8', '230', '20141009', '201410091736', '1'), ('7', '101', '20141009', '201410091737', '1'), ('6', '78', '20141009', '201410091741', '2'), ('5', '66', '20141009', '201410091740', '1'), ('6', '78', '20141009', '201410091740', '1'), ('6', '78', '20141009', '201410091742', '3'), ('6', '79', '20141009', '201410091742', '2'), ('6', '78', '20141009', '201410091743', '1'), ('5', '296', '20141009', '201410091743', '1'), ('6', '79', '20141009', '201410091743', '1'), ('6', '331', '20141009', '201410091743', '1'), ('6', '78', '20141009', '201410091745', '1'), ('6', '79', '20141009', '201410091745', '2'), ('6', '78', '20141009', '201410091744', '1'), ('6', '83', '20141009', '201410091758', '1'), ('6', '78', '20141009', '201410091758', '1'), ('6', '78', '20141009', '201410091746', '2'), ('6', '168', '20141008', '201410091759', '1'), ('6', '78', '20141009', '201410091810', '1'), ('6', '78', '20141009', '201410092102', '1'), ('6', '78', '20141009', '201410092103', '1'), ('6', '80', '20141008', '201410092103', '1'), ('6', '78', '20141009', '201410092118', '1'), ('6', '78', '20141009', '201410092122', '1'), ('6', '78', '20141009', '201410092124', '2'), ('6', '78', '20141009', '201410092128', '2'), ('7', '395', '20141009', '201410092147', '1'), ('6', '78', '20141009', '201410092147', '1'), ('1', '1', '20141009', '201410092150', '1'), ('1', '406', '20141009', '201410092150', '1'), ('1', '3', '20141009', '201410092150', '1'), ('1', '2', '20141009', '201410092203', '1'), ('4', '60', '20141009', '201410092223', '1'), ('6', '78', '20141009', '201410092322', '1'), ('9', '411', '20141009', '201410092326', '1'), ('1', '13', '20141009', '201410100721', '1'), ('2', '258', '20141010', '201410101252', '1'), ('7', '213', '20141010', '201410101254', '1'), ('9', '411', '20141010', '201410101539', '1'), ('5', '70', '20141010', '201410101546', '1'), ('7', '171', '20141011', '201410111624', '1'), ('7', '213', '20141011', '201410111625', '1'), ('7', '100', '20141011', '201410111625', '1'), ('6', '78', '20141011', '201410111632', '2'), ('5', '399', '20141011', '201410111634', '1'), ('6', '78', '20141011', '201410111634', '1'), ('5', '66', '20141011', '201410111728', '1'), ('2', '19', '20141011', '201410111729', '1'), ('1', '1', '20141011', '201410111729', '1'), ('0', '0', '00000000', '201410111752', '1'), ('0', '0', '00000000', '201410111811', '1'), ('6', '78', '20141011', '201410111816', '2'), ('1', '1', '20141011', '201410111831', '1'), ('4', '396', '20141010', '201410111832', '1'), ('1', '1', '20141011', '201410111832', '1'), ('2', '18', '20141012', '201410121113', '1'), ('0', '0', '00000000', '201410121132', '1'), ('5', '74', '20141012', '201410121356', '1'), ('6', '78', '20141013', '201410131626', '1'), ('6', '78', '20141013', '201410131640', '1'), ('6', '78', '20141013', '201410131639', '1'), ('6', '79', '20141013', '201410131641', '1'), ('6', '83', '20141013', '201410131641', '1'), ('6', '80', '20141013', '201410131641', '1'), ('6', '78', '20141013', '201410131641', '2'), ('6', '165', '20141013', '201410131641', '2'), ('5', '66', '20141013', '201410131641', '1'), ('6', '79', '20141013', '201410131642', '2'), ('6', '85', '20141013', '201410131642', '1'), ('6', '80', '20141013', '201410131642', '2'), ('6', '78', '20141013', '201410131642', '1'), ('6', '87', '20141013', '201410131642', '1'), ('6', '165', '20141013', '201410131642', '1'), ('6', '79', '20141013', '201410131643', '1'), ('6', '83', '20141013', '201410131643', '2'), ('6', '85', '20141013', '201410131643', '1'), ('6', '165', '20141013', '201410131643', '2'), ('6', '78', '20141013', '201410131644', '1'), ('6', '165', '20141013', '201410131644', '1'), ('6', '79', '20141013', '201410131645', '1'), ('6', '78', '20141013', '201410131645', '4'), ('6', '78', '20141013', '201410131646', '6'), ('6', '78', '20141013', '201410131647', '3'), ('6', '78', '20141013', '201410131648', '2'), ('6', '78', '20141013', '201410131649', '6'), ('6', '78', '20141013', '201410131650', '1'), ('6', '78', '20141013', '201410131654', '1'), ('6', '78', '20141013', '201410131651', '4'), ('6', '79', '20141013', '201410131655', '1'), ('6', '78', '20141012', '201410131655', '1'), ('6', '80', '20141013', '201410131655', '1'), ('6', '78', '20141013', '201410131655', '7'), ('6', '78', '20141013', '201410131656', '3'), ('6', '78', '20141013', '201410131657', '3'), ('6', '78', '20141013', '201410131658', '2'), ('7', '171', '20141013', '201410131659', '1'), ('6', '165', '20141013', '201410131701', '11'), ('6', '78', '20141013', '201410131700', '2'), ('8', '358', '20141013', '201410131702', '2'), ('6', '80', '20141013', '201410131702', '1'), ('6', '78', '20141013', '201410131702', '7'), ('6', '165', '20141013', '201410131702', '1'), ('6', '79', '20141013', '201410131705', '1'), ('6', '80', '20141013', '201410131705', '1'), ('6', '78', '20141013', '201410131705', '8'), ('6', '79', '20141013', '201410131706', '1'), ('6', '85', '20141013', '201410131706', '1'), ('6', '83', '20141013', '201410131706', '3'), ('6', '80', '20141013', '201410131706', '1'), ('6', '78', '20141013', '201410131706', '1'), ('6', '87', '20141013', '201410131706', '1'), ('6', '165', '20141013', '201410131706', '2'), ('6', '78', '20141013', '201410131708', '6'), ('6', '78', '20141013', '201410131709', '1'), ('6', '79', '20141013', '201410131710', '1'), ('6', '85', '20141013', '201410131710', '1'), ('6', '83', '20141013', '201410131710', '1'), ('6', '80', '20141013', '201410131710', '1'), ('6', '78', '20141013', '201410131710', '1'), ('6', '165', '20141013', '201410131710', '1'), ('6', '85', '20141013', '201410131711', '1'), ('6', '332', '20141013', '201410131711', '2'), ('6', '80', '20141013', '201410131712', '1'), ('6', '78', '20141013', '201410131715', '2'), ('0', '0', '00000000', '201410131717', '1'), ('6', '78', '20141013', '201410132049', '1'), ('6', '78', '20141013', '201410132114', '1'), ('2', '19', '20141014', '201410141022', '1'), ('6', '78', '20141013', '201410132213', '1'), ('2', '314', '20141014', '201410141023', '1'), ('2', '258', '20141014', '201410141023', '1'), ('6', '78', '20141014', '201410141056', '1'), ('6', '79', '20141014', '201410141106', '1'), ('6', '78', '20141014', '201410141106', '1'), ('6', '78', '20141014', '201410141246', '1'), ('5', '399', '20141014', '201410141251', '1'), ('6', '78', '20141014', '201410141253', '1'), ('6', '78', '20141014', '201410141254', '1'), ('6', '78', '20141014', '201410141257', '2'), ('6', '78', '20141014', '201410141256', '1'), ('6', '78', '20141014', '201410141258', '3'), ('6', '78', '20141014', '201410141259', '1'), ('6', '78', '20141014', '201410141315', '1'), ('5', '399', '20141014', '201410141327', '1'), ('6', '78', '20141014', '201410141328', '1'), ('6', '78', '20141014', '201410141336', '1'), ('5', '399', '20141014', '201410141339', '1'), ('5', '399', '20141014', '201410141341', '1'), ('5', '399', '20141014', '201410141342', '1'), ('5', '399', '20141014', '201410141343', '1'), ('5', '399', '20141014', '201410141345', '1'), ('5', '399', '20141014', '201410141347', '1'), ('5', '399', '20141014', '201410141346', '1'), ('6', '78', '20141014', '201410141348', '3'), ('6', '78', '20141014', '201410141349', '6'), ('6', '78', '20141014', '201410141352', '3'), ('6', '78', '20141014', '201410141351', '2'), ('6', '78', '20141014', '201410141353', '2'), ('6', '78', '20141014', '201410141354', '1'), ('6', '78', '20141014', '201410141355', '1'), ('6', '79', '20141014', '201410141359', '1'), ('6', '80', '20141014', '201410141359', '1'), ('6', '78', '20141014', '201410141359', '1'), ('6', '78', '20141014', '201410141401', '1'), ('6', '83', '20141014', '201410141400', '1'), ('6', '78', '20141014', '201410141400', '1'), ('6', '165', '20141014', '201410141400', '1'), ('5', '399', '20141014', '201410141402', '10'), ('5', '399', '20141014', '201410141403', '5'), ('6', '78', '20141014', '201410141403', '1'), ('6', '78', '20141014', '201410141404', '1'), ('6', '78', '20141014', '201410141405', '2'), ('6', '78', '20141014', '201410141406', '3'), ('6', '79', '20141014', '201410141408', '1'), ('6', '78', '20141014', '201410141408', '1'), ('6', '78', '20141014', '201410141528', '1'), ('6', '78', '20141014', '201410141539', '1'), ('6', '78', '20141014', '201410141540', '2'), ('6', '78', '20141014', '201410141542', '10'), ('6', '78', '20141014', '201410141541', '6'), ('6', '78', '20141014', '201410141543', '2'), ('6', '78', '20141014', '201410141544', '2'), ('6', '78', '20141014', '201410141545', '1'), ('6', '78', '20141014', '201410141548', '1'), ('3', '141', '20141014', '201410141550', '1'), ('6', '85', '20141014', '201410141550', '1'), ('6', '78', '20141014', '201410141550', '1'), ('6', '78', '20141014', '201410141551', '2'), ('6', '78', '20141014', '201410141552', '2'), ('6', '78', '20141014', '201410141553', '2'), ('6', '78', '20141014', '201410141554', '2'), ('6', '79', '20141014', '201410141555', '1'), ('6', '78', '20141014', '201410141555', '3'), ('6', '78', '20141014', '201410141556', '1'), ('6', '78', '20141014', '201410141557', '4'), ('6', '78', '20141014', '201410141558', '1'), ('6', '78', '20141014', '201410141559', '2'), ('6', '78', '20141014', '201410141603', '2'), ('6', '79', '20141014', '201410141607', '1'), ('6', '78', '20141014', '201410141608', '1'), ('6', '79', '20141014', '201410141609', '1'), ('6', '79', '20141014', '201410141610', '2'), ('6', '78', '20141014', '201410141610', '1'), ('5', '399', '20141014', '201410141612', '1'), ('6', '78', '20141014', '201410141615', '3'), ('6', '78', '20141014', '201410141617', '1'), ('6', '79', '20141014', '201410141618', '1'), ('6', '78', '20141014', '201410141618', '1'), ('6', '78', '20141014', '201410141625', '3'), ('6', '78', '20141014', '201410141643', '2'), ('6', '78', '20141014', '201410141644', '1'), ('6', '78', '20141014', '201410141645', '2'), ('6', '79', '20141014', '201410141649', '1'), ('6', '78', '20141014', '201410141649', '2'), ('6', '78', '20141014', '201410141647', '1'), ('6', '79', '20141014', '201410141650', '1'), ('5', '399', '20141014', '201410141650', '2'), ('6', '78', '20141014', '201410141650', '1'), ('5', '399', '20141014', '201410141654', '1'), ('6', '78', '20141014', '201410141654', '1'), ('6', '78', '20141014', '201410141651', '1'), ('6', '78', '20141014', '201410141655', '3'), ('6', '78', '20141014', '201410141656', '1'), ('6', '78', '20141014', '201410141657', '1'), ('6', '78', '20141014', '201410141658', '2'), ('6', '78', '20141014', '201410141700', '2'), ('6', '78', '20141014', '201410141659', '2'), ('6', '78', '20141014', '201410141701', '2'), ('6', '78', '20141014', '201410141702', '1'), ('6', '78', '20141014', '201410141710', '2'), ('3', '144', '20141014', '201410141711', '3'), ('3', '144', '20141014', '201410141712', '6'), ('3', '144', '20141014', '201410141716', '11'), ('6', '78', '20141014', '201410141721', '3'), ('6', '78', '20141014', '201410141727', '2'), ('6', '78', '20141014', '201410141729', '1'), ('6', '78', '20141014', '201410141730', '1'), ('6', '165', '20141014', '201410141731', '1'), ('6', '78', '20141014', '201410141734', '3'), ('6', '83', '20141014', '201410141735', '1'), ('5', '399', '20141014', '201410141736', '1'), ('5', '399', '20141014', '201410141737', '2'), ('6', '78', '20141014', '201410141737', '1'), ('6', '78', '20141014', '201410141743', '1'), ('6', '85', '20141014', '201410141738', '1'), ('6', '79', '20141014', '201410141744', '1'), ('4', '59', '20141014', '201410141748', '1'), ('6', '80', '20141014', '201410141748', '1'), ('6', '78', '20141014', '201410141748', '3'), ('6', '165', '20141014', '201410141748', '1'), ('4', '61', '20141014', '201410141748', '1'), ('3', '141', '20141014', '201410141749', '1'), ('3', '45', '20141014', '201410141749', '1'), ('4', '61', '20141014', '201410141749', '1'), ('6', '79', '20141014', '201410141752', '1'), ('6', '80', '20141014', '201410141752', '1'), ('6', '78', '20141014', '201410141752', '1'), ('6', '78', '20141014', '201410141751', '1'), ('7', '100', '20141014', '201410141753', '1'), ('5', '399', '20141014', '201410141753', '3'), ('6', '165', '20141014', '201410141753', '1'), ('7', '171', '20141014', '201410141753', '1'), ('5', '291', '20141014', '201410141753', '1'), ('5', '399', '20141014', '201410141754', '1'), ('6', '78', '20141014', '201410141754', '1'), ('5', '399', '20141014', '201410141758', '3'), ('5', '399', '20141014', '201410141759', '1'), ('5', '399', '20141014', '201410141800', '1'), ('5', '399', '20141014', '201410141802', '1'), ('6', '80', '20141014', '201410141803', '1'), ('5', '399', '20141014', '201410141808', '1'), ('5', '399', '20141014', '201410141810', '1'), ('5', '399', '20141014', '201410141809', '1'), ('6', '78', '20141014', '201410141811', '3'), ('5', '399', '20141014', '201410141812', '1'), ('5', '66', '20141014', '201410141815', '1'), ('6', '79', '20141014', '201410141815', '1'), ('5', '399', '20141014', '201410141815', '1'), ('6', '78', '20141014', '201410141815', '1'), ('6', '165', '20141014', '201410141815', '1'), ('2', '262', '20141014', '201410141816', '1'), ('2', '18', '20141014', '201410141816', '1'), ('7', '171', '20141014', '201410141816', '2'), ('5', '291', '20141014', '201410141816', '1'), ('2', '19', '20141014', '201410141817', '1'), ('3', '144', '20141014', '201410141817', '1'), ('7', '213', '20141014', '201410141817', '1'), ('3', '49', '20141014', '201410141818', '1'), ('6', '79', '20141014', '201410142105', '1'), ('6', '165', '20141014', '201410142105', '1'), ('7', '171', '20141014', '201410142107', '1'), ('6', '78', '20141017', '201410171149', '1'), ('6', '78', '20141021', '201410211305', '1'), ('5', '399', '20141023', '201410231906', '2'), ('5', '399', '20141023', '201410231902', '1'), ('5', '399', '20141023', '201410231907', '2'), ('5', '399', '20141023', '201410231911', '1'), ('5', '399', '20141023', '201410231913', '1'), ('5', '399', '20141023', '201410231914', '1'), ('5', '399', '20141023', '201410231915', '1'), ('5', '399', '20141023', '201410231920', '1'), ('5', '399', '20141024', '201410241312', '3'), ('5', '399', '20141024', '201410241313', '1'), ('5', '399', '20141024', '201410241315', '1'), ('5', '399', '20141024', '201410241314', '2'), ('5', '399', '20141024', '201410241316', '2'), ('5', '399', '20141024', '201410241318', '2'), ('5', '399', '20141024', '201410241319', '1'), ('5', '399', '20141024', '201410241320', '1'), ('5', '399', '20141024', '201410241322', '1'), ('5', '399', '20141024', '201410241326', '1'), ('5', '399', '20141024', '201410241332', '1'), ('5', '399', '20141024', '201410241333', '1'), ('5', '399', '20141024', '201410241338', '1'), ('5', '399', '20141024', '201410241339', '1'), ('5', '399', '20141024', '201410241346', '1'), ('5', '399', '20141024', '201410241351', '1'), ('5', '399', '20141024', '201410241352', '1'), ('5', '399', '20141024', '201410241357', '1'), ('5', '66', '20141024', '201410241357', '1'), ('7', '171', '20141024', '201410241416', '2'), ('7', '213', '20141023', '201410241416', '1'), ('7', '395', '20141023', '201410241416', '1'), ('7', '213', '20141024', '201410241416', '3'), ('6', '78', '20141024', '201410241422', '1'), ('6', '78', '20141024', '201410241423', '1'), ('6', '78', '20141023', '201410241429', '1'), ('6', '78', '20141024', '201410241430', '1'), ('6', '78', '20141024', '201410241437', '1'), ('0', '0', '00000000', '201410241444', '1'), ('6', '78', '20141024', '201410241451', '1'), ('6', '78', '20141024', '201410241456', '1'), ('6', '78', '20141024', '201410241458', '1'), ('6', '78', '20141024', '201410241500', '1'), ('6', '78', '20141024', '201410241501', '1'), ('6', '78', '20141024', '201410241503', '2'), ('6', '78', '20141024', '201410241504', '3'), ('6', '78', '20141024', '201410241506', '1'), ('6', '78', '20141024', '201410241505', '2'), ('6', '78', '20141024', '201410241511', '1'), ('6', '78', '20141024', '201410241507', '4'), ('6', '78', '20141024', '201410241512', '2'), ('6', '78', '20141024', '201410241513', '1'), ('6', '78', '20141024', '201410241514', '1'), ('6', '78', '20141024', '201410241515', '2'), ('6', '78', '20141024', '201410241521', '3'), ('6', '78', '20141024', '201410241522', '4'), ('6', '78', '20141024', '201410241525', '2'), ('6', '78', '20141024', '201410241715', '1'), ('6', '78', '20141027', '201410271348', '1'), ('6', '78', '20141027', '201410271349', '1'), ('6', '78', '20141027', '201410271350', '1'), ('6', '78', '20141027', '201410271358', '2'), ('6', '78', '20141027', '201410271411', '1'), ('6', '78', '20141027', '201410271448', '1'), ('6', '78', '20141027', '201410271449', '1'), ('6', '79', '20141027', '201410271449', '1'), ('0', '0', '00000000', '201410271450', '1'), ('6', '78', '20141027', '201410271503', '1'), ('6', '78', '20141027', '201410271508', '2'), ('0', '0', '00000000', '201410271515', '1'), ('6', '78', '20141027', '201410271535', '1'), ('6', '78', '20141027', '201410271600', '1'), ('6', '78', '20141031', '201410311411', '7'), ('6', '78', '20141031', '201410311413', '1'), ('6', '78', '20141031', '201410311414', '3'), ('6', '78', '20141031', '201410311415', '4'), ('6', '78', '20141031', '201410311416', '2'), ('6', '78', '20141031', '201410311417', '6'), ('6', '78', '20141031', '201410311418', '8'), ('6', '78', '20141031', '201410311419', '7'), ('6', '78', '20141031', '201410311427', '3'), ('6', '78', '20141031', '201410311428', '19'), ('6', '79', '20141031', '201410311429', '2'), ('6', '79', '20141031', '201410311430', '13'), ('6', '79', '20141031', '201410311432', '1'), ('6', '79', '20141031', '201410311433', '13'), ('6', '79', '20141031', '201410311434', '2'), ('0', '0', '00000000', '201410311515', '1'), ('6', '78', '20141031', '201410311654', '1'), ('6', '78', '20141031', '201410311710', '1'), ('6', '78', '20141031', '201410311713', '1'), ('6', '78', '20141031', '201410311715', '1'), ('6', '78', '20141031', '201410311724', '1'), ('6', '78', '20141031', '201410311725', '1'), ('6', '78', '20141031', '201410311727', '2'), ('6', '78', '20141031', '201410311728', '2'), ('6', '78', '20141031', '201410311729', '3'), ('6', '78', '20141031', '201410311732', '2'), ('6', '78', '20141031', '201410311735', '2'), ('6', '78', '20141031', '201410311736', '1'), ('6', '78', '20141031', '201410311738', '3'), ('6', '78', '20141031', '201410311739', '2'), ('6', '78', '20141031', '201410311740', '1'), ('5', '399', '20141031', '201410311744', '2'), ('5', '66', '20141031', '201410311744', '4'), ('6', '78', '20141031', '201410311746', '1'), ('6', '78', '20141031', '201410311747', '1'), ('6', '78', '20141031', '201410311748', '1'), ('7', '171', '20141031', '201410311752', '4'), ('6', '78', '20141031', '201410311753', '2'), ('6', '78', '20141031', '201410311754', '3'), ('6', '79', '20141031', '201410311754', '1'), ('6', '78', '20141031', '201410311755', '2'), ('6', '79', '20141031', '201410311755', '1'), ('5', '399', '20141031', '201410311755', '1'), ('5', '66', '20141031', '201410311755', '1'), ('5', '293', '20141031', '201410311756', '1'), ('5', '399', '20141031', '201410311756', '1'), ('6', '78', '20141031', '201410311757', '2'), ('6', '78', '20141031', '201410311758', '1'), ('6', '78', '20141031', '201410311759', '1'), ('6', '78', '20141031', '201410311800', '1'), ('6', '78', '20141031', '201410311803', '1'), ('5', '399', '20141031', '201410311804', '1'), ('6', '78', '20141031', '201410311805', '1'), ('6', '78', '20141031', '201410311806', '4'), ('6', '78', '20141031', '201410311807', '1'), ('6', '83', '20141031', '201410311807', '4'), ('5', '399', '20141031', '201410311813', '1'), ('6', '78', '20141031', '201410311814', '2'), ('6', '78', '20141031', '201410311816', '2'), ('6', '78', '20141031', '201410311818', '1'), ('1', '406', '20141031', '201410311818', '1'), ('6', '78', '20141031', '201410311819', '1'), ('1', '406', '20141031', '201410311820', '1'), ('1', '268', '20141031', '201410311820', '1'), ('1', '406', '20141031', '201410311821', '1'), ('3', '144', '20141031', '201410311828', '1'), ('1', '1', '20141031', '201410311830', '1'), ('3', '144', '20141031', '201410311831', '1'), ('3', '144', '20141031', '201410311832', '1'), ('2', '19', '20141031', '201410311832', '2'), ('2', '19', '20141031', '201410311834', '1'), ('2', '19', '20141031', '201410311835', '1'), ('2', '19', '20141031', '201410311836', '1'), ('2', '19', '20141031', '201410311837', '1'), ('2', '19', '20141031', '201410311838', '4'), ('2', '19', '20141031', '201410311840', '2'), ('2', '19', '20141031', '201410311841', '4'), ('2', '19', '20141031', '201410311842', '1'), ('2', '19', '20141031', '201410311844', '2'), ('2', '262', '20141031', '201410311845', '2'), ('2', '262', '20141031', '201410311847', '6'), ('2', '262', '20141031', '201410311848', '3'), ('2', '262', '20141031', '201410311849', '3'), ('2', '262', '20141031', '201410311850', '2'), ('2', '262', '20141031', '201410311856', '1'), ('2', '262', '20141031', '201410311851', '4'), ('2', '262', '20141031', '201410311857', '4'), ('1', '1', '20141103', '201411031117', '4'), ('1', '1', '20141103', '201411031131', '1'), ('1', '2', '20141103', '201411031136', '1'), ('1', '2', '20141103', '201411031140', '4'), ('1', '2', '20141103', '201411031141', '5'), ('1', '2', '20141103', '201411031142', '1'), ('1', '2', '20141103', '201411031143', '2'), ('1', '2', '20141103', '201411031144', '5'), ('1', '2', '20141103', '201411031145', '3'), ('1', '2', '20141103', '201411031146', '3'), ('1', '3', '20141103', '201411031147', '2'), ('1', '3', '20141103', '201411031148', '2'), ('1', '3', '20141103', '201411031149', '1'), ('1', '3', '20141103', '201411031150', '1'), ('1', '3', '20141103', '201411031152', '6'), ('1', '3', '20141103', '201411031153', '4'), ('1', '3', '20141103', '201411031154', '6'), ('1', '3', '20141103', '201411031158', '1'), ('1', '2', '20141103', '201411031200', '1'), ('1', '2', '20141103', '201411031207', '2'), ('1', '2', '20141103', '201411031240', '1'), ('1', '2', '20141103', '201411031334', '8'), ('1', '2', '20141103', '201411031335', '6'), ('1', '2', '20141103', '201411031339', '1'), ('1', '2', '20141103', '201411031336', '6'), ('1', '2', '20141103', '201411031340', '7'), ('1', '2', '20141103', '201411031343', '4'), ('1', '2', '20141103', '201411031346', '1'), ('1', '1', '20141103', '201411031347', '3'), ('1', '1', '20141103', '201411031348', '2'), ('1', '1', '20141103', '201411031349', '4'), ('1', '1', '20141103', '201411031350', '3'), ('1', '1', '20141103', '201411031354', '4'), ('1', '1', '20141103', '201411031404', '15'), ('1', '1', '20141103', '201411031355', '6'), ('1', '2', '20141103', '201411031405', '16'), ('1', '1', '20141103', '201411031405', '4'), ('2', '19', '20141103', '201411031411', '1'), ('1', '1', '20141103', '201411031408', '12'), ('3', '144', '20141031', '201411031414', '1'), ('1', '1', '20141103', '201411031419', '1'), ('1', '1', '20141103', '201411031420', '2'), ('1', '1', '20141103', '201411031421', '2'), ('2', '19', '20141103', '201411031422', '1'), ('2', '262', '20141103', '201411031424', '2'), ('2', '19', '20141103', '201411031426', '2'), ('2', '19', '20141103', '201411031427', '3'), ('1', '1', '20141103', '201411031427', '2'), ('2', '262', '20141103', '201411031456', '2'), ('2', '262', '20141103', '201411031457', '1'), ('1', '2', '20141103', '201411031502', '1'), ('2', '19', '20141103', '201411031500', '2'), ('1', '2', '20141103', '201411031500', '1'), ('1', '2', '20141103', '201411031503', '1'), ('1', '1', '20141103', '201411031503', '3'), ('2', '262', '20141103', '201411031505', '1'), ('4', '65', '20141103', '201411031506', '1'), ('3', '44', '20141103', '201411031507', '1'), ('4', '65', '20141103', '201411031507', '1'), ('3', '45', '20141103', '201411031508', '2'), ('2', '19', '20141103', '201411031510', '1'), ('2', '262', '20141103', '201411031514', '1'), ('1', '1', '20141103', '201411031514', '1'), ('2', '262', '20141103', '201411031511', '1'), ('1', '1', '20141103', '201411031515', '2'), ('1', '1', '20141103', '201411051520', '1'), ('3', '141', '20141103', '201411032124', '1'), ('3', '144', '20141103', '201411032124', '1'), ('1', '1', '20141103', '201411051521', '2'), ('1', '1', '20141106', '201411061039', '2'), ('1', '1', '20141103', '201411061039', '1'), ('2', '19', '20141106', '201411061040', '1'), ('2', '262', '20141103', '201411061041', '1'), ('1', '1', '20141106', '201411061041', '1'), ('1', '1', '20141106', '201411061044', '1'), ('1', '1', '20141106', '201411061042', '2'), ('1', '1', '20141106', '201411061045', '2'), ('1', '1', '20141106', '201411061046', '1'), ('2', '19', '20141106', '201411061046', '2'), ('2', '19', '20141106', '201411061047', '1'), ('4', '65', '20141106', '201411061057', '1'), ('4', '65', '20141106', '201411061058', '1'), ('2', '208', '20141106', '201411061059', '1'), ('1', '1', '20141106', '201411061059', '1'), ('2', '19', '20141106', '201411061059', '1'), ('2', '208', '20141106', '201411061101', '1'), ('2', '19', '20141106', '201411061106', '2'), ('2', '19', '20141106', '201411061111', '1'), ('2', '19', '20141106', '201411061112', '1'), ('4', '65', '20141106', '201411061121', '1'), ('2', '208', '20141106', '201411061122', '1'), ('2', '208', '20141106', '201411061123', '1'), ('2', '208', '20141106', '201411061124', '1'), ('1', '1', '20141106', '201411061125', '1'), ('1', '1', '20141106', '201411061127', '1'), ('1', '2', '20141106', '201411061127', '1'), ('2', '208', '20141106', '201411061130', '1'), ('2', '19', '20141106', '201411061131', '1'), ('2', '19', '20141106', '201411061132', '1'), ('0', '0', '00000000', '201411061205', '1'), ('0', '0', '00000000', '201411061224', '1'), ('2', '19', '20141106', '201411061359', '1'), ('1', '3', '20141106', '201411061422', '1'), ('1', '1', '20141106', '201411061422', '1'), ('1', '2', '20141106', '201411061422', '1'), ('2', '208', '20141106', '201411062205', '1'), ('2', '19', '20141106', '201411062205', '1'), ('4', '65', '20141106', '201411062206', '1'), ('4', '65', '20141106', '201411062207', '1'), ('1', '1', '20141106', '201411062236', '1'), ('2', '18', '20141107', '201411071104', '1'), ('1', '1', '20141107', '201411071105', '1'), ('2', '208', '20141107', '201411071105', '1'), ('1', '2', '20141107', '201411071106', '1'), ('1', '406', '20141107', '201411071106', '1'), ('9', '415', '20141107', '201411071107', '1'), ('9', '274', '20141106', '201411071107', '1'), ('2', '19', '20141107', '201411071107', '1'), ('3', '144', '20141107', '201411071234', '1'), ('3', '144', '20141107', '201411071316', '1'), ('2', '19', '20141111', '201411111242', '1'), ('1', '1', '20141117', '201411171328', '1'), ('1', '1', '20141117', '201411171329', '1'), ('1', '268', '20141117', '201411171537', '1'), ('1', '2', '20141117', '201411180941', '1'), ('1', '2', '20141118', '201411180942', '1'), ('5', '291', '20141120', '201411201715', '1'), ('2', '19', '20141120', '201411201852', '1'), ('2', '262', '20141120', '201411201853', '1'), ('3', '141', '20141120', '201411201859', '1'), ('3', '144', '20141120', '201411201859', '1'), ('2', '208', '20141121', '201411211702', '1'), ('3', '141', '20141121', '201411211705', '1'), ('2', '262', '20141121', '201411211809', '1'), ('4', '65', '20141121', '201411212057', '1'), ('8', '342', '20141121', '201411212107', '1'), ('4', '65', '20141121', '201411212107', '1'), ('8', '344', '20141120', '201411212109', '1'), ('4', '145', '20141122', '201411220919', '1'), ('4', '65', '20141122', '201411220919', '1'), ('0', '0', '00000000', '201411221033', '1'), ('0', '0', '00000000', '201411221040', '1'), ('3', '144', '20141124', '201411241128', '1'), ('5', '399', '20141124', '201411241230', '1'), ('2', '19', '20141124', '201411241238', '1'), ('2', '262', '20141124', '201411241239', '1'), ('2', '19', '20141124', '201411241239', '1'), ('2', '19', '20141124', '201411241240', '1'), ('1', '2', '20141124', '201411241248', '2'), ('1', '2', '20141124', '201411241249', '1'), ('1', '2', '20141124', '201411241253', '2'), ('1', '406', '20141124', '201411241253', '1'), ('1', '406', '20141124', '201411241254', '1'), ('1', '406', '20141124', '201411241255', '1'), ('2', '262', '20141124', '201411241257', '1'), ('2', '262', '20141124', '201411241258', '1'), ('2', '262', '20141124', '201411241259', '2'), ('2', '262', '20141124', '201411241300', '1'), ('2', '262', '20141124', '201411241302', '1'), ('2', '208', '20141124', '201411241303', '1'), ('2', '262', '20141124', '201411241304', '1'), ('2', '262', '20141124', '201411241305', '6'), ('2', '262', '20141124', '201411241307', '1'), ('2', '262', '20141124', '201411241310', '1'), ('2', '262', '20141124', '201411241311', '1'), ('2', '262', '20141124', '201411241314', '2'), ('2', '262', '20141124', '201411241315', '1'), ('2', '262', '20141124', '201411241316', '1'), ('2', '262', '20141124', '201411241317', '1'), ('2', '262', '20141124', '201411241318', '1'), ('2', '19', '20141124', '201411241318', '1'), ('2', '262', '20141124', '201411241320', '1'), ('2', '19', '20141124', '201411241323', '1'), ('2', '262', '20141124', '201411241324', '2'), ('3', '144', '20141126', '201411261944', '1'), ('1', '409', '20141127', '201411271143', '1'), ('1', '2', '20141127', '201411272323', '1'), ('1', '1', '20141127', '201411272329', '1'), ('0', '0', '00000000', '201411280013', '2'), ('2', '19', '20141128', '201411280130', '1'), ('6', '80', '20141127', '201411280148', '1'), ('1', '1', '20141127', '201411280325', '1'), ('1', '1', '20141127', '201411280421', '1'), ('0', '0', '00000000', '201411280615', '1'), ('1', '268', '20141128', '201411281346', '1'), ('1', '7', '20141129', '201411292103', '1'), ('2', '208', '20141129', '201411292201', '1'), ('5', '296', '20141129', '201411292202', '1'), ('5', '74', '20141129', '201411292203', '1'), ('5', '291', '20141129', '201411292203', '1'), ('5', '293', '20141129', '201411292203', '1'), ('5', '66', '20141129', '201411292204', '1'), ('1', '2', '20141129', '201411292207', '1'), ('2', '19', '20141129', '201411292207', '1'), ('1', '1', '20141129', '201411292207', '1'), ('2', '208', '20141129', '201411292207', '2'), ('1', '4', '20141129', '201411292207', '1'), ('2', '19', '20141129', '201411292208', '1'), ('1', '7', '20141129', '201411292208', '1'), ('4', '61', '20141129', '201411292208', '1'), ('4', '145', '20141129', '201411292208', '1'), ('4', '65', '20141129', '201411292208', '1'), ('2', '19', '20141129', '201411292214', '1'), ('6', '79', '20141129', '201411292209', '1'), ('4', '62', '20141129', '201411292209', '1'), ('6', '380', '20141129', '201411292209', '1'), ('1', '1', '20141129', '201411292215', '1'), ('4', '65', '20141129', '201411292215', '1'), ('2', '262', '20141129', '201411292217', '2'), ('2', '19', '20141129', '201411292218', '1'), ('2', '208', '20141129', '201411292218', '1'), ('6', '78', '20141129', '201411292222', '1'), ('4', '65', '20141129', '201411292224', '1'), ('4', '65', '20141129', '201411292225', '1'), ('3', '144', '20141129', '201411292227', '1'), ('1', '1', '20141129', '201411292248', '1'), ('3', '141', '20141129', '201411292250', '1'), ('2', '19', '20141129', '201411300029', '1'), ('2', '20', '20141129', '201411300033', '1'), ('2', '19', '20141129', '201411300034', '1'), ('1', '406', '20141202', '201412021131', '1'), ('1', '3', '20141202', '201412021131', '1'), ('1', '1', '20141202', '201412021131', '2'), ('2', '208', '20141202', '201412021137', '1'), ('2', '19', '20141202', '201412021155', '1'), ('1', '3', '20141204', '201412041558', '1'), ('0', '0', '00000000', '201412041644', '1'), ('3', '44', '20141205', '201412051028', '1'), ('6', '165', '20141205', '201412051038', '1'), ('0', '0', '00000000', '201412051147', '1'), ('2', '262', '20141205', '201412051155', '1'), ('6', '98', '20141205', '201412061521', '1'), ('2', '19', '20141208', '201412081612', '1'), ('2', '22', '20141208', '201412081612', '1'), ('1', '409', '20141208', '201412081613', '1'), ('5', '296', '20141208', '201412082049', '1'), ('1', '13', '20141208', '201412091515', '1'), ('8', '347', '20141209', '201412100802', '1'), ('5', '296', '20141209', '201412100900', '1'), ('0', '0', '00000000', '201412100901', '1'), ('0', '0', '00000000', '201412100907', '1'), ('0', '0', '00000000', '201412101103', '1'), ('6', '83', '20141209', '201412101649', '1'), ('1', '13', '20141209', '201412101650', '1');
COMMIT;

-- ----------------------------
--  Table structure for `gd_user`
-- ----------------------------
DROP TABLE IF EXISTS `gd_user`;
CREATE TABLE `gd_user` (
  `openid` varchar(255) NOT NULL DEFAULT '',
  `nickname` varchar(255) DEFAULT NULL,
  `bindtype` int(11) DEFAULT NULL,
  `idno` varchar(50) DEFAULT NULL,
  `password` varchar(50) DEFAULT NULL,
  `subscribe` int(11) DEFAULT NULL,
  `sex` int(11) DEFAULT NULL,
  `language` varchar(50) DEFAULT NULL,
  `city` varchar(50) DEFAULT NULL,
  `province` varchar(50) DEFAULT NULL,
  `country` varchar(50) DEFAULT NULL,
  `headimgurl` varchar(1024) DEFAULT NULL,
  `subscribe_time` varchar(50) DEFAULT NULL,
  `grade` int(11) DEFAULT NULL,
  `phone` varchar(20) DEFAULT NULL,
  `idtype` int(3) DEFAULT NULL,
  `birthday` varchar(50) DEFAULT NULL,
  `status` int(3) DEFAULT '0',
  `createTime` varchar(50) DEFAULT NULL,
  `user_name` varchar(50) DEFAULT NULL,
  `bank_card` varchar(20) DEFAULT NULL,
  PRIMARY KEY (`openid`),
  KEY `idx_GD_USER_1` (`openid`),
  KEY `idx_GD_USER_2` (`grade`)
) ENGINE=MyISAM DEFAULT CHARSET=utf8;

-- ----------------------------
--  Records of `gd_user`
-- ----------------------------


-- ----------------------------
--  Table structure for `gd_user_rank`
-- ----------------------------
DROP TABLE IF EXISTS `gd_user_rank`;
CREATE TABLE `gd_user_rank` (
  `rank_id` tinyint(3) unsigned NOT NULL,
  `rank_name` varchar(30) NOT NULL COMMENT '等级名称',
  `min_points` int(10) unsigned NOT NULL DEFAULT '0',
  `max_points` int(10) unsigned NOT NULL,
  `discount` tinyint(3) unsigned NOT NULL DEFAULT '0' COMMENT '会员享受的折扣',
  `show_price` tinyint(1) unsigned NOT NULL DEFAULT '1' COMMENT '是否显示会员价格',
  PRIMARY KEY (`rank_id`)
) ENGINE=MyISAM DEFAULT CHARSET=utf8;

-- ----------------------------
--  Records of `gd_user_rank`
-- ----------------------------
BEGIN;
INSERT INTO `gd_user_rank` VALUES ('1', '普通会员', '0', '100', '100', '1'), ('2', '金卡会员', '100', '1000', '100', '1'), ('3', '白金会员', '1000', '5000', '100', '1'), ('4', '钻石会员', '5000', '10000000', '100', '1');
COMMIT;

-- ----------------------------
--  Table structure for `t_sys_area_info`
-- ----------------------------
DROP TABLE IF EXISTS `t_sys_area_info`;
CREATE TABLE `t_sys_area_info` (
  `ID` bigint(9) NOT NULL DEFAULT '0',
  `AREA_CODE` varchar(8) DEFAULT NULL,
  `AREA_NAME` varchar(20) DEFAULT NULL,
  `PROVINCE_NAME` varchar(20) DEFAULT NULL,
  PRIMARY KEY (`ID`)
) ENGINE=MyISAM DEFAULT CHARSET=utf8;

-- ----------------------------
--  Records of `t_sys_area_info`
-- ----------------------------
BEGIN;
INSERT INTO `t_sys_area_info` VALUES ('211', '211', '长春', '吉林'), ('212', '212', '吉林', '吉林'), ('213', '213', '白城', '吉林'), ('217', '217', '松原', '吉林'), ('214', '214', '白山', '吉林'), ('218', '218', '通化', '吉林'), ('215', '215', '辽源', '吉林'), ('216', '216', '四平', '吉林'), ('219', '219', '延边', '吉林');
COMMIT;

-- ----------------------------
--  Table structure for `t_sys_log`
-- ----------------------------
DROP TABLE IF EXISTS `t_sys_log`;
CREATE TABLE `t_sys_log` (
  `ID` bigint(9) NOT NULL DEFAULT '0',
  `USER_ID` varchar(20) DEFAULT NULL,
  `OP_TYPE` int(3) DEFAULT NULL,
  `REMARK` varchar(1000) DEFAULT NULL,
  `IP` varchar(20) DEFAULT NULL,
  `OP_TIME` varchar(14) DEFAULT NULL,
  `SYS_TYPE` int(3) DEFAULT NULL,
  `MODULE` varchar(20) DEFAULT NULL,
  PRIMARY KEY (`ID`)
) ENGINE=MyISAM DEFAULT CHARSET=utf8;

-- ----------------------------
--  Table structure for `t_sys_login_log`
-- ----------------------------
DROP TABLE IF EXISTS `t_sys_login_log`;
CREATE TABLE `t_sys_login_log` (
  `ID` bigint(9) NOT NULL DEFAULT '0',
  `USER_ID` bigint(9) DEFAULT NULL,
  `USER_CODE` varchar(50) DEFAULT NULL,
  `USER_NAME` varchar(50) DEFAULT NULL,
  `IP` varchar(15) DEFAULT NULL,
  `LOGIN_TIME` varchar(14) DEFAULT NULL,
  `SYS_TYPE` int(3) DEFAULT NULL,
  PRIMARY KEY (`ID`)
) ENGINE=MyISAM DEFAULT CHARSET=utf8;

-- ----------------------------
--  Table structure for `t_sys_logon_log`
-- ----------------------------
DROP TABLE IF EXISTS `t_sys_logon_log`;
CREATE TABLE `t_sys_logon_log` (
  `ID` bigint(9) NOT NULL DEFAULT '0',
  `USER_CODE` varchar(20) DEFAULT NULL,
  `LOGON_IP` varchar(20) DEFAULT NULL,
  `LOGON_TIME` varchar(14) DEFAULT NULL,
  `SUCCESS_TAG` char(1) DEFAULT NULL,
  `SYS_TYPE` varchar(2) DEFAULT NULL,
  `LOGIN_TIME` varchar(14) DEFAULT NULL,
  PRIMARY KEY (`ID`)
) ENGINE=MyISAM DEFAULT CHARSET=utf8;

-- ----------------------------
--  Records of `t_sys_logon_log`
-- ----------------------------
BEGIN;
INSERT INTO `t_sys_logon_log` VALUES ('138', 'system', '0:0:0:0:0:0:0:1', '20130220183444', '0', null, null);
COMMIT;

-- ----------------------------
--  Table structure for `t_sys_permission`
-- ----------------------------
DROP TABLE IF EXISTS `t_sys_permission`;
CREATE TABLE `t_sys_permission` (
  `id` bigint(9) NOT NULL AUTO_INCREMENT COMMENT '权限标识',
  `name` varchar(128) NOT NULL COMMENT '权限名',
  `instance` varchar(64) DEFAULT NULL COMMENT '操作对象',
  `actions` varchar(128) DEFAULT NULL COMMENT '操作权限',
  `group` varchar(64) DEFAULT NULL COMMENT '权限组',
  `create_time` timestamp NOT NULL DEFAULT '0000-00-00 00:00:00' ON UPDATE CURRENT_TIMESTAMP COMMENT '创建时间',
  `update_time` timestamp NULL DEFAULT NULL COMMENT '修改时间',
  PRIMARY KEY (`id`),
  UNIQUE KEY `name` (`name`) USING BTREE
) ENGINE=MyISAM AUTO_INCREMENT=1502 DEFAULT CHARSET=utf8 ROW_FORMAT=DYNAMIC COMMENT='应用权限定义表\r\n';

-- ----------------------------
--  Records of `t_sys_permission`
-- ----------------------------
BEGIN;
INSERT INTO `t_sys_permission` VALUES ('100', '用户管理', 'user', '*', '用户管理', '2015-05-19 17:35:23', '2015-05-19 17:42:58'), ('200', '角色管理', 'role', '*', '角色管理', '2015-05-19 17:35:32', '2015-05-19 17:43:08'), ('300', '会员管理', 'member', '*', '会员管理', '2015-05-19 17:35:42', '2015-05-19 17:43:18'), ('400', '微信菜单定制', 'wxmenu', '*', '微信菜单管理', '2015-05-19 17:35:39', '2015-05-19 17:43:15'), ('500', '自动回复管理', 'command', '*', '自动回复管理', '2015-05-19 17:35:35', '2015-05-19 17:43:10'), ('600', '图文管理', 'news', '*', '图文管理', '2015-05-19 17:35:27', '2015-05-19 17:43:02'), ('700', '栏目管理', 'articlecat', '*', '栏目管理', '2015-05-19 17:35:45', '2015-05-19 17:43:21'), ('800', '文章管理', 'article', '*', '文章管理', '2015-05-19 17:35:47', '2015-05-19 17:43:23'), ('900', '投票管理', 'questiontopic', '*', '投票管理', '2015-05-19 17:35:50', '2015-05-19 17:43:26'), ('1000', '抽奖管理', 'lottery', '*', '抽奖管理', '2015-05-19 17:35:53', '2015-05-19 17:43:28'), ('1100', '门店管理', 'shop', '*', '门店管理', '2015-05-19 17:35:56', '2015-05-19 17:43:31'), ('1200', '商品管理', 'goods', '*', '商品管理', '2015-05-19 17:35:58', '2015-05-19 17:43:34'), ('1300', '订单管理', 'order', '*', '订单管理', '2015-05-19 17:36:01', '2015-05-19 17:43:36'), ('101', '用户查看', 'user', 'view', '用户管理', '2015-05-19 17:35:20', '2015-05-19 17:42:55'), ('102', '用户添加', 'user', 'add', '用户管理', '2015-05-19 17:35:20', '2015-05-19 17:42:55'), ('103', '用户删除', 'user', 'delete', '用户管理', '2015-05-19 17:35:17', '2015-05-19 17:42:52'), ('104', '用户修改', 'user', 'edit', '用户管理', '2015-05-19 17:35:14', '2015-05-19 17:42:49'), ('201', '角色查看', 'role', 'view', '角色管理', '2015-05-19 17:35:20', '2015-05-19 17:42:55'), ('202', '角色添加', 'role', 'add', '角色管理', '2015-05-19 17:35:20', '2015-05-19 17:42:55'), ('203', '角色删除', 'role', 'delete', '角色管理', '2015-05-19 17:35:17', '2015-05-19 17:42:52'), ('204', '角色修改', 'role', 'edit', '角色管理', '2015-05-19 17:35:14', '2015-05-19 17:42:49'), ('601', '图文查看', 'news', 'view', '图文管理', '2015-05-19 17:35:20', '2015-05-19 17:42:55'), ('602', '图文添加', 'news', 'add', '图文管理', '2015-05-19 17:35:20', '2015-05-19 17:42:55'), ('603', '图文删除', 'news', 'delete', '图文管理', '2015-05-19 17:35:17', '2015-05-19 17:42:52'), ('604', '图文修改', 'news', 'edit', '图文管理', '2015-05-19 17:35:14', '2015-05-19 17:42:49'), ('701', '栏目查看', 'articlecat', 'view', '栏目管理', '2015-05-19 17:35:20', '2015-05-19 17:42:55'), ('702', '栏目添加', 'articlecat', 'add', '栏目管理', '2015-05-19 17:35:20', '2015-05-19 17:42:55'), ('703', '栏目删除', 'articlecat', 'delete', '栏目管理', '2015-05-19 17:35:17', '2015-05-19 17:42:52'), ('704', '栏目修改', 'articlecat', 'edit', '栏目管理', '2015-05-19 17:35:14', '2015-05-19 17:42:49'), ('801', '文章查看', 'article', 'view', '文章管理', '2015-05-19 17:35:11', '2015-05-19 17:42:46'), ('802', '文章添加', 'article', 'add', '文章管理', '2015-05-19 17:35:11', '2015-05-19 17:42:46'), ('803', '文章删除', 'article', 'delete', '文章管理', '2015-05-19 17:35:07', '2015-05-19 17:42:42'), ('804', '文章修改', 'article', 'edit', '文章管理', '2015-05-19 17:35:04', '2015-05-19 17:42:37'), ('1210', '商品属性扩展', 'attr', '*', '商品属性扩展', '2015-05-19 17:35:58', '2015-05-19 17:43:34'), ('610', '文件上传', 'file', '*', '文件上传', '2015-05-19 17:35:27', '2015-05-19 17:43:02'), ('910', '投票问题', 'question', '*', '投票管理', '2015-05-19 17:35:50', '2015-05-19 17:43:26'), ('920', '投票选项', 'questionanswer', '*', '投票管理', '2015-05-19 17:35:50', '2015-05-19 17:43:26'), ('620', '媒体管理', 'media', '*', '媒体管理', '2015-05-19 17:35:27', '2015-05-19 17:43:02'), ('630', '微信消息', 'wxmsg', '*', '微信消息', '2015-05-19 17:35:27', '2015-05-19 17:43:02'), ('1400', '红包管理', 'redpack', '*', '红包管理', '2015-05-19 17:36:01', '2015-05-19 17:43:36'), ('1410', '代金券管理', 'voucher', '*', '代金券管理', '2015-05-19 17:36:01', '2015-05-19 17:43:36'), ('1420', '红包分类', 'redpacktype', '*', '红包分类', '2015-05-19 17:36:01', '2015-05-19 17:43:36'), ('1430', '红包分享', 'vchviewlog', '*', '红包分享', '2015-05-19 17:36:01', '2015-05-19 17:43:36'), ('1440', '红包日志', 'vchsharelog', '*', '红包日志', '2015-05-19 17:36:01', '2015-05-19 17:43:36'), ('1220', '商品类型管理', 'category', '*', '商品类型管理', '2015-05-19 17:35:58', '2015-05-19 17:43:34'), ('1001', '抽奖记录', 'lotteryuser', '*', '抽奖记录', '2015-05-19 17:35:53', '2015-05-19 17:43:28'), ('1501', '网点管理', 'bankagency', '*', '网点管理', '2015-05-19 17:36:01', '2015-05-19 17:43:36'), ('1002', '奖项设置', 'lotteryitem', '*', '奖项设置', '2015-05-19 17:35:53', '2015-05-19 17:43:28');
COMMIT;

-- ----------------------------
--  Table structure for `t_sys_region`
-- ----------------------------
DROP TABLE IF EXISTS `t_sys_region`;
CREATE TABLE `t_sys_region` (
  `ID` bigint(9) NOT NULL DEFAULT '0',
  `AREA_CODE` varchar(8) DEFAULT NULL,
  `REGION_NAME` varchar(40) DEFAULT NULL,
  PRIMARY KEY (`ID`)
) ENGINE=MyISAM DEFAULT CHARSET=utf8;

-- ----------------------------
--  Records of `t_sys_region`
-- ----------------------------
BEGIN;
INSERT INTO `t_sys_region` VALUES ('1770', '211', '朝阳区'), ('1771', '211', '宽城区'), ('1772', '211', '二道区'), ('1773', '211', '南关区'), ('1774', '211', '绿园区'), ('1775', '211', '双阳区'), ('1776', '211', '净月潭开发区'), ('1777', '211', '高新技术开发区'), ('1778', '211', '经济技术开发区'), ('1779', '211', '汽车产业开发区'), ('1780', '211', '德惠市'), ('1781', '211', '九台市'), ('1782', '211', '榆树市'), ('1783', '211', '农安县'), ('1784', '212', '船营区'), ('1785', '212', '昌邑区'), ('1786', '212', '龙潭区'), ('1787', '212', '丰满区'), ('1788', '212', '蛟河市'), ('1789', '212', '桦甸市'), ('1790', '212', '舒兰市'), ('1791', '212', '磐石市'), ('1792', '212', '永吉县'), ('1793', '213', '洮北区'), ('1794', '213', '洮南市'), ('1795', '213', '大安市'), ('1796', '213', '镇赉县'), ('1797', '213', '通榆县'), ('1798', '214', '江源区'), ('1799', '214', '八道江区'), ('1800', '214', '长白'), ('1801', '214', '临江市'), ('1802', '214', '抚松县'), ('1803', '214', '靖宇县'), ('1804', '215', '龙山区'), ('1805', '215', '西安区'), ('1806', '215', '东丰县'), ('1807', '215', '东辽县'), ('1808', '216', '铁西区'), ('1809', '216', '铁东区'), ('1810', '216', '伊通'), ('1811', '216', '公主岭市'), ('1812', '216', '双辽市'), ('1813', '216', '梨树县'), ('1814', '217', '前郭尔罗斯'), ('1815', '217', '宁江区'), ('1816', '217', '长岭县'), ('1817', '217', '乾安县'), ('1818', '217', '扶余县'), ('1819', '218', '东昌区'), ('1820', '218', '二道江区'), ('1821', '218', '梅河口市'), ('1822', '218', '集安市'), ('1823', '218', '通化县'), ('1824', '218', '辉南县'), ('1825', '218', '柳河县'), ('1826', '219', '延吉市'), ('1827', '219', '图们市'), ('1828', '219', '敦化市'), ('1829', '219', '珲春市'), ('1830', '219', '龙井市'), ('1831', '219', '和龙市'), ('1832', '219', '安图县'), ('1833', '219', '汪清县');
COMMIT;

-- ----------------------------
--  Table structure for `t_sys_role`
-- ----------------------------
DROP TABLE IF EXISTS `t_sys_role`;
CREATE TABLE `t_sys_role` (
  `ID` int(9) unsigned NOT NULL AUTO_INCREMENT,
  `NAME` varchar(50) DEFAULT NULL,
  `MENU_CODES` varchar(256) DEFAULT NULL,
  `REMARK` varchar(200) DEFAULT NULL,
  `UPDATE_USER_ID` bigint(9) unsigned DEFAULT NULL,
  `UPDATE_TIME` varchar(14) DEFAULT NULL,
  PRIMARY KEY (`ID`),
  UNIQUE KEY `IDX_NAME` (`NAME`) USING BTREE
) ENGINE=MyISAM AUTO_INCREMENT=8 DEFAULT CHARSET=utf8;

-- ----------------------------
--  Records of `t_sys_role`
-- ----------------------------
BEGIN;
INSERT INTO `t_sys_role` VALUES ('1', '系统管理员', '[1,11,12,2,21,22,23,24,25,3,4,41]', '【系统】超级管理员', '0', '20150213131045'), ('3', '栏目管理员', '[3]', '微官网栏目内容管理员', null, null), ('2', '门店管理员', '[5,51,52,53,54]', '微商城门店管理员', '0', '20150527135242'), ('5', '测试角色', '[1,11,12,2,21,22,23,24,25,4,41]', '测试', '0', '20150624143207'), ('6', '测试角色2', '[1,11,12,2,21,22,23,24,25,3,4,41]', '测试', null, null), ('7', '测试角色4', '[1,11,12,2,21,22,23,24,25]', null, null, null);
COMMIT;

-- ----------------------------
--  Table structure for `t_sys_role_permission`
-- ----------------------------
DROP TABLE IF EXISTS `t_sys_role_permission`;
CREATE TABLE `t_sys_role_permission` (
  `role_id` bigint(9) NOT NULL DEFAULT '0',
  `permission_id` bigint(9) NOT NULL DEFAULT '0',
  PRIMARY KEY (`role_id`,`permission_id`)
) ENGINE=MyISAM DEFAULT CHARSET=utf8;

-- ----------------------------
--  Records of `t_sys_role_permission`
-- ----------------------------
BEGIN;
INSERT INTO `t_sys_role_permission` VALUES ('1', '100'), ('1', '200'), ('1', '300'), ('1', '400'), ('1', '500'), ('1', '600'), ('1', '610'), ('1', '620'), ('1', '630'), ('1', '700'), ('1', '800'), ('1', '900'), ('1', '910'), ('1', '920'), ('1', '1000'), ('1', '1001'), ('1', '1002'), ('1', '1100'), ('1', '1200'), ('1', '1210'), ('1', '1220'), ('1', '1300'), ('1', '1400'), ('1', '1410'), ('1', '1420'), ('1', '1430'), ('1', '1440'), ('1', '1501'), ('2', '610'), ('2', '1100'), ('2', '1200'), ('2', '1210'), ('2', '1300'), ('3', '610'), ('3', '700'), ('3', '802'), ('3', '803'), ('3', '804'), ('3', '805');
COMMIT;

-- ----------------------------
--  Table structure for `t_sys_unit`
-- ----------------------------
DROP TABLE IF EXISTS `t_sys_unit`;
CREATE TABLE `t_sys_unit` (
  `ID` bigint(9) NOT NULL DEFAULT '0',
  `NAME` varchar(100) DEFAULT NULL,
  `AREA_CODE` varchar(8) DEFAULT NULL,
  `UNIT_TYPE` int(1) DEFAULT NULL,
  `REMARK` varchar(200) DEFAULT NULL,
  `FLAG` int(1) DEFAULT NULL,
  `UPDATE_USER_ID` bigint(9) DEFAULT NULL,
  `UPDATE_TIME` varchar(14) DEFAULT NULL,
  `SHOP_ID` bigint(9) DEFAULT NULL,
  PRIMARY KEY (`ID`)
) ENGINE=MyISAM DEFAULT CHARSET=utf8;

-- ----------------------------
--  Records of `t_sys_unit`
-- ----------------------------
BEGIN;
INSERT INTO `t_sys_unit` VALUES ('103', '信息部', '219', '1', null, '0', '0', '20150213131416', '0');
COMMIT;

-- ----------------------------
--  Table structure for `t_sys_user`
-- ----------------------------
DROP TABLE IF EXISTS `t_sys_user`;
CREATE TABLE `t_sys_user` (
  `ID` bigint(9) NOT NULL AUTO_INCREMENT COMMENT '管理用户标识',
  `USER_CODE` varchar(20) DEFAULT NULL COMMENT '登录名',
  `USER_PWD` varchar(60) DEFAULT NULL,
  `USER_NAME` varchar(100) DEFAULT NULL COMMENT '用户显示名称（默认和user_code相同）',
  `EMAIL` varchar(100) DEFAULT NULL,
  `REMARK` varchar(200) DEFAULT NULL COMMENT '备注信息',
  `VALID_TIME` varchar(8) DEFAULT NULL COMMENT '验证时间',
  `CREATE_TIME` varchar(14) DEFAULT NULL COMMENT '创建时间',
  `CHANGE_PWD_TIME` varchar(14) DEFAULT NULL COMMENT '密码最近变更时间',
  `UPDATE_TIME` varchar(14) DEFAULT NULL,
  `UPDATE_USER_ID` bigint(9) DEFAULT NULL COMMENT '修改用户信息的管理员',
  `LOCK_STATUS` int(3) DEFAULT NULL COMMENT '锁定状态  1 -- 锁定  0 -- 未锁定',
  `STATUS` int(3) DEFAULT NULL COMMENT '用户状态 0 -- 正常',
  `FLAG` int(3) DEFAULT NULL COMMENT '用户标记',
  `UNIT_ID` bigint(9) DEFAULT NULL COMMENT '归属部门',
  PRIMARY KEY (`ID`),
  UNIQUE KEY `USER_CODE` (`USER_CODE`)
) ENGINE=MyISAM AUTO_INCREMENT=8 DEFAULT CHARSET=utf8;

-- ----------------------------
--  Records of `t_sys_user`
-- ----------------------------
BEGIN;
INSERT INTO `t_sys_user` VALUES ('0', 'admin', '0192023a7bbd73250516f069df18b500', '超级管理员', 'sdfasd', null, null, null, null, null, null, null, null, null, null), ('1', 'lm001', 'e10adc3949ba59abbe56e057f20f883e', '栏目管理员001', 'lm@admin.com', null, null, '20150520174206', null, null, null, '0', null, '0', null), ('2', 'lm002', 'e10adc3949ba59abbe56e057f20f883e', '栏目管理员002', 'lm002@admin.com', null, null, '20150522122013', null, null, null, '0', null, '0', null), ('3', 'shop001', 'e10adc3949ba59abbe56e057f20f883e', '门店管理员001', 'shop001@admin.cn', null, null, '20150527135349', null, null, null, '0', null, '0', null), ('4', 'shop002', 'e10adc3949ba59abbe56e057f20f883e', '门店管理员002', 'shop002@admin.com', null, null, '20150527135728', null, null, null, '0', null, '0', null), ('5', 'shop003', 'e10adc3949ba59abbe56e057f20f883e', '门店管理员003', 'shop003@admin.cn', null, null, '20150528164025', null, null, null, '0', null, '0', null), ('6', 'test01', '0b4e7a0e5fe84ad35fb5f95b9ceeac79', 'kim', 'sdfad', null, null, '20150624142339', null, null, null, '0', null, '0', null), ('7', 'ttt', '0b4e7a0e5fe84ad35fb5f95b9ceeac79', 'werwer', 'sdfa', null, null, '20150624144443', null, null, null, '0', null, '0', null);
COMMIT;

-- ----------------------------
--  Table structure for `t_sys_user_permission`
-- ----------------------------
DROP TABLE IF EXISTS `t_sys_user_permission`;
CREATE TABLE `t_sys_user_permission` (
  `user_id` bigint(9) NOT NULL DEFAULT '0',
  `permission_id` bigint(9) NOT NULL DEFAULT '0',
  `ids` varchar(64) DEFAULT NULL,
  PRIMARY KEY (`user_id`,`permission_id`)
) ENGINE=MyISAM DEFAULT CHARSET=utf8;

-- ----------------------------
--  Records of `t_sys_user_permission`
-- ----------------------------
BEGIN;
INSERT INTO `t_sys_user_permission` VALUES ('45', '8001', '[1]'), ('4', '1100', '[6]'), ('3', '1100', '[7,5]'), ('5', '1100', '[7,9]'), ('1', '800', '[224,248,253]'), ('2', '800', '[230,232,233]');
COMMIT;

-- ----------------------------
--  Table structure for `t_sys_user_range`
-- ----------------------------
DROP TABLE IF EXISTS `t_sys_user_range`;
CREATE TABLE `t_sys_user_range` (
  `USER_ID` bigint(9) NOT NULL DEFAULT '0',
  `AREA_CODE` varchar(8) NOT NULL DEFAULT '',
  PRIMARY KEY (`USER_ID`,`AREA_CODE`)
) ENGINE=MyISAM DEFAULT CHARSET=utf8;

-- ----------------------------
--  Records of `t_sys_user_range`
-- ----------------------------
BEGIN;
INSERT INTO `t_sys_user_range` VALUES ('1', '');
COMMIT;

-- ----------------------------
--  Table structure for `t_sys_user_role`
-- ----------------------------
DROP TABLE IF EXISTS `t_sys_user_role`;
CREATE TABLE `t_sys_user_role` (
  `USER_ID` bigint(9) NOT NULL DEFAULT '0',
  `ROLE_ID` bigint(9) NOT NULL DEFAULT '0',
  PRIMARY KEY (`USER_ID`,`ROLE_ID`)
) ENGINE=MyISAM DEFAULT CHARSET=utf8;

-- ----------------------------
--  Records of `t_sys_user_role`
-- ----------------------------
BEGIN;
INSERT INTO `t_sys_user_role` VALUES ('0', '1'), ('1', '3'), ('2', '3'), ('3', '2'), ('4', '2'), ('5', '2'), ('6', '5'), ('6', '6'), ('7', '7');
COMMIT;

-- ----------------------------
--  Table structure for `wx_account`
-- ----------------------------
DROP TABLE IF EXISTS `wx_account`;
CREATE TABLE `wx_account` (
  `id` int(11) NOT NULL DEFAULT '0',
  `account_name` varchar(255) DEFAULT NULL,
  `name` varchar(255) DEFAULT NULL,
  `appid` varchar(255) DEFAULT NULL,
  `token` varchar(255) DEFAULT NULL,
  `app_secret` varchar(255) DEFAULT NULL,
  PRIMARY KEY (`id`)
) ENGINE=MyISAM DEFAULT CHARSET=utf8;

-- ----------------------------
--  Records of `wx_account`
-- ----------------------------
BEGIN;
INSERT INTO `wx_account` VALUES ('1', 'xmzlgame', '山西卫视', 'wxba08a98647000606', 'zlgame', '5a75902adcedc48fdd9d472152bdb841');
COMMIT;

-- ----------------------------
--  Table structure for `wx_command`
-- ----------------------------
DROP TABLE IF EXISTS `wx_command`;
CREATE TABLE `wx_command` (
  `id` int(4) NOT NULL AUTO_INCREMENT,
  `keyword` varchar(64) DEFAULT NULL,
  `msg_type` varchar(255) NOT NULL,
  `media_id` varchar(64) DEFAULT NULL,
  `status` tinyint(1) DEFAULT NULL COMMENT '1启用 0未启用',
  `content` varchar(256) DEFAULT NULL,
  `create_time` datetime DEFAULT NULL,
  `type` int(1) NOT NULL,
  `message_id` varchar(20) NOT NULL COMMENT '消息id',
  PRIMARY KEY (`id`)
) ENGINE=MyISAM AUTO_INCREMENT=14 DEFAULT CHARSET=utf8;

-- ----------------------------
--  Records of `wx_command`
-- ----------------------------
BEGIN;
INSERT INTO `wx_command` VALUES ('1', '关注事件', 'text', '0', '0', '您好，欢迎进入此微信平台. \n            --- 长塑之膜，世界之模。', '2015-04-28 13:35:21', '0', '150428115918AMDYNSE'), ('2', 'wx_menu_C2B4FCBC', 'text', '0', '1', '测试', '2015-05-04 11:43:28', '1', '150428115638CTUXNLT'), ('3', 'wx_menu_92391F51', 'text', '0', '1', '请问您有什么需要帮助吗？', '2015-05-04 12:28:27', '1', '150428115918AMDYNSE'), ('4', 'wx_menu_779046F9', 'news', '0', '1', '测试', '2015-05-04 12:29:18', '1', '150504113842FZNMIZR'), ('5', 'wx_menu_EC490EE4', 'news', '0', '1', '测试', '2015-05-04 12:29:50', '1', '150504113842FZNMIZR'), ('6', 'test', 'news', '0', '0', '对外新闻稿', '2015-05-12 18:21:05', '0', '150512172219PMTBXJP'), ('7', 'wx_menu_E21AE56B', 'voice', '0', '1', '测试单图消息', '2015-05-26 13:03:29', '1', '150509194448NUURAIG'), ('8', 'wx_menu_32118382', 'video', '0', '1', '测试视频', '2015-05-26 13:07:05', '1', '150509204726OYXMFKF'), ('9', 'wx_menu_A49D9664', 'voice', '0', '1', '测试音频消息', '2015-05-26 13:11:25', '1', '150509194448NUURAIG'), ('10', 'wx_menu_DA49BFE3', 'voice', '0', '1', '测试音频消息', '2015-05-26 13:16:28', '1', '150509194448NUURAIG'), ('11', 'wx_menu_23D8C478', 'voice', '0', '1', '测试音频消息', '2015-05-26 13:17:30', '1', '150509194448NUURAIG'), ('12', 'wx_menu_1C79CE27', 'voice', '0', '1', '测试音频消息', '2015-05-26 13:37:21', '1', '150509194448NUURAIG'), ('13', 'wx_menu_F19DF521', 'news', '0', '1', '对外新闻稿', '2015-06-10 14:04:17', '1', '150512172219PMTBXJP');
COMMIT;

-- ----------------------------
--  Table structure for `wx_group`
-- ----------------------------
DROP TABLE IF EXISTS `wx_group`;
CREATE TABLE `wx_group` (
  `account_id` int(11) NOT NULL DEFAULT '0',
  `create_time` varchar(14) DEFAULT NULL,
  `group_id` varchar(200) NOT NULL DEFAULT '',
  `group_name` varchar(200) DEFAULT NULL,
  `group_count` int(11) DEFAULT NULL,
  PRIMARY KEY (`account_id`,`group_id`)
) ENGINE=MyISAM DEFAULT CHARSET=utf8;

-- ----------------------------
--  Records of `wx_group`
-- ----------------------------
BEGIN;
INSERT INTO `wx_group` VALUES ('6', '20141111181013', '100', 'test', '0'), ('6', '20141111181013', '2', '星标组', '0'), ('6', '20141111181013', '1', '黑名单', '0'), ('6', '20141111181012', '0', '未分组', '98'), ('5', '20141121144530', '100', 'test', '3'), ('5', '20141121144530', '0', '未分组', '94'), ('5', '20141121144530', '1', '黑名单', '0'), ('5', '20141121144530', '2', '星标组', '0'), ('1', '20150122233435', '0', '未分组', '108'), ('1', '20150122233435', '1', '黑名单', '0'), ('1', '20150122233435', '2', '星标组', '0'), ('1', '20150122233435', '100', 'test', '1'), ('1', '20150122233435', '101', 'newtest', '0');
COMMIT;

-- ----------------------------
--  Table structure for `wx_menu`
-- ----------------------------
DROP TABLE IF EXISTS `wx_menu`;
CREATE TABLE `wx_menu` (
  `id` int(11) unsigned NOT NULL AUTO_INCREMENT,
  `type` varchar(32) DEFAULT NULL COMMENT '菜单类型',
  `parent` int(11) DEFAULT NULL,
  `name` varchar(1000) DEFAULT NULL,
  `key` varchar(128) DEFAULT NULL,
  `url` varchar(256) DEFAULT NULL COMMENT 'type为view, url必须，type为click, key必须',
  `create_time` timestamp NOT NULL DEFAULT CURRENT_TIMESTAMP ON UPDATE CURRENT_TIMESTAMP,
  `pri` tinyint(4) NOT NULL DEFAULT '0',
  PRIMARY KEY (`id`)
) ENGINE=MyISAM AUTO_INCREMENT=17 DEFAULT CHARSET=utf8;

-- ----------------------------
--  Records of `wx_menu`
-- ----------------------------
BEGIN;
INSERT INTO `wx_menu` VALUES ('4', 'view', '3', '技术研发', '', 'http://wxpay.zlgame.cn/wxcs/1_1_0/app.html#/technolog/technologA', '2015-05-27 13:11:35', '0'), ('5', 'view', '3', '产品应用', '', 'http://wxpay.zlgame.cn/wxcs/1_1_0/app.html#/product/productA', '2015-05-27 13:11:38', '0'), ('1', 'view', '0', '微官网', '', 'http://wxpay.zlgame.cn/wxadmin/wxos/client/redirect/app.html#/home', '2015-06-10 14:32:22', '0'), ('2', 'view', '0', '校园招聘', '_default', 'http://2.jszmt.cn/indexm.asp?sceneId=221', '2015-05-27 13:11:28', '0'), ('14', 'view', '13', '薄膜产品', '', 'http://wxpay.zlgame.cn/wxadmin/wxos/client/redirect/app.html#/product/productA', '2015-06-10 15:06:24', '0'), ('13', 'click', '0', '产品', '_default', null, '2015-06-10 14:23:41', '0'), ('15', 'view', '13', '薄膜应用', '', 'http://wxpay.zlgame.cn/wxadmin/wxos/client/redirect/app.html#/product/productB', '2015-06-10 15:07:55', '0'), ('16', 'view', '13', '薄膜分类', '', 'http://wxpay.zlgame.cn/wxadmin/wxos/client/redirect/app.html#/product/productC', '2015-06-10 15:08:02', '0');
COMMIT;

-- ----------------------------
--  Table structure for `xh_headline`
-- ----------------------------
DROP TABLE IF EXISTS `xh_headline`;
CREATE TABLE `xh_headline` (
  `account_id` varchar(255) NOT NULL,
  `title` varchar(2000) DEFAULT NULL,
  `img_url` varchar(2000) DEFAULT NULL,
  PRIMARY KEY (`account_id`),
  KEY `xh_headline_idx1` (`account_id`)
) ENGINE=MyISAM AUTO_INCREMENT=2 DEFAULT CHARSET=utf8;

-- ----------------------------
--  Records of `xh_headline`
-- ----------------------------
BEGIN;
INSERT INTO `xh_headline` VALUES ('1', '留言板12', ''), ('14', '留言板1232', '');
COMMIT;

-- ----------------------------
--  Table structure for `xh_user_question`
-- ----------------------------
DROP TABLE IF EXISTS `xh_user_question`;
CREATE TABLE `xh_user_question` (
  `id` int(11) NOT NULL AUTO_INCREMENT,
  `create_time` varchar(14) DEFAULT NULL,
  `openid` varchar(255) DEFAULT NULL,
  `topic` varchar(255) DEFAULT NULL,
  `content` varchar(1000) DEFAULT NULL,
  `status` int(11) DEFAULT NULL,
  `account_id` int(11) DEFAULT NULL,
  PRIMARY KEY (`id`),
  KEY `xh_user_question_idx1` (`account_id`)
) ENGINE=MyISAM AUTO_INCREMENT=289 DEFAULT CHARSET=utf8;

-- ----------------------------
--  Records of `xh_user_question`
-- ----------------------------
BEGIN;
INSERT INTO `xh_user_question` VALUES ('88', '20141013081307', '', '这是一个测试0', '这是测试的内容这是测试的内容这是测试的内容这是测试的内容这是测试的内容这是测试的内容这是测试的内容这是测试的内容这是测试的内容这是测试的内容这是测试的内容这是测试的内容这是测试的内容这是测试的内容这是测试的内容这是测试的内容这是测试的内容这是测试的内容这是测试的内容这是测试的内容这是测试的内容这是测试容这是测试的内容', '1', '1'), ('89', '20141013081307', '', '这是一个测试1', '这是测试的内容这是测试的内容这是测试的内容这是测试的内容这是测试的内容这是测试的内容这是测试的内容这是测试的内容这是测试的内容这是测试的内容这是测试的内容这是测试的内容这是测试的内容这是测试的内容这是测试的内容这是测试的内容这是测试的内容这是测试的内容这是测试的内容这是测试的内容这是测试的内容这是测试容这是测试的内容', '1', '1'), ('90', '20141013081307', '', '这是一个测试2', '这是测试的内容这是测试的内容这是测试的内容这是测试的内容这是测试的内容这是测试的内容这是测试的内容这是测试的内容这是测试的内容这是测试的内容这是测试的内容这是测试的内容这是测试的内容这是测试的内容这是测试的内容这是测试的内容这是测试的内容这是测试的内容这是测试的内容这是测试的内容这是测试的内容这是测试容这是测试的内容', '1', '1'), ('91', '20141013081307', '', '这是一个测试4', '这是测试的内容这是测试的内容这是测试的内容这是测试的内容这是测试的内容这是测试的内容这是测试的内容这是测试的内容这是测试的内容这是测试的内容这是测试的内容这是测试的内容这是测试的内容这是测试的内容这是测试的内容这是测试的内容这是测试的内容这是测试的内容这是测试的内容这是测试的内容这是测试的内容这是测试容这是测试的内容', '1', '1'), ('92', '20141013081307', '', '这是一个测试5', '这是测试的内容这是测试的内容这是测试的内容这是测试的内容这是测试的内容这是测试的内容这是测试的内容这是测试的内容这是测试的内容这是测试的内容这是测试的内容这是测试的内容这是测试的内容这是测试的内容这是测试的内容这是测试的内容这是测试的内容这是测试的内容这是测试的内容这是测试的内容这是测试的内容这是测试容这是测试的内容', '1', '1'), ('93', '20141013081307', '', '这是一个测试3', '这是测试的内容这是测试的内容这是测试的内容这是测试的内容这是测试的内容这是测试的内容这是测试的内容这是测试的内容这是测试的内容这是测试的内容这是测试的内容这是测试的内容这是测试的内容这是测试的内容这是测试的内容这是测试的内容这是测试的内容这是测试的内容这是测试的内容这是测试的内容这是测试的内容这是测试容这是测试的内容', '1', '1'), ('94', '20141013081307', '', '这是一个测试6', '这是测试的内容这是测试的内容这是测试的内容这是测试的内容这是测试的内容这是测试的内容这是测试的内容这是测试的内容这是测试的内容这是测试的内容这是测试的内容这是测试的内容这是测试的内容这是测试的内容这是测试的内容这是测试的内容这是测试的内容这是测试的内容这是测试的内容这是测试的内容这是测试的内容这是测试容这是测试的内容', '1', '1'), ('95', '20141013081307', '', '这是一个测试7', '这是测试的内容这是测试的内容这是测试的内容这是测试的内容这是测试的内容这是测试的内容这是测试的内容这是测试的内容这是测试的内容这是测试的内容这是测试的内容这是测试的内容这是测试的内容这是测试的内容这是测试的内容这是测试的内容这是测试的内容这是测试的内容这是测试的内容这是测试的内容这是测试的内容这是测试容这是测试的内容', '1', '1'), ('96', '20141013081307', '', '这是一个测试8', '这是测试的内容这是测试的内容这是测试的内容这是测试的内容这是测试的内容这是测试的内容这是测试的内容这是测试的内容这是测试的内容这是测试的内容这是测试的内容这是测试的内容这是测试的内容这是测试的内容这是测试的内容这是测试的内容这是测试的内容这是测试的内容这是测试的内容这是测试的内容这是测试的内容这是测试容这是测试的内容', '1', '1'), ('97', '20141013081307', '', '这是一个测试9', '这是测试的内容这是测试的内容这是测试的内容这是测试的内容这是测试的内容这是测试的内容这是测试的内容这是测试的内容这是测试的内容这是测试的内容这是测试的内容这是测试的内容这是测试的内容这是测试的内容这是测试的内容这是测试的内容这是测试的内容这是测试的内容这是测试的内容这是测试的内容这是测试的内容这是测试容这是测试的内容', '1', '1'), ('98', '20141013081307', '', '这是一个测试10', '这是测试的内容这是测试的内容这是测试的内容这是测试的内容这是测试的内容这是测试的内容这是测试的内容这是测试的内容这是测试的内容这是测试的内容这是测试的内容这是测试的内容这是测试的内容这是测试的内容这是测试的内容这是测试的内容这是测试的内容这是测试的内容这是测试的内容这是测试的内容这是测试的内容这是测试容这是测试的内容', '1', '1'), ('99', '20141013081307', '', '这是一个测试11', '这是测试的内容这是测试的内容这是测试的内容这是测试的内容这是测试的内容这是测试的内容这是测试的内容这是测试的内容这是测试的内容这是测试的内容这是测试的内容这是测试的内容这是测试的内容这是测试的内容这是测试的内容这是测试的内容这是测试的内容这是测试的内容这是测试的内容这是测试的内容这是测试的内容这是测试容这是测试的内容', '1', '1'), ('100', '20141013081307', '', '这是一个测试12', '这是测试的内容这是测试的内容这是测试的内容这是测试的内容这是测试的内容这是测试的内容这是测试的内容这是测试的内容这是测试的内容这是测试的内容这是测试的内容这是测试的内容这是测试的内容这是测试的内容这是测试的内容这是测试的内容这是测试的内容这是测试的内容这是测试的内容这是测试的内容这是测试的内容这是测试容这是测试的内容', '1', '1'), ('101', '20141013081307', '', '这是一个测试13', '这是测试的内容这是测试的内容这是测试的内容这是测试的内容这是测试的内容这是测试的内容这是测试的内容这是测试的内容这是测试的内容这是测试的内容这是测试的内容这是测试的内容这是测试的内容这是测试的内容这是测试的内容这是测试的内容这是测试的内容这是测试的内容这是测试的内容这是测试的内容这是测试的内容这是测试容这是测试的内容', '1', '1'), ('102', '20141013081307', '', '这是一个测试14', '这是测试的内容这是测试的内容这是测试的内容这是测试的内容这是测试的内容这是测试的内容这是测试的内容这是测试的内容这是测试的内容这是测试的内容这是测试的内容这是测试的内容这是测试的内容这是测试的内容这是测试的内容这是测试的内容这是测试的内容这是测试的内容这是测试的内容这是测试的内容这是测试的内容这是测试容这是测试的内容', '1', '1'), ('103', '20141013081307', '', '这是一个测试15', '这是测试的内容这是测试的内容这是测试的内容这是测试的内容这是测试的内容这是测试的内容这是测试的内容这是测试的内容这是测试的内容这是测试的内容这是测试的内容这是测试的内容这是测试的内容这是测试的内容这是测试的内容这是测试的内容这是测试的内容这是测试的内容这是测试的内容这是测试的内容这是测试的内容这是测试容这是测试的内容', '1', '1'), ('104', '20141013081307', '', '这是一个测试16', '这是测试的内容这是测试的内容这是测试的内容这是测试的内容这是测试的内容这是测试的内容这是测试的内容这是测试的内容这是测试的内容这是测试的内容这是测试的内容这是测试的内容这是测试的内容这是测试的内容这是测试的内容这是测试的内容这是测试的内容这是测试的内容这是测试的内容这是测试的内容这是测试的内容这是测试容这是测试的内容', '1', '1'), ('105', '20141013081307', '', '这是一个测试17', '这是测试的内容这是测试的内容这是测试的内容这是测试的内容这是测试的内容这是测试的内容这是测试的内容这是测试的内容这是测试的内容这是测试的内容这是测试的内容这是测试的内容这是测试的内容这是测试的内容这是测试的内容这是测试的内容这是测试的内容这是测试的内容这是测试的内容这是测试的内容这是测试的内容这是测试容这是测试的内容', '1', '1'), ('106', '20141013081307', '', '这是一个测试18', '这是测试的内容这是测试的内容这是测试的内容这是测试的内容这是测试的内容这是测试的内容这是测试的内容这是测试的内容这是测试的内容这是测试的内容这是测试的内容这是测试的内容这是测试的内容这是测试的内容这是测试的内容这是测试的内容这是测试的内容这是测试的内容这是测试的内容这是测试的内容这是测试的内容这是测试容这是测试的内容', '1', '1'), ('107', '20141013081307', '', '这是一个测试19', '这是测试的内容这是测试的内容这是测试的内容这是测试的内容这是测试的内容这是测试的内容这是测试的内容这是测试的内容这是测试的内容这是测试的内容这是测试的内容这是测试的内容这是测试的内容这是测试的内容这是测试的内容这是测试的内容这是测试的内容这是测试的内容这是测试的内容这是测试的内容这是测试的内容这是测试容这是测试的内容', '1', '1'), ('108', '20141013081313', '', '这是一个测试0', '这是测试的内容这是测试的内容这是测试的内容这是测试的内容这是测试的内容这是测试的内容这是测试的内容这是测试的内容这是测试的内容这是测试的内容这是测试的内容这是测试的内容这是测试的内容这是测试的内容这是测试的内容这是测试的内容这是测试的内容这是测试的内容这是测试的内容这是测试的内容这是测试的内容这是测试容这是测试的内容', '1', '1'), ('109', '20141013081313', '', '这是一个测试1', '这是测试的内容这是测试的内容这是测试的内容这是测试的内容这是测试的内容这是测试的内容这是测试的内容这是测试的内容这是测试的内容这是测试的内容这是测试的内容这是测试的内容这是测试的内容这是测试的内容这是测试的内容这是测试的内容这是测试的内容这是测试的内容这是测试的内容这是测试的内容这是测试的内容这是测试容这是测试的内容', '1', '1'), ('110', '20141013081313', '', '这是一个测试2', '这是测试的内容这是测试的内容这是测试的内容这是测试的内容这是测试的内容这是测试的内容这是测试的内容这是测试的内容这是测试的内容这是测试的内容这是测试的内容这是测试的内容这是测试的内容这是测试的内容这是测试的内容这是测试的内容这是测试的内容这是测试的内容这是测试的内容这是测试的内容这是测试的内容这是测试容这是测试的内容', '1', '1'), ('111', '20141013081313', '', '这是一个测试3', '这是测试的内容这是测试的内容这是测试的内容这是测试的内容这是测试的内容这是测试的内容这是测试的内容这是测试的内容这是测试的内容这是测试的内容这是测试的内容这是测试的内容这是测试的内容这是测试的内容这是测试的内容这是测试的内容这是测试的内容这是测试的内容这是测试的内容这是测试的内容这是测试的内容这是测试容这是测试的内容', '1', '1'), ('112', '20141013081313', '', '这是一个测试4', '这是测试的内容这是测试的内容这是测试的内容这是测试的内容这是测试的内容这是测试的内容这是测试的内容这是测试的内容这是测试的内容这是测试的内容这是测试的内容这是测试的内容这是测试的内容这是测试的内容这是测试的内容这是测试的内容这是测试的内容这是测试的内容这是测试的内容这是测试的内容这是测试的内容这是测试容这是测试的内容', '1', '1'), ('113', '20141013081313', '', '这是一个测试5', '这是测试的内容这是测试的内容这是测试的内容这是测试的内容这是测试的内容这是测试的内容这是测试的内容这是测试的内容这是测试的内容这是测试的内容这是测试的内容这是测试的内容这是测试的内容这是测试的内容这是测试的内容这是测试的内容这是测试的内容这是测试的内容这是测试的内容这是测试的内容这是测试的内容这是测试容这是测试的内容', '1', '1'), ('114', '20141013081313', '', '这是一个测试6', '这是测试的内容这是测试的内容这是测试的内容这是测试的内容这是测试的内容这是测试的内容这是测试的内容这是测试的内容这是测试的内容这是测试的内容这是测试的内容这是测试的内容这是测试的内容这是测试的内容这是测试的内容这是测试的内容这是测试的内容这是测试的内容这是测试的内容这是测试的内容这是测试的内容这是测试容这是测试的内容', '1', '1'), ('115', '20141013081313', '', '这是一个测试7', '这是测试的内容这是测试的内容这是测试的内容这是测试的内容这是测试的内容这是测试的内容这是测试的内容这是测试的内容这是测试的内容这是测试的内容这是测试的内容这是测试的内容这是测试的内容这是测试的内容这是测试的内容这是测试的内容这是测试的内容这是测试的内容这是测试的内容这是测试的内容这是测试的内容这是测试容这是测试的内容', '1', '1'), ('116', '20141013081313', '', '这是一个测试8', '这是测试的内容这是测试的内容这是测试的内容这是测试的内容这是测试的内容这是测试的内容这是测试的内容这是测试的内容这是测试的内容这是测试的内容这是测试的内容这是测试的内容这是测试的内容这是测试的内容这是测试的内容这是测试的内容这是测试的内容这是测试的内容这是测试的内容这是测试的内容这是测试的内容这是测试容这是测试的内容', '1', '1'), ('117', '20141013081313', '', '这是一个测试9', '这是测试的内容这是测试的内容这是测试的内容这是测试的内容这是测试的内容这是测试的内容这是测试的内容这是测试的内容这是测试的内容这是测试的内容这是测试的内容这是测试的内容这是测试的内容这是测试的内容这是测试的内容这是测试的内容这是测试的内容这是测试的内容这是测试的内容这是测试的内容这是测试的内容这是测试容这是测试的内容', '1', '1'), ('118', '20141013081313', '', '这是一个测试10', '这是测试的内容这是测试的内容这是测试的内容这是测试的内容这是测试的内容这是测试的内容这是测试的内容这是测试的内容这是测试的内容这是测试的内容这是测试的内容这是测试的内容这是测试的内容这是测试的内容这是测试的内容这是测试的内容这是测试的内容这是测试的内容这是测试的内容这是测试的内容这是测试的内容这是测试容这是测试的内容', '1', '1'), ('119', '20141013081313', '', '这是一个测试11', '这是测试的内容这是测试的内容这是测试的内容这是测试的内容这是测试的内容这是测试的内容这是测试的内容这是测试的内容这是测试的内容这是测试的内容这是测试的内容这是测试的内容这是测试的内容这是测试的内容这是测试的内容这是测试的内容这是测试的内容这是测试的内容这是测试的内容这是测试的内容这是测试的内容这是测试容这是测试的内容', '1', '1'), ('120', '20141013081313', '', '这是一个测试12', '这是测试的内容这是测试的内容这是测试的内容这是测试的内容这是测试的内容这是测试的内容这是测试的内容这是测试的内容这是测试的内容这是测试的内容这是测试的内容这是测试的内容这是测试的内容这是测试的内容这是测试的内容这是测试的内容这是测试的内容这是测试的内容这是测试的内容这是测试的内容这是测试的内容这是测试容这是测试的内容', '1', '1'), ('121', '20141013081313', '', '这是一个测试13', '这是测试的内容这是测试的内容这是测试的内容这是测试的内容这是测试的内容这是测试的内容这是测试的内容这是测试的内容这是测试的内容这是测试的内容这是测试的内容这是测试的内容这是测试的内容这是测试的内容这是测试的内容这是测试的内容这是测试的内容这是测试的内容这是测试的内容这是测试的内容这是测试的内容这是测试容这是测试的内容', '1', '1'), ('122', '20141013081313', '', '这是一个测试14', '这是测试的内容这是测试的内容这是测试的内容这是测试的内容这是测试的内容这是测试的内容这是测试的内容这是测试的内容这是测试的内容这是测试的内容这是测试的内容这是测试的内容这是测试的内容这是测试的内容这是测试的内容这是测试的内容这是测试的内容这是测试的内容这是测试的内容这是测试的内容这是测试的内容这是测试容这是测试的内容', '1', '1'), ('123', '20141013081313', '', '这是一个测试15', '这是测试的内容这是测试的内容这是测试的内容这是测试的内容这是测试的内容这是测试的内容这是测试的内容这是测试的内容这是测试的内容这是测试的内容这是测试的内容这是测试的内容这是测试的内容这是测试的内容这是测试的内容这是测试的内容这是测试的内容这是测试的内容这是测试的内容这是测试的内容这是测试的内容这是测试容这是测试的内容', '1', '1'), ('124', '20141013081313', '', '这是一个测试16', '这是测试的内容这是测试的内容这是测试的内容这是测试的内容这是测试的内容这是测试的内容这是测试的内容这是测试的内容这是测试的内容这是测试的内容这是测试的内容这是测试的内容这是测试的内容这是测试的内容这是测试的内容这是测试的内容这是测试的内容这是测试的内容这是测试的内容这是测试的内容这是测试的内容这是测试容这是测试的内容', '1', '1'), ('125', '20141013081313', '', '这是一个测试17', '这是测试的内容这是测试的内容这是测试的内容这是测试的内容这是测试的内容这是测试的内容这是测试的内容这是测试的内容这是测试的内容这是测试的内容这是测试的内容这是测试的内容这是测试的内容这是测试的内容这是测试的内容这是测试的内容这是测试的内容这是测试的内容这是测试的内容这是测试的内容这是测试的内容这是测试容这是测试的内容', '1', '1'), ('126', '20141013081313', '', '这是一个测试18', '这是测试的内容这是测试的内容这是测试的内容这是测试的内容这是测试的内容这是测试的内容这是测试的内容这是测试的内容这是测试的内容这是测试的内容这是测试的内容这是测试的内容这是测试的内容这是测试的内容这是测试的内容这是测试的内容这是测试的内容这是测试的内容这是测试的内容这是测试的内容这是测试的内容这是测试容这是测试的内容', '1', '1'), ('127', '20141013081313', '', '这是一个测试19', '这是测试的内容这是测试的内容这是测试的内容这是测试的内容这是测试的内容这是测试的内容这是测试的内容这是测试的内容这是测试的内容这是测试的内容这是测试的内容这是测试的内容这是测试的内容这是测试的内容这是测试的内容这是测试的内容这是测试的内容这是测试的内容这是测试的内容这是测试的内容这是测试的内容这是测试容这是测试的内容', '1', '1'), ('128', '20141013081418', '', '二二二二二二0', '这是第二个测试内容这是第二个测试内容这是第二个测试内容这是第二个测试内容这是第二个测试内容这是第二个测试内容这是第二个测试内容这是第二个测试内容这是第二个测试内容这是第二个测试内容这是第二个测试内容这是第二个测试内容这是第二个测试内容这是第二个测试内容这是第二个测试内容这是第二个测试内容这是第二个测试内容这是第二个测试内容这是第二个测试内容这是第二个测试内容这是第二个测试内容这是第二个测试内容', '2', '1'), ('129', '20141013081418', '', '二二二二二二1', '这是第二个测试内容这是第二个测试内容这是第二个测试内容这是第二个测试内容这是第二个测试内容这是第二个测试内容这是第二个测试内容这是第二个测试内容这是第二个测试内容这是第二个测试内容这是第二个测试内容这是第二个测试内容这是第二个测试内容这是第二个测试内容这是第二个测试内容这是第二个测试内容这是第二个测试内容这是第二个测试内容这是第二个测试内容这是第二个测试内容这是第二个测试内容这是第二个测试内容', '2', '1'), ('130', '20141013081418', '', '二二二二二二2', '这是第二个测试内容这是第二个测试内容这是第二个测试内容这是第二个测试内容这是第二个测试内容这是第二个测试内容这是第二个测试内容这是第二个测试内容这是第二个测试内容这是第二个测试内容这是第二个测试内容这是第二个测试内容这是第二个测试内容这是第二个测试内容这是第二个测试内容这是第二个测试内容这是第二个测试内容这是第二个测试内容这是第二个测试内容这是第二个测试内容这是第二个测试内容这是第二个测试内容', '2', '1'), ('131', '20141013081418', '', '二二二二二二3', '这是第二个测试内容这是第二个测试内容这是第二个测试内容这是第二个测试内容这是第二个测试内容这是第二个测试内容这是第二个测试内容这是第二个测试内容这是第二个测试内容这是第二个测试内容这是第二个测试内容这是第二个测试内容这是第二个测试内容这是第二个测试内容这是第二个测试内容这是第二个测试内容这是第二个测试内容这是第二个测试内容这是第二个测试内容这是第二个测试内容这是第二个测试内容这是第二个测试内容', '2', '1'), ('132', '20141013081418', '', '二二二二二二4', '这是第二个测试内容这是第二个测试内容这是第二个测试内容这是第二个测试内容这是第二个测试内容这是第二个测试内容这是第二个测试内容这是第二个测试内容这是第二个测试内容这是第二个测试内容这是第二个测试内容这是第二个测试内容这是第二个测试内容这是第二个测试内容这是第二个测试内容这是第二个测试内容这是第二个测试内容这是第二个测试内容这是第二个测试内容这是第二个测试内容这是第二个测试内容这是第二个测试内容', '2', '1'), ('133', '20141013081418', '', '二二二二二二5', '这是第二个测试内容这是第二个测试内容这是第二个测试内容这是第二个测试内容这是第二个测试内容这是第二个测试内容这是第二个测试内容这是第二个测试内容这是第二个测试内容这是第二个测试内容这是第二个测试内容这是第二个测试内容这是第二个测试内容这是第二个测试内容这是第二个测试内容这是第二个测试内容这是第二个测试内容这是第二个测试内容这是第二个测试内容这是第二个测试内容这是第二个测试内容这是第二个测试内容', '2', '1'), ('134', '20141013081418', '', '二二二二二二6', '这是第二个测试内容这是第二个测试内容这是第二个测试内容这是第二个测试内容这是第二个测试内容这是第二个测试内容这是第二个测试内容这是第二个测试内容这是第二个测试内容这是第二个测试内容这是第二个测试内容这是第二个测试内容这是第二个测试内容这是第二个测试内容这是第二个测试内容这是第二个测试内容这是第二个测试内容这是第二个测试内容这是第二个测试内容这是第二个测试内容这是第二个测试内容这是第二个测试内容', '2', '1'), ('135', '20141013081418', '', '二二二二二二7', '这是第二个测试内容这是第二个测试内容这是第二个测试内容这是第二个测试内容这是第二个测试内容这是第二个测试内容这是第二个测试内容这是第二个测试内容这是第二个测试内容这是第二个测试内容这是第二个测试内容这是第二个测试内容这是第二个测试内容这是第二个测试内容这是第二个测试内容这是第二个测试内容这是第二个测试内容这是第二个测试内容这是第二个测试内容这是第二个测试内容这是第二个测试内容这是第二个测试内容', '2', '1'), ('136', '20141013081418', '', '二二二二二二8', '这是第二个测试内容这是第二个测试内容这是第二个测试内容这是第二个测试内容这是第二个测试内容这是第二个测试内容这是第二个测试内容这是第二个测试内容这是第二个测试内容这是第二个测试内容这是第二个测试内容这是第二个测试内容这是第二个测试内容这是第二个测试内容这是第二个测试内容这是第二个测试内容这是第二个测试内容这是第二个测试内容这是第二个测试内容这是第二个测试内容这是第二个测试内容这是第二个测试内容', '2', '1'), ('137', '20141013081419', '', '二二二二二二9', '这是第二个测试内容这是第二个测试内容这是第二个测试内容这是第二个测试内容这是第二个测试内容这是第二个测试内容这是第二个测试内容这是第二个测试内容这是第二个测试内容这是第二个测试内容这是第二个测试内容这是第二个测试内容这是第二个测试内容这是第二个测试内容这是第二个测试内容这是第二个测试内容这是第二个测试内容这是第二个测试内容这是第二个测试内容这是第二个测试内容这是第二个测试内容这是第二个测试内容', '2', '1'), ('138', '20141013081419', '', '二二二二二二10', '这是第二个测试内容这是第二个测试内容这是第二个测试内容这是第二个测试内容这是第二个测试内容这是第二个测试内容这是第二个测试内容这是第二个测试内容这是第二个测试内容这是第二个测试内容这是第二个测试内容这是第二个测试内容这是第二个测试内容这是第二个测试内容这是第二个测试内容这是第二个测试内容这是第二个测试内容这是第二个测试内容这是第二个测试内容这是第二个测试内容这是第二个测试内容这是第二个测试内容', '2', '1'), ('139', '20141013081419', '', '二二二二二二11', '这是第二个测试内容这是第二个测试内容这是第二个测试内容这是第二个测试内容这是第二个测试内容这是第二个测试内容这是第二个测试内容这是第二个测试内容这是第二个测试内容这是第二个测试内容这是第二个测试内容这是第二个测试内容这是第二个测试内容这是第二个测试内容这是第二个测试内容这是第二个测试内容这是第二个测试内容这是第二个测试内容这是第二个测试内容这是第二个测试内容这是第二个测试内容这是第二个测试内容', '2', '1'), ('140', '20141013081419', '', '二二二二二二12', '这是第二个测试内容这是第二个测试内容这是第二个测试内容这是第二个测试内容这是第二个测试内容这是第二个测试内容这是第二个测试内容这是第二个测试内容这是第二个测试内容这是第二个测试内容这是第二个测试内容这是第二个测试内容这是第二个测试内容这是第二个测试内容这是第二个测试内容这是第二个测试内容这是第二个测试内容这是第二个测试内容这是第二个测试内容这是第二个测试内容这是第二个测试内容这是第二个测试内容', '2', '1'), ('141', '20141013081419', '', '二二二二二二13', '这是第二个测试内容这是第二个测试内容这是第二个测试内容这是第二个测试内容这是第二个测试内容这是第二个测试内容这是第二个测试内容这是第二个测试内容这是第二个测试内容这是第二个测试内容这是第二个测试内容这是第二个测试内容这是第二个测试内容这是第二个测试内容这是第二个测试内容这是第二个测试内容这是第二个测试内容这是第二个测试内容这是第二个测试内容这是第二个测试内容这是第二个测试内容这是第二个测试内容', '2', '1'), ('142', '20141013081419', '', '二二二二二二14', '这是第二个测试内容这是第二个测试内容这是第二个测试内容这是第二个测试内容这是第二个测试内容这是第二个测试内容这是第二个测试内容这是第二个测试内容这是第二个测试内容这是第二个测试内容这是第二个测试内容这是第二个测试内容这是第二个测试内容这是第二个测试内容这是第二个测试内容这是第二个测试内容这是第二个测试内容这是第二个测试内容这是第二个测试内容这是第二个测试内容这是第二个测试内容这是第二个测试内容', '2', '1'), ('143', '20141013081419', '', '二二二二二二15', '这是第二个测试内容这是第二个测试内容这是第二个测试内容这是第二个测试内容这是第二个测试内容这是第二个测试内容这是第二个测试内容这是第二个测试内容这是第二个测试内容这是第二个测试内容这是第二个测试内容这是第二个测试内容这是第二个测试内容这是第二个测试内容这是第二个测试内容这是第二个测试内容这是第二个测试内容这是第二个测试内容这是第二个测试内容这是第二个测试内容这是第二个测试内容这是第二个测试内容', '2', '1'), ('144', '20141013081419', '', '二二二二二二16', '这是第二个测试内容这是第二个测试内容这是第二个测试内容这是第二个测试内容这是第二个测试内容这是第二个测试内容这是第二个测试内容这是第二个测试内容这是第二个测试内容这是第二个测试内容这是第二个测试内容这是第二个测试内容这是第二个测试内容这是第二个测试内容这是第二个测试内容这是第二个测试内容这是第二个测试内容这是第二个测试内容这是第二个测试内容这是第二个测试内容这是第二个测试内容这是第二个测试内容', '2', '1'), ('145', '20141013081419', '', '二二二二二二17', '这是第二个测试内容这是第二个测试内容这是第二个测试内容这是第二个测试内容这是第二个测试内容这是第二个测试内容这是第二个测试内容这是第二个测试内容这是第二个测试内容这是第二个测试内容这是第二个测试内容这是第二个测试内容这是第二个测试内容这是第二个测试内容这是第二个测试内容这是第二个测试内容这是第二个测试内容这是第二个测试内容这是第二个测试内容这是第二个测试内容这是第二个测试内容这是第二个测试内容', '2', '1'), ('146', '20141013081419', '', '二二二二二二18', '这是第二个测试内容这是第二个测试内容这是第二个测试内容这是第二个测试内容这是第二个测试内容这是第二个测试内容这是第二个测试内容这是第二个测试内容这是第二个测试内容这是第二个测试内容这是第二个测试内容这是第二个测试内容这是第二个测试内容这是第二个测试内容这是第二个测试内容这是第二个测试内容这是第二个测试内容这是第二个测试内容这是第二个测试内容这是第二个测试内容这是第二个测试内容这是第二个测试内容', '2', '1'), ('147', '20141013081419', '', '二二二二二二19', '这是第二个测试内容这是第二个测试内容这是第二个测试内容这是第二个测试内容这是第二个测试内容这是第二个测试内容这是第二个测试内容这是第二个测试内容这是第二个测试内容这是第二个测试内容这是第二个测试内容这是第二个测试内容这是第二个测试内容这是第二个测试内容这是第二个测试内容这是第二个测试内容这是第二个测试内容这是第二个测试内容这是第二个测试内容这是第二个测试内容这是第二个测试内容这是第二个测试内容', '2', '1'), ('148', '20141013081419', '', '二二二二二二0', '这是第二个测试内容这是第二个测试内容这是第二个测试内容这是第二个测试内容这是第二个测试内容这是第二个测试内容这是第二个测试内容这是第二个测试内容这是第二个测试内容这是第二个测试内容这是第二个测试内容这是第二个测试内容这是第二个测试内容这是第二个测试内容这是第二个测试内容这是第二个测试内容这是第二个测试内容这是第二个测试内容这是第二个测试内容这是第二个测试内容这是第二个测试内容这是第二个测试内容', '2', '1'), ('149', '20141013081419', '', '二二二二二二1', '这是第二个测试内容这是第二个测试内容这是第二个测试内容这是第二个测试内容这是第二个测试内容这是第二个测试内容这是第二个测试内容这是第二个测试内容这是第二个测试内容这是第二个测试内容这是第二个测试内容这是第二个测试内容这是第二个测试内容这是第二个测试内容这是第二个测试内容这是第二个测试内容这是第二个测试内容这是第二个测试内容这是第二个测试内容这是第二个测试内容这是第二个测试内容这是第二个测试内容', '2', '1'), ('150', '20141013081419', '', '二二二二二二2', '这是第二个测试内容这是第二个测试内容这是第二个测试内容这是第二个测试内容这是第二个测试内容这是第二个测试内容这是第二个测试内容这是第二个测试内容这是第二个测试内容这是第二个测试内容这是第二个测试内容这是第二个测试内容这是第二个测试内容这是第二个测试内容这是第二个测试内容这是第二个测试内容这是第二个测试内容这是第二个测试内容这是第二个测试内容这是第二个测试内容这是第二个测试内容这是第二个测试内容', '2', '1'), ('151', '20141013081419', '', '二二二二二二3', '这是第二个测试内容这是第二个测试内容这是第二个测试内容这是第二个测试内容这是第二个测试内容这是第二个测试内容这是第二个测试内容这是第二个测试内容这是第二个测试内容这是第二个测试内容这是第二个测试内容这是第二个测试内容这是第二个测试内容这是第二个测试内容这是第二个测试内容这是第二个测试内容这是第二个测试内容这是第二个测试内容这是第二个测试内容这是第二个测试内容这是第二个测试内容这是第二个测试内容', '2', '1'), ('152', '20141013081419', '', '二二二二二二4', '这是第二个测试内容这是第二个测试内容这是第二个测试内容这是第二个测试内容这是第二个测试内容这是第二个测试内容这是第二个测试内容这是第二个测试内容这是第二个测试内容这是第二个测试内容这是第二个测试内容这是第二个测试内容这是第二个测试内容这是第二个测试内容这是第二个测试内容这是第二个测试内容这是第二个测试内容这是第二个测试内容这是第二个测试内容这是第二个测试内容这是第二个测试内容这是第二个测试内容', '2', '1'), ('153', '20141013081419', '', '二二二二二二5', '这是第二个测试内容这是第二个测试内容这是第二个测试内容这是第二个测试内容这是第二个测试内容这是第二个测试内容这是第二个测试内容这是第二个测试内容这是第二个测试内容这是第二个测试内容这是第二个测试内容这是第二个测试内容这是第二个测试内容这是第二个测试内容这是第二个测试内容这是第二个测试内容这是第二个测试内容这是第二个测试内容这是第二个测试内容这是第二个测试内容这是第二个测试内容这是第二个测试内容', '2', '1'), ('154', '20141013081419', '', '二二二二二二6', '这是第二个测试内容这是第二个测试内容这是第二个测试内容这是第二个测试内容这是第二个测试内容这是第二个测试内容这是第二个测试内容这是第二个测试内容这是第二个测试内容这是第二个测试内容这是第二个测试内容这是第二个测试内容这是第二个测试内容这是第二个测试内容这是第二个测试内容这是第二个测试内容这是第二个测试内容这是第二个测试内容这是第二个测试内容这是第二个测试内容这是第二个测试内容这是第二个测试内容', '2', '1'), ('155', '20141013081419', '', '二二二二二二7', '这是第二个测试内容这是第二个测试内容这是第二个测试内容这是第二个测试内容这是第二个测试内容这是第二个测试内容这是第二个测试内容这是第二个测试内容这是第二个测试内容这是第二个测试内容这是第二个测试内容这是第二个测试内容这是第二个测试内容这是第二个测试内容这是第二个测试内容这是第二个测试内容这是第二个测试内容这是第二个测试内容这是第二个测试内容这是第二个测试内容这是第二个测试内容这是第二个测试内容', '2', '1'), ('156', '20141013081419', '', '二二二二二二8', '这是第二个测试内容这是第二个测试内容这是第二个测试内容这是第二个测试内容这是第二个测试内容这是第二个测试内容这是第二个测试内容这是第二个测试内容这是第二个测试内容这是第二个测试内容这是第二个测试内容这是第二个测试内容这是第二个测试内容这是第二个测试内容这是第二个测试内容这是第二个测试内容这是第二个测试内容这是第二个测试内容这是第二个测试内容这是第二个测试内容这是第二个测试内容这是第二个测试内容', '2', '1'), ('157', '20141013081419', '', '二二二二二二9', '这是第二个测试内容这是第二个测试内容这是第二个测试内容这是第二个测试内容这是第二个测试内容这是第二个测试内容这是第二个测试内容这是第二个测试内容这是第二个测试内容这是第二个测试内容这是第二个测试内容这是第二个测试内容这是第二个测试内容这是第二个测试内容这是第二个测试内容这是第二个测试内容这是第二个测试内容这是第二个测试内容这是第二个测试内容这是第二个测试内容这是第二个测试内容这是第二个测试内容', '2', '1'), ('158', '20141013081419', '', '二二二二二二10', '这是第二个测试内容这是第二个测试内容这是第二个测试内容这是第二个测试内容这是第二个测试内容这是第二个测试内容这是第二个测试内容这是第二个测试内容这是第二个测试内容这是第二个测试内容这是第二个测试内容这是第二个测试内容这是第二个测试内容这是第二个测试内容这是第二个测试内容这是第二个测试内容这是第二个测试内容这是第二个测试内容这是第二个测试内容这是第二个测试内容这是第二个测试内容这是第二个测试内容', '2', '1'), ('159', '20141013081419', '', '二二二二二二11', '这是第二个测试内容这是第二个测试内容这是第二个测试内容这是第二个测试内容这是第二个测试内容这是第二个测试内容这是第二个测试内容这是第二个测试内容这是第二个测试内容这是第二个测试内容这是第二个测试内容这是第二个测试内容这是第二个测试内容这是第二个测试内容这是第二个测试内容这是第二个测试内容这是第二个测试内容这是第二个测试内容这是第二个测试内容这是第二个测试内容这是第二个测试内容这是第二个测试内容', '2', '1'), ('160', '20141013081419', '', '二二二二二二12', '这是第二个测试内容这是第二个测试内容这是第二个测试内容这是第二个测试内容这是第二个测试内容这是第二个测试内容这是第二个测试内容这是第二个测试内容这是第二个测试内容这是第二个测试内容这是第二个测试内容这是第二个测试内容这是第二个测试内容这是第二个测试内容这是第二个测试内容这是第二个测试内容这是第二个测试内容这是第二个测试内容这是第二个测试内容这是第二个测试内容这是第二个测试内容这是第二个测试内容', '2', '1'), ('161', '20141013081419', '', '二二二二二二13', '这是第二个测试内容这是第二个测试内容这是第二个测试内容这是第二个测试内容这是第二个测试内容这是第二个测试内容这是第二个测试内容这是第二个测试内容这是第二个测试内容这是第二个测试内容这是第二个测试内容这是第二个测试内容这是第二个测试内容这是第二个测试内容这是第二个测试内容这是第二个测试内容这是第二个测试内容这是第二个测试内容这是第二个测试内容这是第二个测试内容这是第二个测试内容这是第二个测试内容', '2', '1'), ('162', '20141013081419', '', '二二二二二二14', '这是第二个测试内容这是第二个测试内容这是第二个测试内容这是第二个测试内容这是第二个测试内容这是第二个测试内容这是第二个测试内容这是第二个测试内容这是第二个测试内容这是第二个测试内容这是第二个测试内容这是第二个测试内容这是第二个测试内容这是第二个测试内容这是第二个测试内容这是第二个测试内容这是第二个测试内容这是第二个测试内容这是第二个测试内容这是第二个测试内容这是第二个测试内容这是第二个测试内容', '2', '1'), ('163', '20141013081419', '', '二二二二二二15', '这是第二个测试内容这是第二个测试内容这是第二个测试内容这是第二个测试内容这是第二个测试内容这是第二个测试内容这是第二个测试内容这是第二个测试内容这是第二个测试内容这是第二个测试内容这是第二个测试内容这是第二个测试内容这是第二个测试内容这是第二个测试内容这是第二个测试内容这是第二个测试内容这是第二个测试内容这是第二个测试内容这是第二个测试内容这是第二个测试内容这是第二个测试内容这是第二个测试内容', '2', '1'), ('164', '20141013081419', '', '二二二二二二16', '这是第二个测试内容这是第二个测试内容这是第二个测试内容这是第二个测试内容这是第二个测试内容这是第二个测试内容这是第二个测试内容这是第二个测试内容这是第二个测试内容这是第二个测试内容这是第二个测试内容这是第二个测试内容这是第二个测试内容这是第二个测试内容这是第二个测试内容这是第二个测试内容这是第二个测试内容这是第二个测试内容这是第二个测试内容这是第二个测试内容这是第二个测试内容这是第二个测试内容', '2', '1'), ('165', '20141013081419', '', '二二二二二二17', '这是第二个测试内容这是第二个测试内容这是第二个测试内容这是第二个测试内容这是第二个测试内容这是第二个测试内容这是第二个测试内容这是第二个测试内容这是第二个测试内容这是第二个测试内容这是第二个测试内容这是第二个测试内容这是第二个测试内容这是第二个测试内容这是第二个测试内容这是第二个测试内容这是第二个测试内容这是第二个测试内容这是第二个测试内容这是第二个测试内容这是第二个测试内容这是第二个测试内容', '2', '1'), ('166', '20141013081419', '', '二二二二二二18', '这是第二个测试内容这是第二个测试内容这是第二个测试内容这是第二个测试内容这是第二个测试内容这是第二个测试内容这是第二个测试内容这是第二个测试内容这是第二个测试内容这是第二个测试内容这是第二个测试内容这是第二个测试内容这是第二个测试内容这是第二个测试内容这是第二个测试内容这是第二个测试内容这是第二个测试内容这是第二个测试内容这是第二个测试内容这是第二个测试内容这是第二个测试内容这是第二个测试内容', '2', '1'), ('167', '20141013081419', '', '二二二二二二19', '这是第二个测试内容这是第二个测试内容这是第二个测试内容这是第二个测试内容这是第二个测试内容这是第二个测试内容这是第二个测试内容这是第二个测试内容这是第二个测试内容这是第二个测试内容这是第二个测试内容这是第二个测试内容这是第二个测试内容这是第二个测试内容这是第二个测试内容这是第二个测试内容这是第二个测试内容这是第二个测试内容这是第二个测试内容这是第二个测试内容这是第二个测试内容这是第二个测试内容', '2', '1'), ('168', '20141013081419', '', '二二二二二二0', '这是第二个测试内容这是第二个测试内容这是第二个测试内容这是第二个测试内容这是第二个测试内容这是第二个测试内容这是第二个测试内容这是第二个测试内容这是第二个测试内容这是第二个测试内容这是第二个测试内容这是第二个测试内容这是第二个测试内容这是第二个测试内容这是第二个测试内容这是第二个测试内容这是第二个测试内容这是第二个测试内容这是第二个测试内容这是第二个测试内容这是第二个测试内容这是第二个测试内容', '2', '1'), ('169', '20141013081419', '', '二二二二二二1', '这是第二个测试内容这是第二个测试内容这是第二个测试内容这是第二个测试内容这是第二个测试内容这是第二个测试内容这是第二个测试内容这是第二个测试内容这是第二个测试内容这是第二个测试内容这是第二个测试内容这是第二个测试内容这是第二个测试内容这是第二个测试内容这是第二个测试内容这是第二个测试内容这是第二个测试内容这是第二个测试内容这是第二个测试内容这是第二个测试内容这是第二个测试内容这是第二个测试内容', '2', '1'), ('170', '20141013081419', '', '二二二二二二2', '这是第二个测试内容这是第二个测试内容这是第二个测试内容这是第二个测试内容这是第二个测试内容这是第二个测试内容这是第二个测试内容这是第二个测试内容这是第二个测试内容这是第二个测试内容这是第二个测试内容这是第二个测试内容这是第二个测试内容这是第二个测试内容这是第二个测试内容这是第二个测试内容这是第二个测试内容这是第二个测试内容这是第二个测试内容这是第二个测试内容这是第二个测试内容这是第二个测试内容', '2', '1'), ('171', '20141013081419', '', '二二二二二二3', '这是第二个测试内容这是第二个测试内容这是第二个测试内容这是第二个测试内容这是第二个测试内容这是第二个测试内容这是第二个测试内容这是第二个测试内容这是第二个测试内容这是第二个测试内容这是第二个测试内容这是第二个测试内容这是第二个测试内容这是第二个测试内容这是第二个测试内容这是第二个测试内容这是第二个测试内容这是第二个测试内容这是第二个测试内容这是第二个测试内容这是第二个测试内容这是第二个测试内容', '2', '1'), ('172', '20141013081419', '', '二二二二二二4', '这是第二个测试内容这是第二个测试内容这是第二个测试内容这是第二个测试内容这是第二个测试内容这是第二个测试内容这是第二个测试内容这是第二个测试内容这是第二个测试内容这是第二个测试内容这是第二个测试内容这是第二个测试内容这是第二个测试内容这是第二个测试内容这是第二个测试内容这是第二个测试内容这是第二个测试内容这是第二个测试内容这是第二个测试内容这是第二个测试内容这是第二个测试内容这是第二个测试内容', '2', '1'), ('173', '20141013081419', '', '二二二二二二5', '这是第二个测试内容这是第二个测试内容这是第二个测试内容这是第二个测试内容这是第二个测试内容这是第二个测试内容这是第二个测试内容这是第二个测试内容这是第二个测试内容这是第二个测试内容这是第二个测试内容这是第二个测试内容这是第二个测试内容这是第二个测试内容这是第二个测试内容这是第二个测试内容这是第二个测试内容这是第二个测试内容这是第二个测试内容这是第二个测试内容这是第二个测试内容这是第二个测试内容', '2', '1'), ('174', '20141013081419', '', '二二二二二二6', '这是第二个测试内容这是第二个测试内容这是第二个测试内容这是第二个测试内容这是第二个测试内容这是第二个测试内容这是第二个测试内容这是第二个测试内容这是第二个测试内容这是第二个测试内容这是第二个测试内容这是第二个测试内容这是第二个测试内容这是第二个测试内容这是第二个测试内容这是第二个测试内容这是第二个测试内容这是第二个测试内容这是第二个测试内容这是第二个测试内容这是第二个测试内容这是第二个测试内容', '2', '1'), ('175', '20141013081419', '', '二二二二二二7', '这是第二个测试内容这是第二个测试内容这是第二个测试内容这是第二个测试内容这是第二个测试内容这是第二个测试内容这是第二个测试内容这是第二个测试内容这是第二个测试内容这是第二个测试内容这是第二个测试内容这是第二个测试内容这是第二个测试内容这是第二个测试内容这是第二个测试内容这是第二个测试内容这是第二个测试内容这是第二个测试内容这是第二个测试内容这是第二个测试内容这是第二个测试内容这是第二个测试内容', '2', '1'), ('176', '20141013081419', '', '二二二二二二8', '这是第二个测试内容这是第二个测试内容这是第二个测试内容这是第二个测试内容这是第二个测试内容这是第二个测试内容这是第二个测试内容这是第二个测试内容这是第二个测试内容这是第二个测试内容这是第二个测试内容这是第二个测试内容这是第二个测试内容这是第二个测试内容这是第二个测试内容这是第二个测试内容这是第二个测试内容这是第二个测试内容这是第二个测试内容这是第二个测试内容这是第二个测试内容这是第二个测试内容', '2', '1'), ('177', '20141013081419', '', '二二二二二二9', '这是第二个测试内容这是第二个测试内容这是第二个测试内容这是第二个测试内容这是第二个测试内容这是第二个测试内容这是第二个测试内容这是第二个测试内容这是第二个测试内容这是第二个测试内容这是第二个测试内容这是第二个测试内容这是第二个测试内容这是第二个测试内容这是第二个测试内容这是第二个测试内容这是第二个测试内容这是第二个测试内容这是第二个测试内容这是第二个测试内容这是第二个测试内容这是第二个测试内容', '2', '1'), ('178', '20141013081419', '', '二二二二二二10', '这是第二个测试内容这是第二个测试内容这是第二个测试内容这是第二个测试内容这是第二个测试内容这是第二个测试内容这是第二个测试内容这是第二个测试内容这是第二个测试内容这是第二个测试内容这是第二个测试内容这是第二个测试内容这是第二个测试内容这是第二个测试内容这是第二个测试内容这是第二个测试内容这是第二个测试内容这是第二个测试内容这是第二个测试内容这是第二个测试内容这是第二个测试内容这是第二个测试内容', '2', '1'), ('179', '20141013081419', '', '二二二二二二11', '这是第二个测试内容这是第二个测试内容这是第二个测试内容这是第二个测试内容这是第二个测试内容这是第二个测试内容这是第二个测试内容这是第二个测试内容这是第二个测试内容这是第二个测试内容这是第二个测试内容这是第二个测试内容这是第二个测试内容这是第二个测试内容这是第二个测试内容这是第二个测试内容这是第二个测试内容这是第二个测试内容这是第二个测试内容这是第二个测试内容这是第二个测试内容这是第二个测试内容', '2', '1'), ('180', '20141013081419', '', '二二二二二二12', '这是第二个测试内容这是第二个测试内容这是第二个测试内容这是第二个测试内容这是第二个测试内容这是第二个测试内容这是第二个测试内容这是第二个测试内容这是第二个测试内容这是第二个测试内容这是第二个测试内容这是第二个测试内容这是第二个测试内容这是第二个测试内容这是第二个测试内容这是第二个测试内容这是第二个测试内容这是第二个测试内容这是第二个测试内容这是第二个测试内容这是第二个测试内容这是第二个测试内容', '2', '1'), ('181', '20141013081419', '', '二二二二二二13', '这是第二个测试内容这是第二个测试内容这是第二个测试内容这是第二个测试内容这是第二个测试内容这是第二个测试内容这是第二个测试内容这是第二个测试内容这是第二个测试内容这是第二个测试内容这是第二个测试内容这是第二个测试内容这是第二个测试内容这是第二个测试内容这是第二个测试内容这是第二个测试内容这是第二个测试内容这是第二个测试内容这是第二个测试内容这是第二个测试内容这是第二个测试内容这是第二个测试内容', '2', '1'), ('182', '20141013081419', '', '二二二二二二14', '这是第二个测试内容这是第二个测试内容这是第二个测试内容这是第二个测试内容这是第二个测试内容这是第二个测试内容这是第二个测试内容这是第二个测试内容这是第二个测试内容这是第二个测试内容这是第二个测试内容这是第二个测试内容这是第二个测试内容这是第二个测试内容这是第二个测试内容这是第二个测试内容这是第二个测试内容这是第二个测试内容这是第二个测试内容这是第二个测试内容这是第二个测试内容这是第二个测试内容', '2', '1'), ('183', '20141013081419', '', '二二二二二二15', '这是第二个测试内容这是第二个测试内容这是第二个测试内容这是第二个测试内容这是第二个测试内容这是第二个测试内容这是第二个测试内容这是第二个测试内容这是第二个测试内容这是第二个测试内容这是第二个测试内容这是第二个测试内容这是第二个测试内容这是第二个测试内容这是第二个测试内容这是第二个测试内容这是第二个测试内容这是第二个测试内容这是第二个测试内容这是第二个测试内容这是第二个测试内容这是第二个测试内容', '2', '1'), ('184', '20141013081419', '', '二二二二二二16', '这是第二个测试内容这是第二个测试内容这是第二个测试内容这是第二个测试内容这是第二个测试内容这是第二个测试内容这是第二个测试内容这是第二个测试内容这是第二个测试内容这是第二个测试内容这是第二个测试内容这是第二个测试内容这是第二个测试内容这是第二个测试内容这是第二个测试内容这是第二个测试内容这是第二个测试内容这是第二个测试内容这是第二个测试内容这是第二个测试内容这是第二个测试内容这是第二个测试内容', '2', '1'), ('185', '20141013081419', '', '二二二二二二17', '这是第二个测试内容这是第二个测试内容这是第二个测试内容这是第二个测试内容这是第二个测试内容这是第二个测试内容这是第二个测试内容这是第二个测试内容这是第二个测试内容这是第二个测试内容这是第二个测试内容这是第二个测试内容这是第二个测试内容这是第二个测试内容这是第二个测试内容这是第二个测试内容这是第二个测试内容这是第二个测试内容这是第二个测试内容这是第二个测试内容这是第二个测试内容这是第二个测试内容', '2', '1'), ('186', '20141013081419', '', '二二二二二二18', '这是第二个测试内容这是第二个测试内容这是第二个测试内容这是第二个测试内容这是第二个测试内容这是第二个测试内容这是第二个测试内容这是第二个测试内容这是第二个测试内容这是第二个测试内容这是第二个测试内容这是第二个测试内容这是第二个测试内容这是第二个测试内容这是第二个测试内容这是第二个测试内容这是第二个测试内容这是第二个测试内容这是第二个测试内容这是第二个测试内容这是第二个测试内容这是第二个测试内容', '2', '1'), ('187', '20141013081419', '', '二二二二二二19', '这是第二个测试内容这是第二个测试内容这是第二个测试内容这是第二个测试内容这是第二个测试内容这是第二个测试内容这是第二个测试内容这是第二个测试内容这是第二个测试内容这是第二个测试内容这是第二个测试内容这是第二个测试内容这是第二个测试内容这是第二个测试内容这是第二个测试内容这是第二个测试内容这是第二个测试内容这是第二个测试内容这是第二个测试内容这是第二个测试内容这是第二个测试内容这是第二个测试内容', '2', '1'), ('188', '20141013082504', '', 'test101', 'test101', '0', '1'), ('189', '20141013093049', '', 'Op', 'O', '0', '1'), ('190', '20141013093207', '', 'Ook', 'Just', '0', '1'), ('191', '20141013093645', '', 'Jon', 'ooo', '0', '1'), ('192', '20141013093646', '', 'Jon', 'ooo', '0', '1'), ('193', '20141013093655', '', 'Jon', 'ooo', '0', '1'), ('194', '20141013093946', '', 'ol,jn', 'Mm', '0', '1'), ('195', '20141013094010', '', 'Jjh', 'kuuj', '0', '1'), ('196', '20141013094113', '', 'Hhb', ',knh', '0', '1'), ('197', '20141013094322', '', '反反复复个', '广告费得到', '1', '1'), ('198', '20141013094615', '', 'asdsad', 'asdasdasd', '0', '1'), ('199', '20141013094637', '', 'asdasdasd', 'asdasdasd', '0', '1'), ('200', '20141013094734', '', 'asdasdasd', 'asdasdasd', '0', '1'), ('201', '20141013094810', '', 'asdasd', 'asdasdasdasdasd', '0', '1'), ('202', '20141013095423', '', '广告费成功', '放入热', '1', '1'), ('203', '20141013105905', '', '各个地方和', 'v GF cc古古怪怪共和国', '0', '1'), ('204', '20141014094722', '', '你好 我发布问题需要出发', '白金汉宫 v 北京警方g白金汉宫 v 北京警方g白金汉宫 v 北京警方g白金汉宫 v 北京警方g白金汉宫 v 北京警方g', '0', '1'), ('205', '20141014101406', '', '高高的', '翠宫饭店好好功夫方法广告反反复复广告反反复复的方法反反复复反反复复个#不各持己见面了！', '0', '1'), ('206', '20141014111049', '', '微来测试', '测试', '0', '1'), ('207', '20141014111221', '', '毕节机场的航班', '请问毕节机场目前有哪些航线和航班？', '0', '1'), ('208', '20141014111228', '', '你好 微在这里', '这里呢', '0', '1'), ('209', '20141014111507', '', '却遇', 'f v b j h g g b n', '0', '1'), ('210', '20141014112420', '', '测试bijiewei', 'asdfasdf', '0', '1'), ('211', '20141014115423', '', 'test1', 'adsafasdfasdf', '0', '6'), ('212', '20141014120713', '', '毕节航班', '毕节机场有哪些航班？都有哪些航线？', '0', '1'), ('213', '20141014124451', '', 'adasdaaaaaaa', 'asdasdasdsadasaaaaaaaaaaaaaaaaaaaaaaaaaaaaa', '0', '6'), ('214', '20141014124652', '', 'adas', 'aaaa', '0', '6'), ('215', '20141014125117', '', 'saas', 'aaaa', '0', '6'), ('216', '20141014125132', '', 'adsadas', 'dasdasdsa', '0', '6'), ('217', '20141014125309', '', 'asdsad', 'asdasdsad', '0', '6'), ('218', '20141014125348', '', 'aa', 'aa', '0', '6'), ('219', '20141014125521', '', 'aa', 'aa', '0', '6'), ('220', '20141014125543', '', 'aa', 'vv', '0', '6'), ('221', '20141014125645', '', 'aaa', 'vvv', '0', '6'), ('222', '20141014125741', '', 'aaa', 'vvv', '0', '6'), ('223', '20141014125751', '', 'vv', 'aa', '0', '6'), ('224', '20141014125856', '', 'aaa', 'vvv', '0', '6'), ('225', '20141014010014', '', 'ASDADASD', 'ASDASDSADSADAD', '0', '6'), ('226', '20141014010129', '', 'aa', 'avvv', '0', '6'), ('227', '20141014010204', '', 'aa', 'vvv', '0', '6'), ('228', '20141014010347', '', 'vvv', 'aaaaa', '0', '1'), ('229', '20141014012441', '', '风风火火', '他仍然得到', '1', '1'), ('230', '20141014012529', '', 'hhj', 'hhgg', '0', '1'), ('231', '20141014013354', '', '毕节哪里好玩', '请问毕节哪里最好玩', '1', '6'), ('232', '20141014013739', '', 'aa', 'aaa', '0', '1'), ('233', '20141014015248', '', '企鹅太阳', '的图了。你就', '0', '6'), ('234', '20141014015438', '', '该公司', '反光板', '0', '1'), ('235', '20141014015522', '', '陈公公', '吧VV学院', '0', '1'), ('236', '20141014020042', '', '毕节', '毕节', '0', '6'), ('237', '20141014022521', '', 'asd', 'asd', '0', '1'), ('238', '20141014023513', '', 'cea', 'cddd', '0', '6'), ('239', '20141014023551', '', 'ddd', 'xxxx', '0', '6'), ('240', '20141014023713', '', '测试未微毕节01问题', '测试未微毕节01问题测试未微毕节01问题测试未微毕节01问题测试未微毕节01问题测试未微毕节01问题测试未微毕节01问题测试未微毕节01问题测试未微毕节01问题测试未微毕节01问题测试未微毕节01问题测试未微毕节01问题测试未微毕节01问题测试未微毕节01问题测试未微毕节01问题测试未微毕节01问题测试未微毕节01问题测试未微毕节01问题测试未微毕节01问题测试未微毕节01问题', '0', '6'), ('241', '20141014023955', '', '测试微毕节02问题', '测试微毕节02问题测试微毕节02问题测试微毕节02问题测试微毕节02问题测试微毕节02问题测试微毕节02问题测试微毕节02问题测试微毕节02问题测试微毕节02问题测试微毕节02问题测试微毕节02问题测试微毕节02问题测试微毕节02问题测试微毕节02问题测试微毕节02问题测试微毕节02问题测试微毕节02问题', '0', '6'), ('242', '20141014144219', '', '测试微毕节03问题', '测试微毕节03问题测试微毕节03问题测试微毕节03问题测试微毕节03问题测试微毕节03问题测试微毕节03问题测试微毕节03问题测试微毕节03问题测试微毕节03问题测试微毕节03问题测试微毕节03问题测试微毕节03问题测试微毕节03问题测试微毕节03问题测试微毕节03问题测试微毕节03问题测试微毕节03问题测试微毕节03问题测试微毕节03问题测试微毕节03问题测试微毕节03问题测试微毕节03问题测试', '0', '6'), ('243', '20141014145239', '', '毕节机场航班', '毕节机场目前有哪些航线？有哪些航班？机票价格如何？', '1', '6'), ('244', '20141014152400', '', 'test', 'test', '0', '1'), ('245', '20141014160140', '', 'hvcf', 'ggff', '0', '1'), ('246', '20141014160437', '', '广告宣传', '移动电话VC', '0', '1'), ('247', '20141014160551', '', 'fgcvb凤飞飞', '通过改革', '0', '1'), ('248', '20141014160734', '', '个非常好', '与公共\n', '0', '1'), ('249', '20141014161116', '', 'a', 'a', '0', '1'), ('250', '20141014161213', '', 'vvv', 'aaa', '0', '1'), ('251', '20141014161349', '', '回到房间', '但很多很多话', '0', '1'), ('252', '20141014161627', '', 'hg', 'ygcdddd\n', '0', '1'), ('253', '20141014162205', '', '好好并不是', '地产股', '0', '1'), ('254', '20141014162309', '', ' 广播', '层次感\nb', '0', '1'), ('255', '20141014165217', '', '刚刚程序', '共同方大同', '0', '1'), ('256', '20141014165232', '', '公共财产不会', '反反复复', '0', '1'), ('257', '20141014171758', '', '公共场合', '刚刚方法', '0', '1'), ('258', '20141015171717', '', 'hgd', 'vfdguh\n', '0', '1'), ('259', '20141015174932', '', '我', '我们的', '0', '1'), ('260', '20141015175134', '', '发的', '日方的 v 方法', '0', '1'), ('261', '20141016164124', '', '啊三大', '的撒大啊', '0', '1'), ('262', '20141016164703', '', '啊三大撒', '的撒打算', '0', '1'), ('263', '20141016164954', '', 'adadw', 'adwadasd', '0', '1'), ('264', '20141016165042', '', 'dsadsa', 'adsadasd', '0', '1'), ('265', '20141016165048', '', 'dsadas', 'dasdas', '0', '1'), ('266', '20141016165054', '', 'dsadasd', 'asdasdsad', '0', '1'), ('267', '20141016165144', '', 'dsadsad', 'dasdassad', '0', '1'), ('268', '20141016165218', '', 'dsadasd', 'asdasdasd', '0', '1'), ('269', '20141016165232', '', 'dsadas', 'dsadasdsa', '0', '1'), ('270', '20141016165258', '', 'dsadasd', 'asdasdasdawdasd', '0', '1'), ('271', '20141016165355', '', 'dsadasd', 'asdasdasd', '0', '1'), ('272', '20141016165416', '', 'dsadasd', 'asdasdasd', '0', '1'), ('273', '20141016165459', '', 'dsadasd', 'sdadasads', '0', '1'), ('274', '20141016165530', '', 'dsadas', 'dasdasdas', '0', '1'), ('275', '20141016165542', '', 'asdasdas', 'dasasdads', '0', '1'), ('276', '20141016173957', '', '4455', '叉。', '0', '1'), ('277', '20141016181801', '', 'asdasdasd', 'dsadasdasdasd', '0', '1'), ('278', '20141016224937', '', '毕节考驾照比一线城市都鬼', '毕节考驾照怎么这样慢', '0', '6'), ('279', '20141017115746', '', '我的问题', 'No,你好', '0', '1'), ('280', '20141017150526', '', '特岗考试', '就是问一下特岗信息技术专业的毕节市15年会多吗？', '0', '6'), ('281', '20141017213829', '', '请问邓诗钢能喝两斤酒吗？', '请问邓诗钢能喝两斤酒吗？', '0', '6'), ('282', '20141021194743', '', '毕节', '未来5年的毕节会是什么样', '0', '6'), ('283', '20141023213116', '', '丰富', '图文并茂乃最佳，但图片太少，质感粗糙！', '0', '6'), ('284', '20141024094705', '', '尊敬的市委政府：', '农村修村公路占用村民的荒山田土为何迟迟不能解决？\n\n\n', '0', '6'), ('285', '20141024130144', '', '好好功夫', '广泛的\n\n', '1', '1'), ('286', '20141024190542', '', '你好', '这是什么\n', '0', '6'), ('287', '20141025225059', '', '毕节生机高速什么时候通？', '在泸州做生意、很想了解毕节至生机的路旷？', '0', '6'), ('288', '20141027163140', '', '报告', '结婚\n', '0', '6');
COMMIT;

-- ----------------------------
--  Table structure for `xh_weibo`
-- ----------------------------
DROP TABLE IF EXISTS `xh_weibo`;
CREATE TABLE `xh_weibo` (
  `id` int(11) NOT NULL AUTO_INCREMENT,
  `name` varchar(255) DEFAULT NULL,
  `url` varchar(1024) DEFAULT NULL,
  `weibo_id` varchar(255) DEFAULT NULL,
  `img_url` varchar(1024) DEFAULT NULL,
  `account_id` int(11) DEFAULT NULL,
  `create_time` varchar(20) DEFAULT NULL,
  `type` int(2) NOT NULL DEFAULT '0',
  PRIMARY KEY (`id`),
  KEY `wh_weibo_idx1` (`account_id`)
) ENGINE=MyISAM AUTO_INCREMENT=117 DEFAULT CHARSET=utf8 COMMENT='type: 0微博,1微视,2微信';

-- ----------------------------
--  Records of `xh_weibo`
-- ----------------------------
BEGIN;
INSERT INTO `xh_weibo` VALUES ('108', '家有喜事', 'http://mp.weixin.qq.com/mp/getmasssendmsg?__biz=MjM5MTcyNjA3Ng==#wechat_webview_type=1&wechat_redirect', 'jyxs66666', 'shop/201502/108/20150209183800_cYQM.jpg', '1', '20150209183313', '2'), ('109', '大剧双刃剑', 'http://mp.weixin.qq.com/mp/getmasssendmsg?__biz=MzA5MTMwOTIzMA==#wechat_webview_type=1&wechat_redirect', 'sxtv_youjiang', 'shop/201502/109/20150209183752_EqmF.jpg', '1', '20150209183358', '2'), ('110', '天眼', 'http://mp.weixin.qq.com/mp/getmasssendmsg?__biz=MzA3NDMwOTEzNA==#wechat_webview_type=1&wechat_redirect', 'sxwsty', 'shop/20150209183830789//20150209183830_oVAL.jpg', '1', '20150209183830', '2'), ('111', '老梁故事汇', 'http://mp.weixin.qq.com/mp/getmasssendmsg?__biz=MzA3MTMwODQzMw==#wechat_webview_type=1&wechat_redirect', 'laolianggsh', 'shop/20150209183858508//20150209183858_LzKS.jpg', '1', '20150209183858', '2'), ('112', '歌从黄河来', 'http://mp.weixin.qq.com/mp/getmasssendmsg?__biz=MjM5MTA5MTgyNg==#wechat_webview_type=1&wechat_redirect', 'sxtv-gchhl', 'shop/20150209183916967//20150209183916_PZKn.jpg', '1', '20150209183916', '2'), ('113', '美的故事', 'http://mp.weixin.qq.com/mp/getmasssendmsg?__biz=MzAxOTAxOTUxNA==#wechat_webview_type=1&wechat_redirect ', 'sxtvmdgs', 'shop/20150211144007211//20150211144007_fdGO.jpg', '1', '20150211144007', '2'), ('114', '山西卫视万人俱乐部', 'http://mp.weixin.qq.com/mp/getmasssendmsg?__biz=MjM5MjAxODMxNg==#wechat_webview_type=1&wechat_redirect ', 'sxtv_club', 'shop/20150211144038722//20150211144038_duIW.jpg', '1', '20150211144038', '2'), ('115', '冲关大峡谷', 'http://mp.weixin.qq.com/mp/getmasssendmsg?__biz=MzA4Nzc2NjYwNw==#wechat_webview_type=1&wechat_redirect ', 'sxtv-cgdxg', 'shop/20150211144103271//20150211144103_KQLX.jpg', '1', '20150211144103', '2'), ('116', '我是停车王', 'http://mp.weixin.qq.com/mp/getmasssendmsg?__biz=MzA4Nzc2NjYwNw==#wechat_webview_type=1&wechat_redirect', 'woshitingchewang', 'shop/20150211144128946//20150211144128_ixZg.jpg', '1', '20150211144128', '2');
COMMIT;

SET FOREIGN_KEY_CHECKS = 1;
